match_number,round,first_team,second_team,pairing_probability,first_advancement_probability,second_advancement_probability,simulation_count,most_likely_advancing_team,most_likely_advancement_probability
73,round_of_32,South Korea,Canada,0.1025,0.464224153464603,0.535775846535397,205,Canada,0.535775846535397
73,round_of_32,South Korea,Switzerland,0.101,0.3753266834019272,0.6246733165980727,202,Switzerland,0.6246733165980727
73,round_of_32,Mexico,Canada,0.096,0.6088294512532392,0.3911705487467608,192,Mexico,0.6088294512532392
73,round_of_32,South Korea,Bosnia and Herzegovina,0.095,0.7555221285344624,0.2444778714655375,190,South Korea,0.7555221285344624
73,round_of_32,Mexico,Switzerland,0.0835,0.5169743915568549,0.4830256084431451,167,Mexico,0.5169743915568549
73,round_of_32,South Korea,Qatar,0.08,0.8739099313954157,0.1260900686045842,160,South Korea,0.8739099313954157
73,round_of_32,Mexico,Bosnia and Herzegovina,0.0685,0.8431218810827182,0.1568781189172817,137,Mexico,0.8431218810827182
73,round_of_32,Mexico,Qatar,0.061,0.9193068692229216,0.0806931307770782,122,Mexico,0.9193068692229216
73,round_of_32,Czech Republic,Canada,0.0605,0.4023507594094049,0.5976492405905951,121,Canada,0.5976492405905951
73,round_of_32,Czech Republic,Switzerland,0.0525,0.319659939553636,0.6803400604463641,105,Switzerland,0.6803400604463641
73,round_of_32,Czech Republic,Bosnia and Herzegovina,0.05,0.7070320179953374,0.2929679820046625,100,Czech Republic,0.7070320179953374
73,round_of_32,Czech Republic,Qatar,0.0355,0.8462314710303535,0.1537685289696465,71,Czech Republic,0.8462314710303535
73,round_of_32,South Africa,Switzerland,0.033,0.1614783724485035,0.8385216275514964,66,Switzerland,0.8385216275514964
73,round_of_32,South Africa,Canada,0.03,0.2063176863550135,0.7936823136449864,60,Canada,0.7936823136449864
73,round_of_32,South Africa,Bosnia and Herzegovina,0.029,0.4681967377689299,0.53180326223107,58,Bosnia and Herzegovina,0.53180326223107
73,round_of_32,South Africa,Qatar,0.022,0.6703769712082033,0.3296230287917967,44,South Africa,0.6703769712082033
74,round_of_32,Germany,Turkey,0.1055,0.6749367426531977,0.3250632573468023,211,Germany,0.6749367426531977
74,round_of_32,Ivory Coast,Turkey,0.084,0.4647815858978095,0.5352184141021905,168,Turkey,0.5352184141021905
74,round_of_32,Germany,Scotland,0.076,0.7555409884958941,0.2444590115041058,152,Germany,0.7555409884958941
74,round_of_32,Ivory Coast,Scotland,0.0755,0.563161672031212,0.4368383279687879,151,Ivory Coast,0.563161672031212
74,round_of_32,Ivory Coast,United States,0.0705,0.5178188590487883,0.4821811409512117,141,Ivory Coast,0.5178188590487883
74,round_of_32,Germany,United States,0.065,0.7218320505053278,0.2781679494946721,130,Germany,0.7218320505053278
74,round_of_32,Germany,Haiti,0.0565,0.8837624956925296,0.1162375043074703,113,Germany,0.8837624956925296
74,round_of_32,Germany,Brazil,0.054,0.4876162113063225,0.5123837886936775,108,Brazil,0.5123837886936775
74,round_of_32,Ivory Coast,Haiti,0.0525,0.7867870873423854,0.2132129126576145,105,Ivory Coast,0.7867870873423854
74,round_of_32,Ivory Coast,Brazil,0.052,0.2959018842559336,0.7040981157440664,104,Brazil,0.7040981157440664
74,round_of_32,Germany,Paraguay,0.045,0.7872708948538292,0.2127291051461708,90,Germany,0.7872708948538292
74,round_of_32,Ivory Coast,Paraguay,0.0375,0.598347667993163,0.401652332006837,75,Ivory Coast,0.598347667993163
74,round_of_32,Germany,Morocco,0.037,0.5211273502627868,0.4788726497372132,74,Germany,0.5211273502627868
74,round_of_32,Ivory Coast,Morocco,0.03,0.3205262957305357,0.6794737042694643,60,Morocco,0.6794737042694643
74,round_of_32,Germany,Australia,0.0235,0.6822081450214091,0.3177918549785908,47,Germany,0.6822081450214091
74,round_of_32,Ivory Coast,Australia,0.023,0.4761610312545742,0.5238389687454257,46,Australia,0.5238389687454257
74,round_of_32,Germany,Sweden,0.019,0.7893691122294695,0.2106308877705305,38,Germany,0.7893691122294695
74,round_of_32,Ivory Coast,Sweden,0.018,0.6051646775414485,0.3948353224585514,36,Ivory Coast,0.6051646775414485
74,round_of_32,Germany,Netherlands,0.0085,0.5460151866986873,0.4539848133013127,17,Germany,0.5460151866986873
74,round_of_32,Ivory Coast,Japan,0.007,0.3325715096107321,0.6674284903892679,14,Japan,0.6674284903892679
74,round_of_32,Ivory Coast,Netherlands,0.0065,0.3424191303835512,0.6575808696164488,13,Netherlands,0.6575808696164488
74,round_of_32,Ecuador,Turkey,0.0045,0.5571738764214563,0.4428261235785437,9,Ecuador,0.5571738764214563
74,round_of_32,Germany,Tunisia,0.0045,0.8845449183680919,0.1154550816319081,9,Germany,0.8845449183680919
74,round_of_32,Ivory Coast,Tunisia,0.0045,0.7686092566740709,0.2313907433259291,9,Ivory Coast,0.7686092566740709
74,round_of_32,Germany,South Africa,0.004,0.8947871525449819,0.1052128474550181,8,Germany,0.8947871525449819
74,round_of_32,Ecuador,United States,0.0035,0.6089072335013233,0.3910927664986767,7,Ecuador,0.6089072335013233
74,round_of_32,Germany,Czech Republic,0.0035,0.7820687129277106,0.2179312870722893,7,Germany,0.7820687129277106
74,round_of_32,Germany,Japan,0.0035,0.535246468333593,0.464753531666407,7,Germany,0.535246468333593
74,round_of_32,Germany,South Korea,0.0035,0.7355023979403271,0.2644976020596729,7,Germany,0.7355023979403271
74,round_of_32,Germany,Mexico,0.0025,0.6076798355921814,0.3923201644078186,5,Germany,0.6076798355921814
74,round_of_32,Ivory Coast,Czech Republic,0.0025,0.6055726963485344,0.3944273036514656,5,Ivory Coast,0.6055726963485344
74,round_of_32,Ivory Coast,South Africa,0.0025,0.802557287391566,0.197442712608434,5,Ivory Coast,0.802557287391566
74,round_of_32,Ecuador,Haiti,0.0015,0.8282424120994293,0.1717575879005707,3,Ecuador,0.8282424120994293
74,round_of_32,Ecuador,Scotland,0.0015,0.6533163368954198,0.3466836631045802,3,Ecuador,0.6533163368954198
74,round_of_32,Ivory Coast,Mexico,0.0015,0.3957504660290157,0.6042495339709844,3,Mexico,0.6042495339709844
74,round_of_32,Ivory Coast,South Korea,0.0015,0.5414912081606905,0.4585087918393095,3,Ivory Coast,0.5414912081606905
74,round_of_32,Ecuador,Morocco,0.001,0.4219901537552374,0.5780098462447626,2,Morocco,0.5780098462447626
74,round_of_32,Ecuador,Sweden,0.001,0.6884157325356348,0.3115842674643652,2,Ecuador,0.6884157325356348
74,round_of_32,Ecuador,Tunisia,0.001,0.8224427061054931,0.1775572938945069,2,Ecuador,0.8224427061054931
74,round_of_32,Curaçao,Australia,0.0005,0.1188511036461292,0.8811488963538707,1,Australia,0.8811488963538707
74,round_of_32,Curaçao,Brazil,0.0005,0.0718224656405464,0.9281775343594536,1,Brazil,0.9281775343594536
74,round_of_32,Curaçao,Haiti,0.0005,0.3315493925864266,0.6684506074135734,1,Haiti,0.6684506074135734
74,round_of_32,Curaçao,Scotland,0.0005,0.1607686932528165,0.8392313067471835,1,Scotland,0.8392313067471835
74,round_of_32,Curaçao,Sweden,0.0005,0.1874466105173027,0.8125533894826973,1,Sweden,0.8125533894826973
74,round_of_32,Curaçao,United States,0.0005,0.1446299045424167,0.8553700954575834,1,United States,0.8553700954575834
74,round_of_32,Ecuador,Brazil,0.0005,0.3679648436825006,0.6320351563174994,1,Brazil,0.6320351563174994
74,round_of_32,Ecuador,Paraguay,0.0005,0.6890252697950355,0.3109747302049644,1,Ecuador,0.6890252697950355
74,round_of_32,Ecuador,South Africa,0.0005,0.8452963578219163,0.1547036421780837,1,Ecuador,0.8452963578219163
74,round_of_32,Ivory Coast,Qatar,0.0005,0.8936332215102235,0.1063667784897764,1,Ivory Coast,0.8936332215102235
74,round_of_32,Ivory Coast,Switzerland,0.0005,0.4155776500850098,0.5844223499149901,1,Switzerland,0.5844223499149901
75,round_of_32,Japan,Brazil,0.142,0.4489178482080859,0.5510821517919141,284,Brazil,0.5510821517919141
75,round_of_32,Japan,Morocco,0.122,0.4884458508633549,0.5115541491366451,244,Morocco,0.5115541491366451
75,round_of_32,Netherlands,Morocco,0.119,0.4800069469996931,0.519993053000307,238,Morocco,0.519993053000307
75,round_of_32,Netherlands,Brazil,0.11,0.4417286965171518,0.5582713034828481,220,Brazil,0.5582713034828481
75,round_of_32,Japan,Scotland,0.1085,0.7252664969380924,0.2747335030619076,217,Japan,0.7252664969380924
75,round_of_32,Netherlands,Scotland,0.1015,0.7189154293640287,0.2810845706359712,203,Netherlands,0.7189154293640287
75,round_of_32,Sweden,Brazil,0.0765,0.208523800851896,0.791476199148104,153,Brazil,0.791476199148104
75,round_of_32,Sweden,Morocco,0.064,0.235660359825345,0.7643396401746549,128,Morocco,0.7643396401746549
75,round_of_32,Sweden,Scotland,0.0595,0.4574699658087607,0.5425300341912394,119,Scotland,0.5425300341912394
75,round_of_32,Japan,Haiti,0.0335,0.8740795103234311,0.1259204896765688,67,Japan,0.8740795103234311
75,round_of_32,Netherlands,Haiti,0.0275,0.8631898236161952,0.1368101763838047,55,Netherlands,0.8631898236161952
75,round_of_32,Sweden,Haiti,0.018,0.6942284666417015,0.3057715333582985,36,Sweden,0.6942284666417015
75,round_of_32,Tunisia,Morocco,0.006,0.1236903502660048,0.8763096497339952,12,Morocco,0.8763096497339952
75,round_of_32,Tunisia,Scotland,0.006,0.2816730818897299,0.71832691811027,12,Scotland,0.71832691811027
75,round_of_32,Tunisia,Brazil,0.0045,0.1200158757811552,0.8799841242188448,9,Brazil,0.8799841242188448
75,round_of_32,Tunisia,Haiti,0.0015,0.5262172168682877,0.4737827831317123,3,Tunisia,0.5262172168682877
76,round_of_32,Morocco,Netherlands,0.1845,0.519993053000307,0.480006946999693,369,Morocco,0.519993053000307
76,round_of_32,Morocco,Japan,0.17,0.5115541491366451,0.4884458508633549,340,Morocco,0.5115541491366451
76,round_of_32,Morocco,Sweden,0.1275,0.7643396401746549,0.235660359825345,255,Morocco,0.7643396401746549
76,round_of_32,Scotland,Netherlands,0.0935,0.2810845706359711,0.718915429364029,187,Netherlands,0.718915429364029
76,round_of_32,Scotland,Japan,0.0895,0.2747335030619076,0.7252664969380924,179,Japan,0.7252664969380924
76,round_of_32,Brazil,Japan,0.081,0.5510821517919142,0.4489178482080858,162,Brazil,0.5510821517919142
76,round_of_32,Brazil,Netherlands,0.0795,0.5582713034828483,0.4417286965171517,159,Brazil,0.5582713034828483
76,round_of_32,Brazil,Sweden,0.057,0.7914761991481041,0.2085238008518959,114,Brazil,0.7914761991481041
76,round_of_32,Scotland,Sweden,0.0535,0.5425300341912394,0.4574699658087606,107,Scotland,0.5425300341912394
76,round_of_32,Haiti,Netherlands,0.0215,0.1368101763838048,0.8631898236161952,43,Netherlands,0.8631898236161952
76,round_of_32,Haiti,Japan,0.0145,0.1259204896765688,0.8740795103234311,29,Japan,0.8740795103234311
76,round_of_32,Haiti,Sweden,0.012,0.3057715333582986,0.6942284666417013,24,Sweden,0.6942284666417013
76,round_of_32,Morocco,Tunisia,0.007,0.8763096497339952,0.1236903502660048,14,Morocco,0.8763096497339952
76,round_of_32,Scotland,Tunisia,0.006,0.7183269181102702,0.2816730818897298,12,Scotland,0.7183269181102702
76,round_of_32,Brazil,Tunisia,0.0025,0.8799841242188445,0.1200158757811554,5,Brazil,0.8799841242188445
76,round_of_32,Haiti,Tunisia,0.0005,0.4737827831317122,0.5262172168682877,1,Tunisia,0.5262172168682877
77,round_of_32,Norway,Sweden,0.1335,0.7510767011821896,0.2489232988178104,267,Norway,0.7510767011821896
77,round_of_32,Senegal,Sweden,0.105,0.6064375842150526,0.3935624157849474,210,Senegal,0.6064375842150526
77,round_of_32,France,Sweden,0.0805,0.8333386363381288,0.1666613636618712,161,France,0.8333386363381288
77,round_of_32,Norway,Netherlands,0.0515,0.4941554462933903,0.5058445537066096,103,Netherlands,0.5058445537066096
77,round_of_32,Norway,Japan,0.047,0.4834182770570667,0.5165817229429333,94,Japan,0.5165817229429333
77,round_of_32,Senegal,Japan,0.046,0.3322791248322185,0.6677208751677814,92,Japan,0.6677208751677814
77,round_of_32,Senegal,Netherlands,0.0395,0.3425336358894176,0.6574663641105825,79,Netherlands,0.6574663641105825
77,round_of_32,Norway,Tunisia,0.0325,0.8639059098715294,0.1360940901284706,65,Norway,0.8639059098715294
77,round_of_32,France,Netherlands,0.0295,0.6228921868698374,0.3771078131301626,59,France,0.6228921868698374
77,round_of_32,France,Japan,0.028,0.614067141987339,0.385932858012661,56,France,0.614067141987339
77,round_of_32,Norway,Turkey,0.0265,0.6261466685747529,0.3738533314252471,53,Norway,0.6261466685747529
77,round_of_32,Norway,United States,0.025,0.6763808632370946,0.3236191367629054,50,Norway,0.6763808632370946
77,round_of_32,Senegal,Turkey,0.0235,0.4658145140737675,0.5341854859262325,47,Turkey,0.5341854859262325
77,round_of_32,Senegal,Tunisia,0.0215,0.7692270928697634,0.2307729071302365,43,Senegal,0.7692270928697634
77,round_of_32,Iraq,Sweden,0.018,0.3195621621998558,0.6804378378001442,36,Sweden,0.6804378378001442
77,round_of_32,France,Tunisia,0.017,0.9042849485312916,0.0957150514687085,34,France,0.9042849485312916
77,round_of_32,Norway,Egypt,0.015,0.7588695240965712,0.2411304759034288,30,Norway,0.7588695240965712
77,round_of_32,France,Turkey,0.013,0.7388453669217105,0.2611546330782894,26,France,0.7388453669217105
77,round_of_32,Senegal,Iran,0.0125,0.4896034543251663,0.5103965456748337,25,Iran,0.5103965456748337
77,round_of_32,France,United States,0.011,0.7785066247706719,0.2214933752293281,22,France,0.7785066247706719
77,round_of_32,Norway,Iran,0.011,0.6441188672606941,0.3558811327393059,22,Norway,0.6441188672606941
77,round_of_32,Norway,New Zealand,0.0105,0.8857611913189621,0.1142388086810378,21,Norway,0.8857611913189621
77,round_of_32,Norway,Belgium,0.01,0.4872773310783438,0.5127226689216562,20,Belgium,0.5127226689216562
77,round_of_32,France,Egypt,0.0095,0.8317953957546352,0.1682046042453647,19,France,0.8317953957546352
77,round_of_32,Norway,Uruguay,0.0095,0.6376019105087947,0.3623980894912053,19,Norway,0.6376019105087947
77,round_of_32,Senegal,Egypt,0.0095,0.6253567545147501,0.3746432454852498,19,Senegal,0.6253567545147501
77,round_of_32,Senegal,United States,0.0095,0.5190088825885003,0.4809911174114997,19,Senegal,0.5190088825885003
77,round_of_32,Senegal,Paraguay,0.008,0.600055297473493,0.399944702526507,16,Senegal,0.600055297473493
77,round_of_32,France,Iran,0.0075,0.7462419432453634,0.2537580567546366,15,France,0.7462419432453634
77,round_of_32,Norway,Paraguay,0.0075,0.7471978551299108,0.2528021448700892,15,Norway,0.7471978551299108
77,round_of_32,France,New Zealand,0.007,0.9175489909424144,0.0824510090575857,14,France,0.9175489909424144
77,round_of_32,France,Paraguay,0.007,0.8351638589614918,0.1648361410385082,14,France,0.8351638589614918
77,round_of_32,Senegal,New Zealand,0.007,0.8035121065793353,0.1964878934206647,14,Senegal,0.8035121065793353
77,round_of_32,France,Belgium,0.0065,0.6154139434718525,0.3845860565281475,13,France,0.6154139434718525
77,round_of_32,Iraq,Tunisia,0.0065,0.5028050896301888,0.4971949103698112,13,Iraq,0.5028050896301888
77,round_of_32,Senegal,Australia,0.0065,0.4766844207920677,0.5233155792079323,13,Australia,0.5233155792079323
77,round_of_32,Iraq,Japan,0.006,0.1341417297886538,0.8658582702113462,12,Japan,0.8658582702113462
77,round_of_32,Iraq,Netherlands,0.006,0.1404725820298626,0.8595274179701374,12,Netherlands,0.8595274179701374
77,round_of_32,Senegal,Belgium,0.006,0.3363724694824379,0.6636275305175621,12,Belgium,0.6636275305175621
77,round_of_32,Senegal,Saudi Arabia,0.006,0.7944506713098071,0.2055493286901929,12,Senegal,0.7944506713098071
77,round_of_32,Senegal,Uruguay,0.006,0.4759842185574694,0.5240157814425306,12,Uruguay,0.5240157814425306
77,round_of_32,France,Saudi Arabia,0.0055,0.9157929781313726,0.0842070218686273,11,France,0.9157929781313726
77,round_of_32,Norway,Australia,0.0055,0.6353705199690232,0.3646294800309768,11,Norway,0.6353705199690232
77,round_of_32,Norway,Cape Verde,0.0055,0.8920292593344769,0.1079707406655231,11,Norway,0.8920292593344769
77,round_of_32,Iraq,Egypt,0.0045,0.3400915075141187,0.6599084924858812,9,Egypt,0.6599084924858812
77,round_of_32,France,Australia,0.004,0.7442911633850414,0.2557088366149586,8,France,0.7442911633850414
77,round_of_32,France,Cape Verde,0.0035,0.9194038894055526,0.0805961105944473,7,France,0.9194038894055526
77,round_of_32,France,Uruguay,0.0035,0.7521619179742991,0.2478380820257009,7,France,0.7521619179742991
77,round_of_32,Iraq,United States,0.0035,0.2510954050348125,0.7489045949651875,7,United States,0.7489045949651875
77,round_of_32,Iraq,Saudi Arabia,0.003,0.5410101054230442,0.4589898945769558,6,Iraq,0.5410101054230442
77,round_of_32,Iraq,Belgium,0.0025,0.1342263112305145,0.8657736887694855,5,Belgium,0.8657736887694855
77,round_of_32,Iraq,Uruguay,0.0025,0.2259837699747098,0.7740162300252902,5,Uruguay,0.7740162300252902
77,round_of_32,Norway,Saudi Arabia,0.0025,0.8802070102300908,0.1197929897699091,5,Norway,0.8802070102300908
77,round_of_32,Iraq,Iran,0.002,0.2274064205799841,0.7725935794200158,4,Iran,0.7725935794200158
77,round_of_32,Iraq,Turkey,0.002,0.214795694560526,0.785204305439474,4,Turkey,0.785204305439474
77,round_of_32,Senegal,Cape Verde,0.002,0.8175168712786473,0.1824831287213527,4,Senegal,0.8175168712786473
77,round_of_32,Iraq,Spain,0.0015,0.0652775858241366,0.9347224141758632,3,Spain,0.9347224141758632
77,round_of_32,Senegal,Spain,0.0015,0.175792476901529,0.824207523098471,3,Spain,0.824207523098471
77,round_of_32,France,Spain,0.001,0.3826772296872214,0.6173227703127786,2,Spain,0.6173227703127786
77,round_of_32,Iraq,Australia,0.001,0.2208620791519703,0.7791379208480297,2,Australia,0.7791379208480297
77,round_of_32,France,Haiti,0.0005,0.897256522300809,0.102743477699191,1,France,0.897256522300809
77,round_of_32,Iraq,New Zealand,0.0005,0.5516925197307269,0.4483074802692731,1,Iraq,0.5516925197307269
77,round_of_32,Iraq,Paraguay,0.0005,0.3208499905976273,0.6791500094023726,1,Paraguay,0.6791500094023726
77,round_of_32,Norway,Scotland,0.0005,0.7145967079197463,0.2854032920802537,1,Norway,0.7145967079197463
77,round_of_32,Norway,Spain,0.0005,0.2712914493733124,0.7287085506266875,1,Spain,0.7287085506266875
77,round_of_32,Senegal,Brazil,0.0005,0.296544451945832,0.703455548054168,1,Brazil,0.703455548054168
77,round_of_32,Senegal,Morocco,0.0005,0.3196560763834244,0.6803439236165756,1,Morocco,0.6803439236165756
77,round_of_32,Senegal,Scotland,0.0005,0.5641035407073182,0.4358964592926818,1,Senegal,0.5641035407073182
78,round_of_32,Ivory Coast,Senegal,0.137,0.500391281229019,0.499608718770981,274,Ivory Coast,0.500391281229019
78,round_of_32,Ivory Coast,Norway,0.1215,0.3480488441110279,0.6519511558889721,243,Norway,0.6519511558889721
78,round_of_32,Germany,Senegal,0.12,0.6950693893429436,0.3049306106570564,240,Germany,0.6950693893429436
78,round_of_32,Germany,Norway,0.113,0.5509906922313266,0.4490093077686734,226,Germany,0.5509906922313266
78,round_of_32,Ivory Coast,France,0.111,0.2483688646551094,0.7516311353448906,222,France,0.7516311353448906
78,round_of_32,Germany,France,0.099,0.4211949017114909,0.5788050982885091,198,France,0.5788050982885091
78,round_of_32,Ivory Coast,Iraq,0.056,0.764669571899616,0.2353304281003839,112,Ivory Coast,0.764669571899616
78,round_of_32,Germany,Iraq,0.049,0.8805079838506095,0.1194920161493905,98,Germany,0.8805079838506095
78,round_of_32,Ecuador,Senegal,0.0465,0.5991406973158481,0.4008593026841519,93,Ecuador,0.5991406973158481
78,round_of_32,Ecuador,Norway,0.044,0.4377262459402396,0.5622737540597604,88,Norway,0.5622737540597604
78,round_of_32,Ecuador,France,0.0425,0.3094850096817192,0.6905149903182808,85,France,0.6905149903182808
78,round_of_32,Ecuador,Iraq,0.021,0.8214103932013904,0.1785896067986095,42,Ecuador,0.8214103932013904
78,round_of_32,Curaçao,Norway,0.016,0.0685418663290937,0.9314581336709062,32,Norway,0.9314581336709062
78,round_of_32,Curaçao,France,0.009,0.0559934280726898,0.9440065719273102,18,France,0.9440065719273102
78,round_of_32,Curaçao,Iraq,0.0075,0.3112003858305535,0.6887996141694466,15,Iraq,0.6887996141694466
78,round_of_32,Curaçao,Senegal,0.007,0.118656700834324,0.8813432991656759,14,Senegal,0.8813432991656759
79,round_of_32,Mexico,Ecuador,0.0815,0.5071213304136917,0.4928786695863083,163,Mexico,0.5071213304136917
79,round_of_32,South Korea,Ecuador,0.0665,0.3656711998228385,0.6343288001771614,133,Ecuador,0.6343288001771614
79,round_of_32,Mexico,Uruguay,0.0645,0.5827992089002594,0.4172007910997406,129,Mexico,0.5827992089002594
79,round_of_32,Mexico,Cape Verde,0.061,0.8626742250086212,0.1373257749913787,122,Mexico,0.8626742250086212
79,round_of_32,Mexico,Saudi Arabia,0.054,0.8494942489588053,0.1505057510411946,108,Mexico,0.8494942489588053
79,round_of_32,Mexico,Scotland,0.049,0.6621498005224206,0.3378501994775794,98,Mexico,0.6621498005224206
79,round_of_32,South Korea,Cape Verde,0.048,0.788015274164386,0.211984725835614,96,South Korea,0.788015274164386
79,round_of_32,South Korea,Uruguay,0.042,0.4391951388213507,0.5608048611786494,84,Uruguay,0.5608048611786494
79,round_of_32,South Korea,Saudi Arabia,0.0385,0.7654439761363262,0.2345560238636738,77,South Korea,0.7654439761363262
79,round_of_32,Mexico,Haiti,0.038,0.834902691539221,0.1650973084607789,76,Mexico,0.834902691539221
79,round_of_32,Mexico,Brazil,0.037,0.3779947234879577,0.6220052765120423,74,Brazil,0.6220052765120423
79,round_of_32,South Korea,Scotland,0.035,0.5229920077512339,0.4770079922487661,70,South Korea,0.5229920077512339
79,round_of_32,South Korea,Brazil,0.03,0.2593638962063531,0.7406361037936469,60,Brazil,0.7406361037936469
79,round_of_32,Mexico,Germany,0.0285,0.3923201644078186,0.6076798355921814,57,Germany,0.6076798355921814
79,round_of_32,South Korea,Haiti,0.0275,0.751035286814705,0.248964713185295,55,South Korea,0.751035286814705
79,round_of_32,Mexico,Morocco,0.0205,0.423538990697004,0.576461009302996,41,Morocco,0.576461009302996
79,round_of_32,Mexico,Ivory Coast,0.0175,0.6042495339709844,0.3957504660290156,35,Mexico,0.6042495339709844
79,round_of_32,South Korea,Curaçao,0.0175,0.8552260078538646,0.1447739921461354,35,South Korea,0.8552260078538646
79,round_of_32,South Korea,Morocco,0.0175,0.2853989068100957,0.7146010931899043,35,Morocco,0.7146010931899043
79,round_of_32,South Korea,Spain,0.0175,0.14506762004103,0.85493237995897,35,Spain,0.85493237995897
79,round_of_32,Mexico,Spain,0.017,0.2272840583306689,0.7727159416693311,34,Spain,0.7727159416693311
79,round_of_32,South Korea,Germany,0.017,0.2644976020596729,0.7355023979403271,34,Germany,0.7355023979403271
79,round_of_32,Mexico,Curaçao,0.0155,0.905175810210468,0.094824189789532,31,Mexico,0.905175810210468
79,round_of_32,South Korea,Ivory Coast,0.015,0.4585087918393093,0.5414912081606906,30,Ivory Coast,0.5414912081606906
79,round_of_32,Czech Republic,Ecuador,0.0115,0.3113785811232219,0.6886214188767781,23,Ecuador,0.6886214188767781
79,round_of_32,Czech Republic,Uruguay,0.0115,0.3804559257302244,0.6195440742697755,23,Uruguay,0.6195440742697755
79,round_of_32,South Africa,Cape Verde,0.0075,0.5210862183245312,0.4789137816754688,15,South Africa,0.5210862183245312
79,round_of_32,Mexico,Norway,0.007,0.4441436045502537,0.5558563954497463,14,Norway,0.5558563954497463
79,round_of_32,South Korea,France,0.007,0.2129585792755789,0.7870414207244211,14,France,0.7870414207244211
79,round_of_32,Czech Republic,Saudi Arabia,0.0065,0.7183788733777502,0.2816211266222498,13,Czech Republic,0.7183788733777502
79,round_of_32,South Africa,Uruguay,0.006,0.1962524809977979,0.8037475190022021,12,Uruguay,0.8037475190022021
79,round_of_32,Czech Republic,Cape Verde,0.0055,0.7449083958849341,0.2550916041150659,11,Czech Republic,0.7449083958849341
79,round_of_32,Mexico,Senegal,0.0055,0.6035669214969015,0.3964330785030985,11,Mexico,0.6035669214969015
79,round_of_32,South Korea,Iraq,0.0055,0.7337111870096128,0.2662888129903872,11,South Korea,0.7337111870096128
79,round_of_32,South Korea,Norway,0.0055,0.306127596358775,0.6938724036412249,11,Norway,0.6938724036412249
79,round_of_32,Czech Republic,Haiti,0.005,0.7031475963716128,0.2968524036283871,10,Czech Republic,0.7031475963716128
79,round_of_32,Mexico,Sweden,0.005,0.6992228049077951,0.3007771950922049,10,Mexico,0.6992228049077951
79,round_of_32,Mexico,France,0.0045,0.3186712933579968,0.6813287066420032,9,France,0.6813287066420032
79,round_of_32,Mexico,Iraq,0.0045,0.8271796542444828,0.1728203457555172,9,Mexico,0.8271796542444828
79,round_of_32,Czech Republic,Brazil,0.004,0.2177166250317015,0.7822833749682985,8,Brazil,0.7822833749682985
79,round_of_32,Czech Republic,Germany,0.004,0.2179312870722893,0.7820687129277106,8,Germany,0.7820687129277106
79,round_of_32,Czech Republic,Scotland,0.004,0.4601327560886213,0.5398672439113786,8,Scotland,0.5398672439113786
79,round_of_32,South Africa,Ecuador,0.004,0.1547036421780838,0.8452963578219161,8,Ecuador,0.8452963578219161
79,round_of_32,Czech Republic,Morocco,0.003,0.2336014089553605,0.7663985910446395,6,Morocco,0.7663985910446395
79,round_of_32,South Africa,Spain,0.003,0.0611023415650401,0.93889765843496,6,Spain,0.93889765843496
79,round_of_32,South Africa,Scotland,0.0025,0.2463246637157846,0.7536753362842155,5,Scotland,0.7536753362842155
79,round_of_32,South Korea,Sweden,0.0025,0.5659380737713113,0.4340619262286886,5,South Korea,0.5659380737713113
79,round_of_32,South Africa,Germany,0.002,0.1052128474550181,0.8947871525449819,4,Germany,0.8947871525449819
79,round_of_32,South Korea,Senegal,0.002,0.4579903818242891,0.5420096181757109,4,Senegal,0.5420096181757109
79,round_of_32,Czech Republic,France,0.0015,0.1768845483858758,0.8231154516141241,3,France,0.8231154516141241
79,round_of_32,South Africa,Brazil,0.0015,0.1122467956917574,0.8877532043082426,3,Brazil,0.8877532043082426
79,round_of_32,South Africa,Ivory Coast,0.0015,0.1974427126084341,0.8025572873915658,3,Ivory Coast,0.8025572873915658
79,round_of_32,South Africa,Morocco,0.0015,0.1044469791140646,0.8955530208859354,3,Morocco,0.8955530208859354
79,round_of_32,South Korea,Netherlands,0.0015,0.3019081399678917,0.6980918600321082,3,Netherlands,0.6980918600321082
79,round_of_32,Czech Republic,Curaçao,0.001,0.8246889058137667,0.1753110941862332,2,Czech Republic,0.8246889058137667
79,round_of_32,Czech Republic,Iraq,0.001,0.6824766044899802,0.3175233955100198,2,Czech Republic,0.6824766044899802
79,round_of_32,Czech Republic,Spain,0.001,0.1179037121470512,0.8820962878529488,2,Spain,0.8820962878529488
79,round_of_32,South Africa,Saudi Arabia,0.001,0.4828129338577848,0.5171870661422152,2,Saudi Arabia,0.5171870661422152
79,round_of_32,South Korea,Japan,0.001,0.2940130228598343,0.7059869771401657,2,Japan,0.7059869771401657
79,round_of_32,Czech Republic,Ivory Coast,0.0005,0.3944273036514655,0.6055726963485345,1,Ivory Coast,0.6055726963485345
79,round_of_32,Czech Republic,Sweden,0.0005,0.504002737942773,0.495997262057227,1,Czech Republic,0.504002737942773
79,round_of_32,Mexico,Japan,0.0005,0.4299416283593597,0.5700583716406402,1,Japan,0.5700583716406402
79,round_of_32,South Africa,Japan,0.0005,0.1149418145328399,0.8850581854671601,1,Japan,0.8850581854671601
79,round_of_32,South Africa,Norway,0.0005,0.1205742565650488,0.8794257434349512,1,Norway,0.8794257434349512
80,round_of_32,England,DR Congo,0.1215,0.8594971183416609,0.1405028816583391,243,England,0.8594971183416609
80,round_of_32,England,Uzbekistan,0.1175,0.8287599520787244,0.1712400479212755,235,England,0.8287599520787244
80,round_of_32,England,Colombia,0.0955,0.5435005704795601,0.4564994295204398,191,England,0.5435005704795601
80,round_of_32,England,Portugal,0.0955,0.5319558927499513,0.4680441072500487,191,England,0.5319558927499513
80,round_of_32,Croatia,DR Congo,0.0455,0.752727749778127,0.247272250221873,91,Croatia,0.752727749778127
80,round_of_32,England,France,0.044,0.4592874240705129,0.5407125759294871,88,France,0.5407125759294871
80,round_of_32,Croatia,Uzbekistan,0.041,0.7035666360534755,0.2964333639465245,82,Croatia,0.7035666360534755
80,round_of_32,England,Norway,0.036,0.5945664722390148,0.4054335277609852,72,England,0.5945664722390148
80,round_of_32,England,Iraq,0.033,0.8969714269020169,0.103028573097983,66,England,0.8969714269020169
80,round_of_32,Croatia,Colombia,0.032,0.3688691427214712,0.6311308572785288,64,Colombia,0.6311308572785288
80,round_of_32,England,Senegal,0.029,0.7326390154362287,0.2673609845637713,58,England,0.7326390154362287
80,round_of_32,Croatia,Portugal,0.025,0.3543087552310293,0.6456912447689707,50,Portugal,0.6456912447689707
80,round_of_32,England,Ecuador,0.0205,0.6478847036733667,0.3521152963266333,41,England,0.6478847036733667
80,round_of_32,Croatia,Senegal,0.0175,0.5729976870931802,0.4270023129068198,35,Croatia,0.5729976870931802
80,round_of_32,Panama,DR Congo,0.0155,0.5236895722042519,0.476310427795748,31,Panama,0.5236895722042519
80,round_of_32,Croatia,France,0.0145,0.2934867907849141,0.7065132092150859,29,France,0.7065132092150859
80,round_of_32,Panama,Colombia,0.0145,0.171014239324727,0.828985760675273,29,Colombia,0.828985760675273
80,round_of_32,England,Algeria,0.013,0.6873664272817332,0.3126335727182667,26,England,0.6873664272817332
80,round_of_32,England,Austria,0.013,0.667222921885506,0.332777078114494,26,England,0.667222921885506
80,round_of_32,Croatia,Iraq,0.0125,0.8097655911120586,0.1902344088879414,25,Croatia,0.8097655911120586
80,round_of_32,Panama,Uzbekistan,0.012,0.4526815863212468,0.5473184136787532,24,Uzbekistan,0.5473184136787532
80,round_of_32,Panama,Portugal,0.0115,0.1584076599172752,0.8415923400827248,23,Portugal,0.8415923400827248
80,round_of_32,Croatia,Norway,0.0085,0.4128581706583135,0.5871418293416865,17,Norway,0.5871418293416865
80,round_of_32,England,Curaçao,0.0085,0.9497504523835896,0.0502495476164103,17,England,0.9497504523835896
80,round_of_32,England,Ivory Coast,0.0085,0.73218340306716,0.26781659693284,17,England,0.73218340306716
80,round_of_32,England,Germany,0.0075,0.5432770749249787,0.4567229250750213,15,England,0.5432770749249787
80,round_of_32,Ghana,DR Congo,0.0075,0.3057611542971299,0.6942388457028701,15,DR Congo,0.6942388457028701
80,round_of_32,Ghana,Uzbekistan,0.0075,0.2494948604304755,0.7505051395695245,15,Uzbekistan,0.7505051395695245
80,round_of_32,Panama,Norway,0.0075,0.1917842045839148,0.8082157954160851,15,Norway,0.8082157954160851
80,round_of_32,Croatia,Ecuador,0.007,0.4806774215561014,0.5193225784438986,14,Ecuador,0.5193225784438986
80,round_of_32,Ghana,Portugal,0.007,0.0746607416950801,0.92533925830492,14,Portugal,0.92533925830492
80,round_of_32,Panama,Senegal,0.006,0.3160798741177606,0.6839201258822394,12,Senegal,0.6839201258822394
80,round_of_32,Panama,France,0.0055,0.1297883016404499,0.87021169835955,11,France,0.87021169835955
80,round_of_32,Croatia,Algeria,0.0045,0.5195860349191952,0.4804139650808048,9,Croatia,0.5195860349191952
80,round_of_32,England,Argentina,0.0045,0.3502533014160435,0.6497466985839565,9,Argentina,0.6497466985839565
80,round_of_32,Ghana,Iraq,0.004,0.3798625997922613,0.6201374002077387,8,Iraq,0.6201374002077387
80,round_of_32,Panama,Iraq,0.004,0.604752343117631,0.3952476568823689,8,Panama,0.604752343117631
80,round_of_32,Croatia,Austria,0.0035,0.4934357731468942,0.5065642268531059,7,Austria,0.5065642268531059
80,round_of_32,Ghana,France,0.0035,0.0645779271041309,0.9354220728958692,7,France,0.9354220728958692
80,round_of_32,England,Jordan,0.003,0.8805262279789748,0.1194737720210251,6,England,0.8805262279789748
80,round_of_32,Ghana,Norway,0.003,0.088741107102967,0.911258892897033,6,Norway,0.911258892897033
80,round_of_32,Croatia,Germany,0.0025,0.3623482599018005,0.6376517400981995,5,Germany,0.6376517400981995
80,round_of_32,Ghana,Colombia,0.0025,0.084483639276631,0.915516360723369,5,Colombia,0.915516360723369
80,round_of_32,Ghana,Ecuador,0.0025,0.1231309341033374,0.8768690658966626,5,Ecuador,0.8768690658966626
80,round_of_32,Panama,Ecuador,0.0025,0.2449568278738586,0.7550431721261414,5,Ecuador,0.7550431721261414
80,round_of_32,Croatia,Argentina,0.002,0.2074395321857029,0.7925604678142971,4,Argentina,0.7925604678142971
80,round_of_32,Croatia,Jordan,0.002,0.7793970203852816,0.2206029796147184,4,Croatia,0.7793970203852816
80,round_of_32,Croatia,Curaçao,0.0015,0.8939565244426333,0.1060434755573667,3,Croatia,0.8939565244426333
80,round_of_32,Ghana,Senegal,0.0015,0.1559399748341891,0.8440600251658108,3,Senegal,0.8440600251658108
80,round_of_32,Croatia,Ivory Coast,0.001,0.5738085317242623,0.4261914682757377,2,Croatia,0.5738085317242623
80,round_of_32,England,Cape Verde,0.001,0.9208433699039956,0.0791566300960043,2,England,0.9208433699039956
80,round_of_32,England,Saudi Arabia,0.001,0.9121073049720936,0.0878926950279064,2,England,0.9121073049720936
80,round_of_32,Ghana,Austria,0.001,0.1177894963265866,0.8822105036734134,2,Austria,0.8822105036734134
80,round_of_32,Ghana,Curaçao,0.001,0.5746767590645858,0.4253232409354142,2,Ghana,0.5746767590645858
80,round_of_32,Panama,Argentina,0.001,0.0821071056988626,0.9178928943011372,2,Argentina,0.9178928943011372
80,round_of_32,Croatia,Cape Verde,0.0005,0.8476484755572621,0.1523515244427379,1,Croatia,0.8476484755572621
80,round_of_32,Croatia,Spain,0.0005,0.2049827923138558,0.7950172076861441,1,Spain,0.7950172076861441
80,round_of_32,England,Spain,0.0005,0.349386792584635,0.650613207415365,1,Spain,0.650613207415365
80,round_of_32,Ghana,Cape Verde,0.0005,0.4553972214451752,0.5446027785548248,1,Cape Verde,0.5446027785548248
80,round_of_32,Ghana,Germany,0.0005,0.075228618008923,0.924771381991077,1,Germany,0.924771381991077
80,round_of_32,Ghana,Ivory Coast,0.0005,0.1565334653314522,0.8434665346685478,1,Ivory Coast,0.8434665346685478
80,round_of_32,Ghana,Jordan,0.0005,0.3291961674044832,0.6708038325955168,1,Jordan,0.6708038325955168
80,round_of_32,Panama,Algeria,0.0005,0.2704420704700062,0.7295579295299939,1,Algeria,0.7295579295299939
80,round_of_32,Panama,Curaçao,0.0005,0.7650444870118475,0.2349555129881525,1,Panama,0.7650444870118475
80,round_of_32,Panama,Ivory Coast,0.0005,0.3170873052698,0.6829126947302,1,Ivory Coast,0.6829126947302
80,round_of_32,Panama,Jordan,0.0005,0.5511596321559802,0.4488403678440198,1,Panama,0.5511596321559802
80,round_of_32,Panama,Uruguay,0.0005,0.3053634932861736,0.6946365067138264,1,Uruguay,0.6946365067138264
81,round_of_32,Australia,Bosnia and Herzegovina,0.094,0.7980734914667618,0.2019265085332382,188,Australia,0.7980734914667618
81,round_of_32,Australia,Qatar,0.0895,0.8970054195697722,0.1029945804302278,179,Australia,0.8970054195697722
81,round_of_32,Australia,Switzerland,0.085,0.4355906771382498,0.5644093228617502,170,Switzerland,0.5644093228617502
81,round_of_32,Australia,Canada,0.0845,0.5276744806929915,0.4723255193070085,169,Australia,0.5276744806929915
81,round_of_32,United States,Qatar,0.064,0.8781545862623661,0.1218454137376339,128,United States,0.8781545862623661
81,round_of_32,United States,Switzerland,0.061,0.3959078473804804,0.6040921526195195,122,Switzerland,0.6040921526195195
81,round_of_32,United States,Bosnia and Herzegovina,0.0575,0.7700059052388557,0.2299940947611443,115,United States,0.7700059052388557
81,round_of_32,United States,Canada,0.053,0.489983196634156,0.5100168033658439,106,Canada,0.5100168033658439
81,round_of_32,Australia,Austria,0.036,0.4423709444718839,0.557629055528116,72,Austria,0.557629055528116
81,round_of_32,Australia,Ecuador,0.029,0.4246928917451411,0.5753071082548589,58,Ecuador,0.5753071082548589
81,round_of_32,Australia,Algeria,0.0255,0.469461863357657,0.530538136642343,51,Algeria,0.530538136642343
81,round_of_32,United States,Austria,0.0245,0.4004911595617028,0.5995088404382971,49,Austria,0.5995088404382971
81,round_of_32,Australia,Argentina,0.021,0.1768629494421313,0.8231370505578687,42,Argentina,0.8231370505578687
81,round_of_32,Australia,France,0.02,0.2557088366149584,0.7442911633850415,40,France,0.7442911633850415
81,round_of_32,Australia,Senegal,0.019,0.5233155792079324,0.4766844207920676,38,Australia,0.5233155792079324
81,round_of_32,United States,Ecuador,0.0165,0.3910927664986768,0.6089072335013233,33,Ecuador,0.6089072335013233
81,round_of_32,United States,Algeria,0.0155,0.427717599355426,0.5722824006445739,31,Algeria,0.5722824006445739
81,round_of_32,United States,Argentina,0.014,0.1509487716496702,0.8490512283503298,28,Argentina,0.8490512283503298
81,round_of_32,United States,Senegal,0.013,0.4809911174114998,0.5190088825885002,26,Senegal,0.5190088825885002
81,round_of_32,Australia,Jordan,0.0125,0.7422601111739086,0.2577398888260914,25,Australia,0.7422601111739086
81,round_of_32,Australia,Iraq,0.0105,0.7791379208480296,0.2208620791519704,21,Australia,0.7791379208480296
81,round_of_32,Australia,Sweden,0.01,0.6264083731061677,0.3735916268938323,20,Australia,0.6264083731061677
81,round_of_32,Turkey,Bosnia and Herzegovina,0.0095,0.804739737063763,0.195260262936237,19,Turkey,0.804739737063763
81,round_of_32,United States,Jordan,0.009,0.7095032279680924,0.2904967720319076,18,United States,0.7095032279680924
81,round_of_32,Australia,Germany,0.0085,0.3177918549785908,0.6822081450214093,17,Germany,0.6822081450214093
81,round_of_32,Turkey,Switzerland,0.0085,0.4489816369723252,0.5510183630276748,17,Switzerland,0.5510183630276748
81,round_of_32,United States,France,0.008,0.2214933752293282,0.7785066247706718,16,France,0.7785066247706718
81,round_of_32,Turkey,Canada,0.0075,0.5435088589418432,0.4564911410581568,15,Turkey,0.5435088589418432
81,round_of_32,Australia,Curaçao,0.007,0.8811488963538707,0.1188511036461292,14,Australia,0.8811488963538707
81,round_of_32,United States,Norway,0.0065,0.3236191367629054,0.6763808632370946,13,Norway,0.6763808632370946
81,round_of_32,Australia,Ivory Coast,0.006,0.5238389687454257,0.4761610312545743,12,Australia,0.5238389687454257
81,round_of_32,Australia,Norway,0.006,0.3646294800309768,0.6353705199690232,12,Norway,0.6353705199690232
81,round_of_32,Turkey,Qatar,0.006,0.8976461365289276,0.1023538634710724,12,Turkey,0.8976461365289276
81,round_of_32,United States,Iraq,0.006,0.7489045949651876,0.2510954050348124,12,United States,0.7489045949651876
81,round_of_32,United States,Ivory Coast,0.005,0.4821811409512118,0.5178188590487882,10,Ivory Coast,0.5178188590487882
81,round_of_32,United States,Sweden,0.005,0.5882117559089164,0.4117882440910836,10,United States,0.5882117559089164
81,round_of_32,Australia,Netherlands,0.0045,0.3580859676202936,0.6419140323797063,9,Netherlands,0.6419140323797063
81,round_of_32,United States,Curaçao,0.0045,0.8553700954575832,0.1446299045424167,9,United States,0.8553700954575832
81,round_of_32,Australia,Tunisia,0.004,0.782100561440577,0.2178994385594229,8,Australia,0.782100561440577
81,round_of_32,United States,Germany,0.0035,0.2781679494946722,0.7218320505053277,7,Germany,0.7218320505053277
81,round_of_32,United States,Japan,0.0035,0.3126824744310255,0.6873175255689745,7,Japan,0.6873175255689745
81,round_of_32,Australia,Japan,0.003,0.3509868660962308,0.6490131339037691,6,Japan,0.6490131339037691
81,round_of_32,Paraguay,Bosnia and Herzegovina,0.003,0.698725302698141,0.3012746973018589,6,Paraguay,0.698725302698141
81,round_of_32,Paraguay,Switzerland,0.0025,0.3130412331895605,0.6869587668104395,5,Switzerland,0.6869587668104395
81,round_of_32,Turkey,Argentina,0.0025,0.1817254142069276,0.8182745857930723,5,Argentina,0.8182745857930723
81,round_of_32,Turkey,Algeria,0.002,0.4804573998739981,0.5195426001260018,4,Algeria,0.5195426001260018
81,round_of_32,Turkey,Austria,0.002,0.4536137706752798,0.5463862293247201,4,Austria,0.5463862293247201
81,round_of_32,United States,Netherlands,0.0015,0.3182551230473843,0.6817448769526157,3,Netherlands,0.6817448769526157
81,round_of_32,Paraguay,Qatar,0.001,0.8314525825022782,0.1685474174977218,2,Paraguay,0.8314525825022782
81,round_of_32,Turkey,Ecuador,0.001,0.4428261235785437,0.5571738764214563,2,Ecuador,0.5571738764214563
81,round_of_32,Turkey,Iraq,0.001,0.785204305439474,0.214795694560526,2,Turkey,0.785204305439474
81,round_of_32,Turkey,Japan,0.001,0.3617570144966145,0.6382429855033855,2,Japan,0.6382429855033855
81,round_of_32,Turkey,Norway,0.001,0.373853331425247,0.626146668574753,2,Norway,0.626146668574753
81,round_of_32,Turkey,Senegal,0.001,0.5341854859262324,0.4658145140737676,2,Turkey,0.5341854859262324
81,round_of_32,Paraguay,Canada,0.0005,0.4036767118022617,0.5963232881977383,1,Canada,0.5963232881977383
81,round_of_32,Paraguay,Norway,0.0005,0.2528021448700891,0.7471978551299109,1,Norway,0.7471978551299109
81,round_of_32,Turkey,France,0.0005,0.2611546330782895,0.7388453669217104,1,France,0.7388453669217104
81,round_of_32,Turkey,Jordan,0.0005,0.7512312421667349,0.2487687578332651,1,Turkey,0.7512312421667349
81,round_of_32,Turkey,Netherlands,0.0005,0.3678766279189346,0.6321233720810654,1,Netherlands,0.6321233720810654
81,round_of_32,Turkey,Sweden,0.0005,0.6398075186428613,0.3601924813571386,1,Turkey,0.6398075186428613
81,round_of_32,United States,Tunisia,0.0005,0.7515863161104116,0.2484136838895884,1,United States,0.7515863161104116
82,round_of_32,Belgium,Czech Republic,0.1075,0.7558466823776514,0.2441533176223486,215,Belgium,0.7558466823776514
82,round_of_32,Belgium,South Africa,0.0885,0.8851127971604668,0.1148872028395332,177,Belgium,0.8851127971604668
82,round_of_32,Iran,Czech Republic,0.0695,0.6159172409539793,0.3840827590460207,139,Iran,0.6159172409539793
82,round_of_32,Belgium,South Korea,0.066,0.7041479853134668,0.2958520146865332,132,Belgium,0.7041479853134668
82,round_of_32,Belgium,Mexico,0.0635,0.5672212781974009,0.4327787218025991,127,Belgium,0.5672212781974009
82,round_of_32,Iran,South Africa,0.052,0.8079722923592301,0.1920277076407699,104,Iran,0.8079722923592301
82,round_of_32,Iran,South Korea,0.0495,0.5525516950995855,0.4474483049004145,99,Iran,0.5525516950995855
82,round_of_32,Iran,Mexico,0.046,0.4064808765453856,0.5935191234546143,92,Mexico,0.5935191234546143
82,round_of_32,Egypt,Czech Republic,0.044,0.4762526333976018,0.5237473666023982,88,Czech Republic,0.5237473666023982
82,round_of_32,Egypt,South Africa,0.029,0.7093184951625255,0.2906815048374744,58,Egypt,0.7093184951625255
82,round_of_32,Egypt,South Korea,0.026,0.4130942599206386,0.5869057400793614,52,South Korea,0.5869057400793614
82,round_of_32,Egypt,Mexico,0.0225,0.2834591283218293,0.7165408716781707,45,Mexico,0.7165408716781707
82,round_of_32,Belgium,Cape Verde,0.0205,0.8971812188564935,0.1028187811435065,41,Belgium,0.8971812188564935
82,round_of_32,Belgium,Uruguay,0.019,0.6475981437203272,0.3524018562796728,38,Belgium,0.6475981437203272
82,round_of_32,Iran,Saudi Arabia,0.017,0.8012723976521074,0.1987276023478925,34,Iran,0.8012723976521074
82,round_of_32,Belgium,Austria,0.016,0.5899503718421828,0.4100496281578172,32,Belgium,0.5899503718421828
82,round_of_32,Belgium,Saudi Arabia,0.016,0.8854183232257924,0.1145816767742076,32,Belgium,0.8854183232257924
82,round_of_32,Iran,Austria,0.014,0.4303685082179359,0.5696314917820642,28,Austria,0.5696314917820642
82,round_of_32,New Zealand,Czech Republic,0.0135,0.2729082871265718,0.7270917128734282,27,Czech Republic,0.7270917128734282
82,round_of_32,Iran,Cape Verde,0.0125,0.8229440062856718,0.1770559937143282,25,Iran,0.8229440062856718
82,round_of_32,Belgium,Algeria,0.0115,0.6111852918882693,0.3888147081117307,23,Belgium,0.6111852918882693
82,round_of_32,Belgium,France,0.01,0.3845860565281475,0.6154139434718524,20,France,0.6154139434718524
82,round_of_32,Egypt,Uruguay,0.0095,0.3536811179923491,0.6463188820076509,19,Uruguay,0.6463188820076509
82,round_of_32,Iran,Uruguay,0.009,0.4873671211523898,0.5126328788476102,18,Uruguay,0.5126328788476102
82,round_of_32,Egypt,Cape Verde,0.0085,0.7266739304542156,0.2733260695457844,17,Egypt,0.7266739304542156
82,round_of_32,Iran,Senegal,0.0085,0.5103965456748338,0.4896034543251661,17,Iran,0.5103965456748338
82,round_of_32,New Zealand,South Korea,0.0085,0.2271413163587478,0.7728586836412521,17,South Korea,0.7728586836412521
82,round_of_32,Belgium,Iraq,0.0075,0.8657736887694856,0.1342263112305144,15,Belgium,0.8657736887694856
82,round_of_32,Belgium,Senegal,0.0075,0.6636275305175622,0.3363724694824378,15,Belgium,0.6636275305175622
82,round_of_32,Iran,Algeria,0.0075,0.4554653894745443,0.5445346105254556,15,Algeria,0.5445346105254556
82,round_of_32,Belgium,Argentina,0.007,0.2782363553785841,0.721763644621416,14,Argentina,0.721763644621416
82,round_of_32,Iran,France,0.007,0.2537580567546366,0.7462419432453634,14,France,0.7462419432453634
82,round_of_32,Egypt,Austria,0.006,0.302553396772954,0.697446603227046,12,Austria,0.697446603227046
82,round_of_32,Iran,Iraq,0.006,0.7725935794200158,0.2274064205799841,12,Iran,0.7725935794200158
82,round_of_32,Iran,Spain,0.006,0.1786853972613153,0.8213146027386846,12,Spain,0.8213146027386846
82,round_of_32,Egypt,Saudi Arabia,0.0055,0.6960502352991222,0.3039497647008777,11,Egypt,0.6960502352991222
82,round_of_32,Iran,Argentina,0.0055,0.172180143234946,0.8278198567650539,11,Argentina,0.8278198567650539
82,round_of_32,Belgium,Jordan,0.005,0.8445562349860729,0.1554437650139271,10,Belgium,0.8445562349860729
82,round_of_32,Belgium,Spain,0.005,0.281754504371266,0.718245495628734,10,Spain,0.718245495628734
82,round_of_32,New Zealand,Mexico,0.005,0.1464213701935844,0.8535786298064155,10,Mexico,0.8535786298064155
82,round_of_32,Belgium,Norway,0.0045,0.5127226689216561,0.4872773310783439,9,Belgium,0.5127226689216561
82,round_of_32,Egypt,Algeria,0.0045,0.3255183085085766,0.6744816914914233,9,Algeria,0.6744816914914233
82,round_of_32,Egypt,Jordan,0.004,0.6096450359559551,0.3903549640440449,8,Egypt,0.6096450359559551
82,round_of_32,New Zealand,South Africa,0.004,0.5048661883946107,0.4951338116053893,8,New Zealand,0.5048661883946107
82,round_of_32,Belgium,Germany,0.0035,0.4616721197552071,0.5383278802447928,7,Germany,0.5383278802447928
82,round_of_32,Egypt,Argentina,0.0035,0.1094391700820758,0.8905608299179242,7,Argentina,0.8905608299179242
82,round_of_32,Egypt,Iraq,0.003,0.6599084924858812,0.3400915075141187,6,Egypt,0.6599084924858812
82,round_of_32,Iran,Jordan,0.003,0.7352223616653598,0.2647776383346402,6,Iran,0.7352223616653598
82,round_of_32,New Zealand,Saudi Arabia,0.003,0.4900902982973718,0.5099097017026282,6,Saudi Arabia,0.5099097017026282
82,round_of_32,New Zealand,Uruguay,0.003,0.196890845009582,0.8031091549904179,6,Uruguay,0.8031091549904179
82,round_of_32,Belgium,Ecuador,0.0025,0.5729551718799143,0.4270448281200857,5,Belgium,0.5729551718799143
82,round_of_32,Egypt,France,0.0025,0.1682046042453647,0.8317953957546352,5,France,0.8317953957546352
82,round_of_32,New Zealand,Algeria,0.0025,0.1627179631630153,0.8372820368369847,5,Algeria,0.8372820368369847
82,round_of_32,Egypt,Norway,0.002,0.2411304759034288,0.7588695240965712,4,Norway,0.7588695240965712
82,round_of_32,New Zealand,Austria,0.002,0.1501523481722372,0.8498476518277628,4,Austria,0.8498476518277628
82,round_of_32,New Zealand,France,0.002,0.0824510090575857,0.9175489909424144,4,France,0.9175489909424144
82,round_of_32,Egypt,Senegal,0.0015,0.3746432454852499,0.62535675451475,3,Senegal,0.62535675451475
82,round_of_32,Iran,Ecuador,0.0015,0.4115986289405436,0.5884013710594564,3,Ecuador,0.5884013710594564
82,round_of_32,Iran,Norway,0.0015,0.3558811327393058,0.6441188672606941,3,Norway,0.6441188672606941
82,round_of_32,Egypt,Germany,0.001,0.2078101357326593,0.7921898642673407,2,Germany,0.7921898642673407
82,round_of_32,Egypt,Spain,0.001,0.1154024233521245,0.8845975766478755,2,Spain,0.8845975766478755
82,round_of_32,New Zealand,Norway,0.001,0.1142388086810378,0.8857611913189622,2,Norway,0.8857611913189622
82,round_of_32,Belgium,Curaçao,0.0005,0.9353874005398056,0.0646125994601942,1,Belgium,0.9353874005398056
82,round_of_32,Belgium,Ivory Coast,0.0005,0.6630183309131692,0.3369816690868308,1,Belgium,0.6630183309131692
82,round_of_32,Egypt,Ecuador,0.0005,0.2883370905386686,0.7116629094613314,1,Ecuador,0.7116629094613314
82,round_of_32,Egypt,Ivory Coast,0.0005,0.3748396547498359,0.6251603452501642,1,Ivory Coast,0.6251603452501642
82,round_of_32,Iran,Germany,0.0005,0.3119360455817918,0.6880639544182081,1,Germany,0.6880639544182081
82,round_of_32,Iran,Ivory Coast,0.0005,0.5101842076801238,0.4898157923198761,1,Iran,0.5101842076801238
82,round_of_32,New Zealand,Argentina,0.0005,0.0482055440850262,0.9517944559149738,1,Argentina,0.9517944559149738
82,round_of_32,New Zealand,Cape Verde,0.0005,0.5261777418213031,0.4738222581786969,1,New Zealand,0.5261777418213031
82,round_of_32,New Zealand,Iraq,0.0005,0.4483074802692731,0.5516925197307269,1,Iraq,0.5516925197307269
83,round_of_32,Colombia,Croatia,0.0985,0.6311308572785289,0.3688691427214711,197,Colombia,0.6311308572785289
83,round_of_32,DR Congo,Croatia,0.0975,0.2472722502218729,0.7527277497781271,195,Croatia,0.7527277497781271
83,round_of_32,Portugal,Croatia,0.0965,0.6456912447689706,0.3543087552310294,193,Portugal,0.6456912447689706
83,round_of_32,Uzbekistan,Croatia,0.0795,0.2964333639465245,0.7035666360534756,159,Croatia,0.7035666360534756
83,round_of_32,Portugal,England,0.065,0.4680441072500487,0.5319558927499513,130,England,0.5319558927499513
83,round_of_32,Colombia,Panama,0.063,0.828985760675273,0.171014239324727,126,Colombia,0.828985760675273
83,round_of_32,Portugal,Panama,0.062,0.8415923400827249,0.1584076599172751,124,Portugal,0.8415923400827249
83,round_of_32,Colombia,England,0.0615,0.4564994295204398,0.5435005704795601,123,England,0.5435005704795601
83,round_of_32,DR Congo,England,0.0615,0.1405028816583391,0.8594971183416609,123,England,0.8594971183416609
83,round_of_32,DR Congo,Panama,0.057,0.4763104277957479,0.523689572204252,114,Panama,0.523689572204252
83,round_of_32,Colombia,Ghana,0.054,0.915516360723369,0.084483639276631,108,Colombia,0.915516360723369
83,round_of_32,Uzbekistan,Panama,0.0495,0.5473184136787532,0.4526815863212468,99,Uzbekistan,0.5473184136787532
83,round_of_32,Uzbekistan,England,0.049,0.1712400479212755,0.8287599520787244,98,England,0.8287599520787244
83,round_of_32,DR Congo,Ghana,0.043,0.69423884570287,0.30576115429713,86,DR Congo,0.69423884570287
83,round_of_32,Portugal,Ghana,0.0395,0.92533925830492,0.07466074169508,79,Portugal,0.92533925830492
83,round_of_32,Uzbekistan,Ghana,0.023,0.7505051395695245,0.2494948604304755,46,Uzbekistan,0.7505051395695245
84,round_of_32,Spain,Argentina,0.2345,0.5036411800878304,0.4963588199121695,469,Spain,0.5036411800878304
84,round_of_32,Spain,Algeria,0.234,0.7881408900851218,0.2118591099148782,468,Spain,0.7881408900851218
84,round_of_32,Spain,Austria,0.1845,0.7807493080650736,0.2192506919349264,369,Spain,0.7807493080650736
84,round_of_32,Spain,Jordan,0.0435,0.9295169877233296,0.0704830122766703,87,Spain,0.9295169877233296
84,round_of_32,Uruguay,Algeria,0.043,0.4724473102496866,0.5275526897503133,86,Algeria,0.5275526897503133
84,round_of_32,Uruguay,Argentina,0.0395,0.1759488899695264,0.8240511100304735,79,Argentina,0.8240511100304735
84,round_of_32,Cape Verde,Algeria,0.0355,0.1506300847955224,0.8493699152044776,71,Algeria,0.8493699152044776
84,round_of_32,Uruguay,Austria,0.035,0.4426292279562525,0.5573707720437475,70,Austria,0.5573707720437475
84,round_of_32,Cape Verde,Austria,0.0345,0.1401262981073946,0.8598737018926054,69,Austria,0.8598737018926054
84,round_of_32,Cape Verde,Argentina,0.0315,0.0466664272996875,0.9533335727003124,63,Argentina,0.9533335727003124
84,round_of_32,Saudi Arabia,Argentina,0.024,0.0510625221749197,0.9489374778250802,48,Argentina,0.9489374778250802
84,round_of_32,Saudi Arabia,Austria,0.022,0.1573968438115393,0.8426031561884606,44,Austria,0.8426031561884606
84,round_of_32,Saudi Arabia,Algeria,0.02,0.1716607535510304,0.8283392464489696,40,Algeria,0.8283392464489696
84,round_of_32,Saudi Arabia,Jordan,0.007,0.4035805575142639,0.5964194424857361,14,Jordan,0.5964194424857361
84,round_of_32,Cape Verde,Jordan,0.0065,0.3710543830612736,0.6289456169387264,13,Jordan,0.6289456169387264
84,round_of_32,Uruguay,Jordan,0.005,0.7346216741304497,0.2653783258695503,10,Uruguay,0.7346216741304497
85,round_of_32,Canada,Egypt,0.0575,0.6223837094683723,0.3776162905316277,115,Canada,0.6223837094683723
85,round_of_32,Switzerland,Egypt,0.0555,0.700336209723329,0.299663790276671,111,Switzerland,0.700336209723329
85,round_of_32,Canada,Austria,0.0525,0.4158808674965618,0.5841191325034383,105,Austria,0.5841191325034383
85,round_of_32,Switzerland,Austria,0.051,0.5046344925619,0.4953655074381,102,Switzerland,0.5046344925619
85,round_of_32,Switzerland,Iran,0.051,0.5738783622343185,0.4261216377656814,102,Switzerland,0.5738783622343185
85,round_of_32,Canada,Iran,0.0475,0.4856837811880987,0.5143162188119013,95,Iran,0.5143162188119013
85,round_of_32,Canada,Belgium,0.043,0.3287881284076815,0.6712118715923184,86,Belgium,0.6712118715923184
85,round_of_32,Canada,New Zealand,0.0405,0.7934427887131486,0.2065572112868514,81,Canada,0.7934427887131486
85,round_of_32,Canada,Algeria,0.0395,0.4440786963819102,0.5559213036180898,79,Algeria,0.5559213036180898
85,round_of_32,Switzerland,Belgium,0.0395,0.4124968481013105,0.5875031518986895,79,Belgium,0.5875031518986895
85,round_of_32,Switzerland,Algeria,0.0385,0.5304638999308073,0.4695361000691926,77,Switzerland,0.5304638999308073
85,round_of_32,Bosnia and Herzegovina,Egypt,0.037,0.3168473285178668,0.6831526714821332,74,Egypt,0.6831526714821332
85,round_of_32,Switzerland,New Zealand,0.034,0.8437119584946746,0.1562880415053253,68,Switzerland,0.8437119584946746
85,round_of_32,Switzerland,Argentina,0.0305,0.215041365343052,0.784958634656948,61,Argentina,0.784958634656948
85,round_of_32,Bosnia and Herzegovina,Austria,0.027,0.1637589122176356,0.8362410877823643,54,Austria,0.8362410877823643
85,round_of_32,Canada,Argentina,0.025,0.1615965550642187,0.8384034449357813,50,Argentina,0.8384034449357813
85,round_of_32,Bosnia and Herzegovina,New Zealand,0.0245,0.5254198146085175,0.4745801853914825,49,Bosnia and Herzegovina,0.5254198146085175
85,round_of_32,Bosnia and Herzegovina,Algeria,0.0225,0.1791471342444527,0.8208528657555473,45,Algeria,0.8208528657555473
85,round_of_32,Bosnia and Herzegovina,Belgium,0.0225,0.1184062461923366,0.8815937538076634,45,Belgium,0.8815937538076634
85,round_of_32,Qatar,Iran,0.0205,0.1025504482957985,0.8974495517042015,41,Iran,0.8974495517042015
85,round_of_32,Bosnia and Herzegovina,Iran,0.02,0.2071517875898,0.7928482124102,40,Iran,0.7928482124102
85,round_of_32,Qatar,Egypt,0.018,0.1683900246310795,0.8316099753689205,36,Egypt,0.8316099753689205
85,round_of_32,Qatar,Belgium,0.0165,0.056280570796206,0.943719429203794,33,Belgium,0.943719429203794
85,round_of_32,Canada,Jordan,0.016,0.7184580465064284,0.2815419534935716,32,Canada,0.7184580465064284
85,round_of_32,Qatar,Austria,0.014,0.0791635974883999,0.9208364025116,28,Austria,0.9208364025116
85,round_of_32,Bosnia and Herzegovina,Argentina,0.0135,0.051906144129524,0.948093855870476,27,Argentina,0.948093855870476
85,round_of_32,Switzerland,Jordan,0.0135,0.7868173796534528,0.2131826203465472,27,Switzerland,0.7868173796534528
85,round_of_32,Qatar,Argentina,0.013,0.025163486438643,0.9748365135613568,26,Argentina,0.9748365135613568
85,round_of_32,Qatar,Algeria,0.012,0.0854026067031634,0.9145973932968364,24,Algeria,0.9145973932968364
85,round_of_32,Canada,Ecuador,0.01,0.3978873957778374,0.6021126042221626,20,Ecuador,0.6021126042221626
85,round_of_32,Switzerland,Ecuador,0.01,0.4923066498666708,0.5076933501333292,20,Ecuador,0.5076933501333292
85,round_of_32,Qatar,New Zealand,0.0095,0.3239401212604218,0.6760598787395782,19,New Zealand,0.6760598787395782
85,round_of_32,Bosnia and Herzegovina,Jordan,0.008,0.4188993333583448,0.5811006666416552,16,Jordan,0.5811006666416552
85,round_of_32,Switzerland,Ivory Coast,0.0045,0.5844223499149902,0.4155776500850098,9,Switzerland,0.5844223499149902
85,round_of_32,Qatar,Jordan,0.004,0.2401772784884708,0.7598227215115292,8,Jordan,0.7598227215115292
85,round_of_32,Switzerland,Sweden,0.0035,0.685606962328342,0.314393037671658,7,Switzerland,0.685606962328342
85,round_of_32,Bosnia and Herzegovina,Ecuador,0.003,0.1646140304363335,0.8353859695636664,6,Ecuador,0.8353859695636664
85,round_of_32,Canada,Ivory Coast,0.003,0.497745971135415,0.5022540288645849,6,Ivory Coast,0.5022540288645849
85,round_of_32,Bosnia and Herzegovina,Ivory Coast,0.0025,0.2151639225068683,0.7848360774931317,5,Ivory Coast,0.7848360774931317
85,round_of_32,Canada,France,0.0025,0.2337220197693532,0.7662779802306467,5,France,0.7662779802306467
85,round_of_32,Qatar,Ecuador,0.0025,0.0875479906015919,0.912452009398408,5,Ecuador,0.912452009398408
85,round_of_32,Bosnia and Herzegovina,Curaçao,0.002,0.6632953843554362,0.3367046156445638,4,Bosnia and Herzegovina,0.6632953843554362
85,round_of_32,Bosnia and Herzegovina,Sweden,0.002,0.2958465442560471,0.7041534557439528,4,Sweden,0.7041534557439528
85,round_of_32,Canada,Senegal,0.002,0.4968797306121499,0.50312026938785,4,Senegal,0.50312026938785
85,round_of_32,Canada,Sweden,0.002,0.5974941253238473,0.4025058746761527,4,Canada,0.5974941253238473
85,round_of_32,Qatar,France,0.002,0.0453602319321377,0.9546397680678622,4,France,0.9546397680678622
85,round_of_32,Switzerland,France,0.002,0.302745887825617,0.6972541121743829,4,France,0.6972541121743829
85,round_of_32,Switzerland,Iraq,0.002,0.8159607386670695,0.1840392613329304,4,Switzerland,0.8159607386670695
85,round_of_32,Switzerland,Senegal,0.002,0.5836158855315837,0.4163841144684163,4,Switzerland,0.5836158855315837
85,round_of_32,Bosnia and Herzegovina,Germany,0.0015,0.1040058837928792,0.8959941162071208,3,Germany,0.8959941162071208
85,round_of_32,Bosnia and Herzegovina,Iraq,0.0015,0.4749611462179929,0.525038853782007,3,Iraq,0.525038853782007
85,round_of_32,Bosnia and Herzegovina,Netherlands,0.0015,0.1241709761311491,0.8758290238688509,3,Netherlands,0.8758290238688509
85,round_of_32,Bosnia and Herzegovina,Senegal,0.0015,0.2143382817842023,0.7856617182157977,3,Senegal,0.7856617182157977
85,round_of_32,Canada,Germany,0.0015,0.2932441498584868,0.7067558501415132,3,Germany,0.7067558501415132
85,round_of_32,Canada,Netherlands,0.0015,0.3319899920947495,0.6680100079052504,3,Netherlands,0.6680100079052504
85,round_of_32,Canada,Norway,0.0015,0.3390185210723531,0.6609814789276469,3,Norway,0.6609814789276469
85,round_of_32,Qatar,Ivory Coast,0.0015,0.1063667784897764,0.8936332215102236,3,Ivory Coast,0.8936332215102236
85,round_of_32,Qatar,Sweden,0.0015,0.159979984634302,0.8400200153656979,3,Sweden,0.8400200153656979
85,round_of_32,Switzerland,Curaçao,0.0015,0.897156855221306,0.102843144778694,3,Switzerland,0.897156855221306
85,round_of_32,Switzerland,Norway,0.0015,0.4239198400306156,0.5760801599693843,3,Norway,0.5760801599693843
85,round_of_32,Bosnia and Herzegovina,Norway,0.001,0.1237419647592818,0.8762580352407182,2,Norway,0.8762580352407182
85,round_of_32,Qatar,Norway,0.001,0.0593100309526352,0.9406899690473648,2,Norway,0.9406899690473648
85,round_of_32,Qatar,Senegal,0.001,0.1058593694961666,0.8941406305038334,2,Senegal,0.8941406305038334
85,round_of_32,Switzerland,Japan,0.001,0.4107365590249531,0.5892634409750469,2,Japan,0.5892634409750469
85,round_of_32,Bosnia and Herzegovina,France,0.0005,0.0855499096621675,0.9144500903378324,1,France,0.9144500903378324
85,round_of_32,Bosnia and Herzegovina,Japan,0.0005,0.1191440942680754,0.8808559057319245,1,Japan,0.8808559057319245
85,round_of_32,Bosnia and Herzegovina,Tunisia,0.0005,0.477163113740131,0.522836886259869,1,Tunisia,0.522836886259869
85,round_of_32,Canada,Iraq,0.0005,0.7591780433903837,0.2408219566096162,1,Canada,0.7591780433903837
85,round_of_32,Canada,Tunisia,0.0005,0.7614147611731881,0.2385852388268119,1,Canada,0.7614147611731881
85,round_of_32,Qatar,Curaçao,0.0005,0.4631001398053572,0.5368998601946428,1,Curaçao,0.5368998601946428
85,round_of_32,Qatar,Germany,0.0005,0.0505684587408312,0.9494315412591688,1,Germany,0.9494315412591688
85,round_of_32,Switzerland,Germany,0.0005,0.3729177845679968,0.6270822154320033,1,Germany,0.6270822154320033
85,round_of_32,Switzerland,Netherlands,0.0005,0.4174274439846069,0.5825725560153932,1,Netherlands,0.5825725560153932
86,round_of_32,Argentina,Uruguay,0.1345,0.8240511100304735,0.1759488899695265,269,Argentina,0.8240511100304735
86,round_of_32,Argentina,Cape Verde,0.127,0.9533335727003124,0.0466664272996875,254,Argentina,0.9533335727003124
86,round_of_32,Algeria,Uruguay,0.106,0.5275526897503133,0.4724473102496866,212,Algeria,0.5275526897503133
86,round_of_32,Argentina,Saudi Arabia,0.0975,0.9489374778250802,0.0510625221749198,195,Argentina,0.9489374778250802
86,round_of_32,Argentina,Spain,0.089,0.4963588199121695,0.5036411800878304,178,Spain,0.5036411800878304
86,round_of_32,Algeria,Cape Verde,0.0815,0.8493699152044776,0.1506300847955224,163,Algeria,0.8493699152044776
86,round_of_32,Algeria,Saudi Arabia,0.076,0.8283392464489697,0.1716607535510302,152,Algeria,0.8283392464489697
86,round_of_32,Algeria,Spain,0.0685,0.2118591099148783,0.7881408900851217,137,Spain,0.7881408900851217
86,round_of_32,Austria,Saudi Arabia,0.0605,0.8426031561884606,0.1573968438115394,121,Austria,0.8426031561884606
86,round_of_32,Austria,Uruguay,0.053,0.5573707720437476,0.4426292279562523,106,Austria,0.5573707720437476
86,round_of_32,Austria,Cape Verde,0.049,0.8598737018926053,0.1401262981073947,98,Austria,0.8598737018926053
86,round_of_32,Austria,Spain,0.041,0.2192506919349263,0.7807493080650737,82,Spain,0.7807493080650737
86,round_of_32,Jordan,Uruguay,0.006,0.2653783258695503,0.7346216741304497,12,Uruguay,0.7346216741304497
86,round_of_32,Jordan,Cape Verde,0.005,0.6289456169387264,0.3710543830612736,10,Jordan,0.6289456169387264
86,round_of_32,Jordan,Saudi Arabia,0.003,0.596419442485736,0.403580557514264,6,Jordan,0.596419442485736
86,round_of_32,Jordan,Spain,0.0025,0.0704830122766703,0.9295169877233296,5,Spain,0.9295169877233296
87,round_of_32,Portugal,Panama,0.084,0.8415923400827249,0.1584076599172751,168,Portugal,0.8415923400827249
87,round_of_32,Portugal,Croatia,0.0705,0.6456912447689706,0.3543087552310294,141,Portugal,0.6456912447689706
87,round_of_32,Portugal,Ghana,0.0685,0.92533925830492,0.07466074169508,137,Portugal,0.92533925830492
87,round_of_32,Colombia,Panama,0.061,0.828985760675273,0.171014239324727,122,Colombia,0.828985760675273
87,round_of_32,Colombia,Croatia,0.0465,0.6311308572785289,0.3688691427214711,93,Colombia,0.6311308572785289
87,round_of_32,DR Congo,Croatia,0.045,0.2472722502218729,0.7527277497781271,90,Croatia,0.7527277497781271
87,round_of_32,Colombia,Ghana,0.0425,0.915516360723369,0.084483639276631,85,Colombia,0.915516360723369
87,round_of_32,DR Congo,Panama,0.035,0.4763104277957479,0.523689572204252,70,Panama,0.523689572204252
87,round_of_32,Portugal,France,0.0295,0.4298130873516101,0.5701869126483898,59,France,0.5701869126483898
87,round_of_32,Uzbekistan,Panama,0.029,0.5473184136787532,0.4526815863212468,58,Uzbekistan,0.5473184136787532
87,round_of_32,DR Congo,Ghana,0.028,0.69423884570287,0.30576115429713,56,DR Congo,0.69423884570287
87,round_of_32,Portugal,England,0.0275,0.4680441072500487,0.5319558927499513,55,England,0.5319558927499513
87,round_of_32,Uzbekistan,Croatia,0.0275,0.2964333639465245,0.7035666360534756,55,Croatia,0.7035666360534756
87,round_of_32,Uzbekistan,Ghana,0.0255,0.7505051395695245,0.2494948604304755,51,Uzbekistan,0.7505051395695245
87,round_of_32,Portugal,Senegal,0.025,0.7036616286545448,0.2963383713454551,50,Portugal,0.7036616286545448
87,round_of_32,Portugal,Ecuador,0.0235,0.624122999386964,0.3758770006130359,47,Portugal,0.624122999386964
87,round_of_32,Portugal,Norway,0.0195,0.5612002782881297,0.4387997217118703,39,Portugal,0.5612002782881297
87,round_of_32,Colombia,England,0.017,0.4564994295204398,0.5435005704795601,34,England,0.5435005704795601
87,round_of_32,Colombia,Ecuador,0.0155,0.6130887602424501,0.3869112397575499,31,Colombia,0.6130887602424501
87,round_of_32,Portugal,Iraq,0.0155,0.8829136732540861,0.1170863267459139,31,Portugal,0.8829136732540861
87,round_of_32,DR Congo,Senegal,0.015,0.3011292010271196,0.6988707989728804,30,Senegal,0.6988707989728804
87,round_of_32,Colombia,France,0.014,0.4143560490264377,0.5856439509735623,28,France,0.5856439509735623
87,round_of_32,DR Congo,France,0.0125,0.1359032167442767,0.8640967832557233,25,France,0.8640967832557233
87,round_of_32,DR Congo,England,0.012,0.1405028816583391,0.8594971183416609,24,England,0.8594971183416609
87,round_of_32,DR Congo,Iraq,0.011,0.5801255680449702,0.4198744319550298,22,DR Congo,0.5801255680449702
87,round_of_32,Uzbekistan,Iraq,0.0105,0.6485692925927733,0.3514307074072267,21,Uzbekistan,0.6485692925927733
87,round_of_32,Uzbekistan,Norway,0.0105,0.228896713544625,0.771103286455375,21,Norway,0.771103286455375
87,round_of_32,Uzbekistan,France,0.0095,0.1575903175559453,0.8424096824440547,19,France,0.8424096824440547
87,round_of_32,Colombia,Iraq,0.009,0.8724718829147698,0.1275281170852301,18,Colombia,0.8724718829147698
87,round_of_32,Colombia,Norway,0.009,0.5461625694664349,0.453837430533565,18,Colombia,0.5461625694664349
87,round_of_32,Uzbekistan,England,0.009,0.1712400479212755,0.8287599520787244,18,England,0.8287599520787244
87,round_of_32,DR Congo,Ecuador,0.0085,0.2280494999279273,0.7719505000720727,17,Ecuador,0.7719505000720727
87,round_of_32,Portugal,Germany,0.0085,0.5099436183316988,0.4900563816683012,17,Portugal,0.5099436183316988
87,round_of_32,Portugal,Turkey,0.0085,0.6821235947528443,0.3178764052471556,17,Portugal,0.6821235947528443
87,round_of_32,DR Congo,Norway,0.008,0.19013199785026,0.80986800214974,16,Norway,0.80986800214974
87,round_of_32,Colombia,Senegal,0.0075,0.6905690217122721,0.3094309782877279,15,Colombia,0.6905690217122721
87,round_of_32,Portugal,Curaçao,0.0065,0.939820523622814,0.0601794763771859,13,Portugal,0.939820523622814
87,round_of_32,Uzbekistan,Senegal,0.0065,0.3618389197381702,0.6381610802618298,13,Senegal,0.6381610802618298
87,round_of_32,Colombia,Germany,0.006,0.4941238588669714,0.5058761411330286,12,Germany,0.5058761411330286
87,round_of_32,Portugal,United States,0.006,0.7280549012918041,0.2719450987081959,12,Portugal,0.7280549012918041
87,round_of_32,Uzbekistan,Ecuador,0.006,0.2789224767846473,0.7210775232153527,12,Ecuador,0.7210775232153527
87,round_of_32,Colombia,Turkey,0.0055,0.6673876720907678,0.3326123279092322,11,Colombia,0.6673876720907678
87,round_of_32,Colombia,United States,0.004,0.7136916040075432,0.2863083959924568,8,Colombia,0.7136916040075432
87,round_of_32,Portugal,Ivory Coast,0.004,0.7034832317747579,0.2965167682252421,8,Portugal,0.7034832317747579
87,round_of_32,Uzbekistan,Turkey,0.004,0.329720726447661,0.670279273552339,8,Turkey,0.670279273552339
87,round_of_32,Colombia,Curaçao,0.0035,0.9279676704879454,0.0720323295120546,7,Colombia,0.9279676704879454
87,round_of_32,Portugal,Paraguay,0.0035,0.7923189923643609,0.2076810076356391,7,Portugal,0.7923189923643609
87,round_of_32,Uzbekistan,Germany,0.0035,0.1957730082094728,0.8042269917905271,7,Germany,0.8042269917905271
87,round_of_32,DR Congo,Turkey,0.003,0.2764834483204337,0.7235165516795663,6,Turkey,0.7235165516795663
87,round_of_32,Uzbekistan,United States,0.003,0.3778245305283763,0.6221754694716237,6,United States,0.6221754694716237
87,round_of_32,Colombia,Ivory Coast,0.0025,0.6910848665410374,0.3089151334589626,5,Colombia,0.6910848665410374
87,round_of_32,DR Congo,Algeria,0.0025,0.2577903289290963,0.7422096710709036,5,Algeria,0.7422096710709036
87,round_of_32,DR Congo,Ivory Coast,0.0025,0.3009334980987584,0.6990665019012416,5,Ivory Coast,0.6990665019012416
87,round_of_32,DR Congo,Paraguay,0.0025,0.3912604366791672,0.6087395633208328,5,Paraguay,0.6087395633208328
87,round_of_32,Portugal,Australia,0.0025,0.6902788745166872,0.3097211254833127,5,Portugal,0.6902788745166872
87,round_of_32,Colombia,Argentina,0.002,0.3111625984401425,0.6888374015598575,4,Argentina,0.6888374015598575
87,round_of_32,Colombia,Paraguay,0.002,0.7818343504364069,0.218165649563593,4,Colombia,0.7818343504364069
87,round_of_32,DR Congo,Germany,0.002,0.1647568871705524,0.8352431128294475,4,Germany,0.8352431128294475
87,round_of_32,Portugal,Austria,0.002,0.6358360857815829,0.3641639142184171,4,Portugal,0.6358360857815829
87,round_of_32,Colombia,Australia,0.0015,0.6772948488203017,0.3227051511796983,3,Colombia,0.6772948488203017
87,round_of_32,Colombia,Austria,0.0015,0.622129951420523,0.377870048579477,3,Colombia,0.622129951420523
87,round_of_32,DR Congo,Australia,0.0015,0.2827461788194482,0.7172538211805517,3,Australia,0.7172538211805517
87,round_of_32,Uzbekistan,Austria,0.0015,0.29019936731768,0.7098006326823201,3,Austria,0.7098006326823201
87,round_of_32,Uzbekistan,Paraguay,0.0015,0.4616211035329594,0.5383788964670406,3,Paraguay,0.5383788964670406
87,round_of_32,DR Congo,Austria,0.001,0.2394708748573261,0.7605291251426739,2,Austria,0.7605291251426739
87,round_of_32,DR Congo,Curaçao,0.001,0.7583037600135639,0.241696239986436,2,DR Congo,0.7583037600135639
87,round_of_32,Portugal,Algeria,0.001,0.6549551866944877,0.3450448133055123,2,Portugal,0.6549551866944877
87,round_of_32,Uzbekistan,Algeria,0.001,0.3133460614411402,0.6866539385588598,2,Algeria,0.6866539385588598
87,round_of_32,Uzbekistan,Ivory Coast,0.001,0.3624093742787524,0.6375906257212476,2,Ivory Coast,0.6375906257212476
87,round_of_32,Colombia,Algeria,0.0005,0.642726333487634,0.357273666512366,1,Colombia,0.642726333487634
87,round_of_32,DR Congo,Argentina,0.0005,0.0858071539560437,0.9141928460439562,1,Argentina,0.9141928460439562
87,round_of_32,DR Congo,United States,0.0005,0.3185631871214458,0.6814368128785542,1,United States,0.6814368128785542
87,round_of_32,Portugal,Argentina,0.0005,0.3208842581946012,0.6791157418053988,1,Argentina,0.6791157418053988
87,round_of_32,Uzbekistan,Argentina,0.0005,0.1021460682531583,0.8978539317468417,1,Argentina,0.8978539317468417
87,round_of_32,Uzbekistan,Australia,0.0005,0.340838618412278,0.659161381587722,1,Australia,0.659161381587722
88,round_of_32,United States,Iran,0.1175,0.4703353183336063,0.5296646816663937,235,Iran,0.5296646816663937
88,round_of_32,Australia,Iran,0.1125,0.5125654630764314,0.4874345369235686,225,Australia,0.5125654630764314
88,round_of_32,United States,Belgium,0.111,0.3135038835148105,0.6864961164851895,222,Belgium,0.6864961164851895
88,round_of_32,United States,Egypt,0.101,0.6090636731622341,0.3909363268377659,202,United States,0.6090636731622341
88,round_of_32,Australia,Egypt,0.0975,0.6471947615626724,0.3528052384373276,195,Australia,0.6471947615626724
88,round_of_32,Australia,Belgium,0.09,0.3537260821589986,0.6462739178410013,180,Belgium,0.6462739178410013
88,round_of_32,Turkey,Iran,0.0785,0.5239032272095312,0.4760967727904688,157,Turkey,0.5239032272095312
88,round_of_32,Turkey,Belgium,0.0655,0.3629854617131776,0.6370145382868224,131,Belgium,0.6370145382868224
88,round_of_32,Turkey,Egypt,0.0645,0.6574944875602655,0.3425055124397345,129,Turkey,0.6574944875602655
88,round_of_32,United States,New Zealand,0.0445,0.7834585974854241,0.2165414025145758,89,United States,0.7834585974854241
88,round_of_32,Australia,New Zealand,0.039,0.8127291525898093,0.1872708474101907,78,Australia,0.8127291525898093
88,round_of_32,Turkey,New Zealand,0.0305,0.8161321379867249,0.1838678620132751,61,Turkey,0.8161321379867249
88,round_of_32,Paraguay,Belgium,0.014,0.2447198443729697,0.7552801556270302,28,Belgium,0.7552801556270302
88,round_of_32,Paraguay,Iran,0.0135,0.3885173592863675,0.6114826407136325,27,Iran,0.6114826407136325
88,round_of_32,Paraguay,Egypt,0.0115,0.5275003000895706,0.4724996999104294,23,Paraguay,0.5275003000895706
88,round_of_32,Paraguay,New Zealand,0.009,0.7160913554654983,0.2839086445345017,18,Paraguay,0.7160913554654983
89,round_of_16,South Korea,Japan,0.0515,0.2940130228598343,0.7059869771401657,103,Japan,0.7059869771401657
89,round_of_16,Mexico,Japan,0.049,0.4299416283593597,0.5700583716406402,98,Japan,0.5700583716406402
89,round_of_16,Mexico,Morocco,0.047,0.423538990697004,0.576461009302996,94,Morocco,0.576461009302996
89,round_of_16,South Korea,Netherlands,0.043,0.3019081399678917,0.6980918600321082,86,Netherlands,0.6980918600321082
89,round_of_16,Mexico,Netherlands,0.0415,0.4360147705568612,0.5639852294431388,83,Netherlands,0.5639852294431388
89,round_of_16,South Korea,Brazil,0.0415,0.2593638962063531,0.7406361037936469,83,Brazil,0.7406361037936469
89,round_of_16,South Korea,Morocco,0.0415,0.2853989068100957,0.7146010931899043,83,Morocco,0.7146010931899043
89,round_of_16,Switzerland,Japan,0.041,0.4107365590249531,0.5892634409750469,82,Japan,0.5892634409750469
89,round_of_16,Mexico,Brazil,0.039,0.3779947234879577,0.6220052765120423,78,Brazil,0.6220052765120423
89,round_of_16,Canada,Brazil,0.036,0.2829689119490409,0.717031088050959,72,Brazil,0.717031088050959
89,round_of_16,Canada,Japan,0.0355,0.3264228264752322,0.6735771735247678,71,Japan,0.6735771735247678
89,round_of_16,Canada,Netherlands,0.031,0.3319899920947495,0.6680100079052504,62,Netherlands,0.6680100079052504
89,round_of_16,Switzerland,Brazil,0.03,0.3622047537962788,0.6377952462037211,60,Brazil,0.6377952462037211
89,round_of_16,Switzerland,Netherlands,0.029,0.4174274439846069,0.5825725560153932,58,Netherlands,0.5825725560153932
89,round_of_16,Switzerland,Morocco,0.0275,0.4037619100794471,0.5962380899205528,55,Morocco,0.5962380899205528
89,round_of_16,Czech Republic,Brazil,0.026,0.2177166250317015,0.7822833749682985,52,Brazil,0.7822833749682985
89,round_of_16,Canada,Morocco,0.0255,0.3209375208022785,0.6790624791977216,51,Morocco,0.6790624791977216
89,round_of_16,Switzerland,Scotland,0.0255,0.646701903904434,0.3532980960955659,51,Switzerland,0.646701903904434
89,round_of_16,Czech Republic,Netherlands,0.024,0.2518873980306966,0.7481126019693034,48,Netherlands,0.7481126019693034
89,round_of_16,Mexico,Scotland,0.0215,0.6621498005224206,0.3378501994775794,43,Mexico,0.6621498005224206
89,round_of_16,South Korea,Scotland,0.021,0.5229920077512339,0.4770079922487661,42,South Korea,0.5229920077512339
89,round_of_16,Bosnia and Herzegovina,Japan,0.018,0.1191440942680754,0.8808559057319245,36,Japan,0.8808559057319245
89,round_of_16,Czech Republic,Morocco,0.0175,0.2336014089553605,0.7663985910446395,35,Morocco,0.7663985910446395
89,round_of_16,Mexico,Sweden,0.0165,0.6992228049077951,0.3007771950922049,33,Mexico,0.6992228049077951
89,round_of_16,Canada,Scotland,0.016,0.5570832289677415,0.4429167710322584,32,Canada,0.5570832289677415
89,round_of_16,Czech Republic,Japan,0.015,0.243180908214651,0.756819091785349,30,Japan,0.756819091785349
89,round_of_16,South Korea,Sweden,0.015,0.5659380737713113,0.4340619262286886,30,South Korea,0.5659380737713113
89,round_of_16,Bosnia and Herzegovina,Morocco,0.0135,0.1136953667661425,0.8863046332338574,27,Morocco,0.8863046332338574
89,round_of_16,Bosnia and Herzegovina,Netherlands,0.011,0.1241709761311491,0.8758290238688509,22,Netherlands,0.8758290238688509
89,round_of_16,Switzerland,Sweden,0.011,0.685606962328342,0.314393037671658,22,Switzerland,0.685606962328342
89,round_of_16,Bosnia and Herzegovina,Brazil,0.0105,0.1083741940096964,0.8916258059903035,21,Brazil,0.8916258059903035
89,round_of_16,South Africa,Brazil,0.0105,0.1122467956917574,0.8877532043082426,21,Brazil,0.8877532043082426
89,round_of_16,South Africa,Japan,0.01,0.1149418145328399,0.8850581854671601,20,Japan,0.8850581854671601
89,round_of_16,South Africa,Netherlands,0.01,0.123525384865645,0.876474615134355,20,Netherlands,0.876474615134355
89,round_of_16,Canada,Sweden,0.0095,0.5974941253238473,0.4025058746761527,19,Canada,0.5974941253238473
89,round_of_16,Czech Republic,Scotland,0.009,0.4601327560886213,0.5398672439113786,18,Scotland,0.5398672439113786
89,round_of_16,Qatar,Morocco,0.0075,0.0525691324946141,0.947430867505386,15,Morocco,0.947430867505386
89,round_of_16,Qatar,Brazil,0.007,0.0581795019632331,0.9418204980367668,14,Brazil,0.9418204980367668
89,round_of_16,Qatar,Japan,0.007,0.0578046056884866,0.9421953943115132,14,Japan,0.9421953943115132
89,round_of_16,South Korea,Haiti,0.0065,0.751035286814705,0.248964713185295,13,South Korea,0.751035286814705
89,round_of_16,Czech Republic,Sweden,0.006,0.504002737942773,0.495997262057227,12,Czech Republic,0.504002737942773
89,round_of_16,Qatar,Scotland,0.0055,0.1385801024714898,0.8614198975285102,11,Scotland,0.8614198975285102
89,round_of_16,South Africa,Morocco,0.0055,0.1044469791140646,0.8955530208859354,11,Morocco,0.8955530208859354
89,round_of_16,Mexico,Haiti,0.0045,0.834902691539221,0.1650973084607789,9,Mexico,0.834902691539221
89,round_of_16,Qatar,Netherlands,0.0045,0.0621350471419568,0.937864952858043,9,Netherlands,0.937864952858043
89,round_of_16,Bosnia and Herzegovina,Scotland,0.003,0.2624437268499703,0.7375562731500296,6,Scotland,0.7375562731500296
89,round_of_16,Canada,Haiti,0.003,0.7741149970502514,0.2258850029497485,6,Canada,0.7741149970502514
89,round_of_16,Bosnia and Herzegovina,Sweden,0.0025,0.2958465442560471,0.7041534557439528,5,Sweden,0.7041534557439528
89,round_of_16,South Africa,Scotland,0.0025,0.2463246637157846,0.7536753362842155,5,Scotland,0.7536753362842155
89,round_of_16,Czech Republic,Haiti,0.002,0.7031475963716128,0.2968524036283871,4,Czech Republic,0.7031475963716128
89,round_of_16,Switzerland,Haiti,0.002,0.8210321481767653,0.1789678518232347,4,Switzerland,0.8210321481767653
89,round_of_16,Switzerland,Tunisia,0.002,0.8188785383599128,0.1811214616400872,4,Switzerland,0.8188785383599128
89,round_of_16,Mexico,Tunisia,0.0015,0.8296246095315842,0.1703753904684157,3,Mexico,0.8296246095315842
89,round_of_16,South Africa,Sweden,0.0015,0.2797867763585593,0.7202132236414407,3,Sweden,0.7202132236414407
89,round_of_16,Bosnia and Herzegovina,Haiti,0.001,0.5028157441082787,0.4971842558917213,2,Bosnia and Herzegovina,0.5028157441082787
89,round_of_16,Canada,Tunisia,0.001,0.7614147611731881,0.2385852388268119,2,Canada,0.7614147611731881
89,round_of_16,Qatar,Sweden,0.001,0.159979984634302,0.8400200153656979,2,Sweden,0.8400200153656979
89,round_of_16,South Korea,Tunisia,0.001,0.7371477619593287,0.2628522380406712,2,South Korea,0.7371477619593287
89,round_of_16,Bosnia and Herzegovina,Tunisia,0.0005,0.477163113740131,0.522836886259869,1,Tunisia,0.522836886259869
89,round_of_16,Czech Republic,Tunisia,0.0005,0.6863908687278057,0.3136091312721942,1,Czech Republic,0.6863908687278057
89,round_of_16,Qatar,Haiti,0.0005,0.3040381857554063,0.6959618142445936,1,Haiti,0.6959618142445936
90,round_of_16,Germany,Norway,0.0935,0.5509906922313266,0.4490093077686734,187,Germany,0.5509906922313266
90,round_of_16,Ivory Coast,Norway,0.0615,0.3480488441110279,0.6519511558889721,123,Norway,0.6519511558889721
90,round_of_16,Germany,Senegal,0.06,0.6950693893429436,0.3049306106570564,120,Germany,0.6950693893429436
90,round_of_16,Germany,France,0.0595,0.4211949017114909,0.5788050982885091,119,France,0.5788050982885091
90,round_of_16,Ivory Coast,Senegal,0.043,0.500391281229019,0.499608718770981,86,Ivory Coast,0.500391281229019
90,round_of_16,Ivory Coast,France,0.0415,0.2483688646551094,0.7516311353448906,83,France,0.7516311353448906
90,round_of_16,Germany,Sweden,0.034,0.7893691122294695,0.2106308877705305,68,Germany,0.7893691122294695
90,round_of_16,Germany,Japan,0.024,0.535246468333593,0.464753531666407,48,Germany,0.535246468333593
90,round_of_16,Germany,Netherlands,0.0235,0.5460151866986873,0.4539848133013127,47,Germany,0.5460151866986873
90,round_of_16,Ivory Coast,Sweden,0.0235,0.6051646775414485,0.3948353224585514,47,Ivory Coast,0.6051646775414485
90,round_of_16,Brazil,Norway,0.022,0.56375835646923,0.43624164353077,44,Brazil,0.56375835646923
90,round_of_16,Turkey,Norway,0.0195,0.373853331425247,0.626146668574753,39,Norway,0.626146668574753
90,round_of_16,Turkey,France,0.0175,0.2611546330782895,0.7388453669217104,35,France,0.7388453669217104
90,round_of_16,United States,Norway,0.0175,0.3236191367629054,0.6763808632370946,35,Norway,0.6763808632370946
90,round_of_16,Ivory Coast,Japan,0.0165,0.3325715096107321,0.6674284903892679,33,Japan,0.6674284903892679
90,round_of_16,Ivory Coast,Netherlands,0.0165,0.3424191303835512,0.6575808696164488,33,Netherlands,0.6575808696164488
90,round_of_16,Scotland,Norway,0.0145,0.2854032920802536,0.7145967079197464,29,Norway,0.7145967079197464
90,round_of_16,Turkey,Senegal,0.0145,0.5341854859262324,0.4658145140737676,29,Turkey,0.5341854859262324
90,round_of_16,Brazil,France,0.011,0.4327277405038423,0.5672722594961577,22,France,0.5672722594961577
90,round_of_16,Morocco,France,0.0105,0.3974572216665097,0.6025427783334902,21,France,0.6025427783334902
90,round_of_16,Morocco,Norway,0.0105,0.5305439637848259,0.469456036215174,21,Morocco,0.5305439637848259
90,round_of_16,Scotland,France,0.0105,0.1951176643439068,0.8048823356560931,21,France,0.8048823356560931
90,round_of_16,Scotland,Senegal,0.01,0.4358964592926818,0.5641035407073183,20,Senegal,0.5641035407073183
90,round_of_16,Morocco,Senegal,0.0095,0.6803439236165755,0.3196560763834245,19,Morocco,0.6803439236165755
90,round_of_16,Paraguay,Norway,0.0095,0.2528021448700891,0.7471978551299109,19,Norway,0.7471978551299109
90,round_of_16,Turkey,Sweden,0.0095,0.6398075186428613,0.3601924813571386,19,Turkey,0.6398075186428613
90,round_of_16,United States,Senegal,0.0095,0.4809911174114998,0.5190088825885002,19,Senegal,0.5190088825885002
90,round_of_16,Germany,Turkey,0.009,0.6749367426531977,0.3250632573468023,18,Germany,0.6749367426531977
90,round_of_16,Ivory Coast,Turkey,0.0085,0.4647815858978095,0.5352184141021905,17,Turkey,0.5352184141021905
90,round_of_16,Turkey,Japan,0.0085,0.3617570144966145,0.6382429855033855,17,Japan,0.6382429855033855
90,round_of_16,United States,France,0.0085,0.2214933752293282,0.7785066247706718,17,France,0.7785066247706718
90,round_of_16,Brazil,Senegal,0.008,0.7034555480541679,0.2965444519458321,16,Brazil,0.7034555480541679
90,round_of_16,Turkey,Netherlands,0.0075,0.3678766279189346,0.6321233720810654,15,Netherlands,0.6321233720810654
90,round_of_16,United States,Sweden,0.0075,0.5882117559089164,0.4117882440910836,15,United States,0.5882117559089164
90,round_of_16,Germany,Iraq,0.007,0.8805079838506095,0.1194920161493905,14,Germany,0.8805079838506095
90,round_of_16,United States,Netherlands,0.007,0.3182551230473843,0.6817448769526157,14,Netherlands,0.6817448769526157
90,round_of_16,Germany,Tunisia,0.006,0.8845449183680919,0.1154550816319081,12,Germany,0.8845449183680919
90,round_of_16,Paraguay,Senegal,0.006,0.3999447025265072,0.6000552974734927,12,Senegal,0.6000552974734927
90,round_of_16,Germany,Belgium,0.0055,0.5383278802447928,0.4616721197552071,11,Germany,0.5383278802447928
90,round_of_16,United States,Japan,0.0055,0.3126824744310255,0.6873175255689745,11,Japan,0.6873175255689745
90,round_of_16,Germany,Australia,0.005,0.6822081450214091,0.3177918549785908,10,Germany,0.6822081450214091
90,round_of_16,Germany,United States,0.005,0.7218320505053278,0.2781679494946721,10,Germany,0.7218320505053278
90,round_of_16,Ivory Coast,Tunisia,0.005,0.7686092566740709,0.2313907433259291,10,Ivory Coast,0.7686092566740709
90,round_of_16,Scotland,Netherlands,0.005,0.2810845706359711,0.718915429364029,10,Netherlands,0.718915429364029
90,round_of_16,Australia,Senegal,0.0045,0.5233155792079324,0.4766844207920676,9,Australia,0.5233155792079324
90,round_of_16,Brazil,Netherlands,0.0045,0.5582713034828483,0.4417286965171517,9,Brazil,0.5582713034828483
90,round_of_16,Brazil,Sweden,0.0045,0.7914761991481041,0.2085238008518959,9,Brazil,0.7914761991481041
90,round_of_16,Brazil,Turkey,0.0045,0.6833414227541355,0.3166585772458645,9,Brazil,0.6833414227541355
90,round_of_16,Paraguay,France,0.0045,0.1648361410385083,0.8351638589614916,9,France,0.8351638589614916
90,round_of_16,Australia,France,0.004,0.2557088366149584,0.7442911633850415,8,France,0.7442911633850415
90,round_of_16,Australia,Norway,0.004,0.3646294800309768,0.6353705199690232,8,Norway,0.6353705199690232
90,round_of_16,Germany,Paraguay,0.004,0.7872708948538292,0.2127291051461708,8,Germany,0.7872708948538292
90,round_of_16,Germany,Uruguay,0.004,0.6868377826144028,0.3131622173855972,8,Germany,0.6868377826144028
90,round_of_16,Ivory Coast,Belgium,0.004,0.3369816690868308,0.6630183309131692,8,Belgium,0.6630183309131692
90,round_of_16,Scotland,Sweden,0.004,0.5425300341912394,0.4574699658087606,8,Scotland,0.5425300341912394
90,round_of_16,Scotland,Turkey,0.004,0.4009836948101754,0.5990163051898246,8,Turkey,0.5990163051898246
90,round_of_16,Sweden,Norway,0.004,0.2489232988178104,0.7510767011821895,8,Norway,0.7510767011821895
90,round_of_16,Ivory Coast,Iraq,0.0035,0.764669571899616,0.2353304281003839,7,Ivory Coast,0.764669571899616
90,round_of_16,Scotland,Japan,0.0035,0.2747335030619076,0.7252664969380924,7,Japan,0.7252664969380924
90,round_of_16,Scotland,United States,0.0035,0.4538044703587821,0.546195529641218,7,United States,0.546195529641218
90,round_of_16,Germany,Egypt,0.003,0.7921898642673407,0.2078101357326592,6,Germany,0.7921898642673407
90,round_of_16,Haiti,Norway,0.003,0.1321438986179131,0.8678561013820869,6,Norway,0.8678561013820869
90,round_of_16,Ivory Coast,Egypt,0.003,0.6251603452501642,0.3748396547498358,6,Ivory Coast,0.6251603452501642
90,round_of_16,Ivory Coast,Iran,0.003,0.4898157923198761,0.5101842076801238,6,Iran,0.5101842076801238
90,round_of_16,Ivory Coast,Uruguay,0.003,0.4744909382311891,0.5255090617688108,6,Uruguay,0.5255090617688108
90,round_of_16,Paraguay,Sweden,0.003,0.4944001644721554,0.5055998355278446,6,Sweden,0.5055998355278446
90,round_of_16,Ecuador,France,0.0025,0.3094850096817192,0.6905149903182808,5,France,0.6905149903182808
90,round_of_16,Ecuador,Norway,0.0025,0.4377262459402396,0.5622737540597604,5,Norway,0.5622737540597604
90,round_of_16,Germany,Iran,0.0025,0.6880639544182081,0.3119360455817919,5,Germany,0.6880639544182081
90,round_of_16,Haiti,Senegal,0.0025,0.2135269683598481,0.7864730316401518,5,Senegal,0.7864730316401518
90,round_of_16,Morocco,Japan,0.0025,0.5115541491366451,0.4884458508633549,5,Morocco,0.5115541491366451
90,round_of_16,Netherlands,Norway,0.0025,0.5058445537066099,0.4941554462933901,5,Netherlands,0.5058445537066099
90,round_of_16,Netherlands,Senegal,0.0025,0.6574663641105823,0.3425336358894176,5,Netherlands,0.6574663641105823
90,round_of_16,Paraguay,Netherlands,0.0025,0.2461500443659461,0.7538499556340539,5,Netherlands,0.7538499556340539
90,round_of_16,Sweden,Iran,0.0025,0.3830506734551839,0.616949326544816,5,Iran,0.616949326544816
90,round_of_16,Turkey,Tunisia,0.0025,0.7880278130399581,0.2119721869600419,5,Turkey,0.7880278130399581
90,round_of_16,Australia,Netherlands,0.002,0.3580859676202936,0.6419140323797063,4,Netherlands,0.6419140323797063
90,round_of_16,Germany,Spain,0.002,0.3107016350764575,0.6892983649235425,4,Spain,0.6892983649235425
90,round_of_16,Ivory Coast,New Zealand,0.002,0.8029506541166892,0.1970493458833108,4,Ivory Coast,0.8029506541166892
90,round_of_16,Ivory Coast,United States,0.002,0.5178188590487883,0.4821811409512117,4,Ivory Coast,0.5178188590487883
90,round_of_16,Morocco,Netherlands,0.002,0.519993053000307,0.480006946999693,4,Morocco,0.519993053000307
90,round_of_16,Paraguay,Japan,0.002,0.244099697430642,0.7559003025693579,4,Japan,0.7559003025693579
90,round_of_16,Sweden,Senegal,0.002,0.3935624157849475,0.6064375842150524,4,Senegal,0.6064375842150524
90,round_of_16,Brazil,Australia,0.0015,0.6923720379244735,0.3076279620755264,3,Brazil,0.6923720379244735
90,round_of_16,Brazil,Iraq,0.0015,0.877202186640811,0.122797813359189,3,Brazil,0.877202186640811
90,round_of_16,Brazil,Japan,0.0015,0.5510821517919142,0.4489178482080858,3,Brazil,0.5510821517919142
90,round_of_16,Brazil,Tunisia,0.0015,0.8799841242188445,0.1200158757811554,3,Brazil,0.8799841242188445
90,round_of_16,Brazil,United States,0.0015,0.7279930256645144,0.2720069743354856,3,Brazil,0.7279930256645144
90,round_of_16,Ecuador,Japan,0.0015,0.4244931521825257,0.5755068478174743,3,Japan,0.5755068478174743
90,round_of_16,Ecuador,Senegal,0.0015,0.5991406973158481,0.4008593026841519,3,Ecuador,0.5991406973158481
90,round_of_16,Haiti,France,0.0015,0.1027434776991909,0.8972565223008091,3,France,0.8972565223008091
90,round_of_16,Ivory Coast,Australia,0.0015,0.4761610312545742,0.5238389687454257,3,Australia,0.5238389687454257
90,round_of_16,Ivory Coast,Paraguay,0.0015,0.598347667993163,0.401652332006837,3,Ivory Coast,0.598347667993163
90,round_of_16,Japan,Norway,0.0015,0.5165817229429333,0.4834182770570667,3,Japan,0.5165817229429333
90,round_of_16,Japan,Senegal,0.0015,0.6677208751677816,0.3322791248322184,3,Japan,0.6677208751677816
90,round_of_16,Morocco,Iraq,0.0015,0.8731344145064154,0.1268655854935846,3,Morocco,0.8731344145064154
90,round_of_16,Morocco,United States,0.0015,0.6922952120368675,0.3077047879631325,3,Morocco,0.6922952120368675
90,round_of_16,Netherlands,France,0.0015,0.3771078131301625,0.6228921868698374,3,France,0.6228921868698374
90,round_of_16,Scotland,Tunisia,0.0015,0.7183269181102702,0.2816730818897298,3,Scotland,0.7183269181102702
90,round_of_16,Sweden,France,0.0015,0.1666613636618711,0.8333386363381288,3,France,0.8333386363381288
90,round_of_16,Turkey,Egypt,0.0015,0.6574944875602655,0.3425055124397345,3,Turkey,0.6574944875602655
90,round_of_16,Turkey,Iraq,0.0015,0.785204305439474,0.214795694560526,3,Turkey,0.785204305439474
90,round_of_16,Australia,Sweden,0.001,0.6264083731061677,0.3735916268938323,2,Australia,0.6264083731061677
90,round_of_16,Ecuador,Sweden,0.001,0.6884157325356348,0.3115842674643652,2,Ecuador,0.6884157325356348
90,round_of_16,Germany,New Zealand,0.001,0.9028571397217888,0.097142860278211,2,Germany,0.9028571397217888
90,round_of_16,Haiti,Japan,0.001,0.1259204896765688,0.8740795103234311,2,Japan,0.8740795103234311
90,round_of_16,Haiti,Netherlands,0.001,0.1368101763838048,0.8631898236161952,2,Netherlands,0.8631898236161952
90,round_of_16,Ivory Coast,Saudi Arabia,0.001,0.7938348413243845,0.2061651586756154,2,Ivory Coast,0.7938348413243845
90,round_of_16,Japan,France,0.001,0.3859328580126611,0.6140671419873389,2,France,0.6140671419873389
90,round_of_16,Morocco,Australia,0.001,0.6566832781146792,0.3433167218853208,2,Morocco,0.6566832781146792
90,round_of_16,Morocco,Tunisia,0.001,0.8763096497339952,0.1236903502660048,2,Morocco,0.8763096497339952
90,round_of_16,South Korea,Norway,0.001,0.306127596358775,0.6938724036412249,2,Norway,0.6938724036412249
90,round_of_16,Sweden,Iraq,0.001,0.6804378378001441,0.3195621621998559,2,Sweden,0.6804378378001441
90,round_of_16,Turkey,Uruguay,0.001,0.5195412395318159,0.4804587604681841,2,Turkey,0.5195412395318159
90,round_of_16,United States,Iran,0.001,0.4703353183336063,0.5296646816663937,2,Iran,0.5296646816663937
90,round_of_16,Australia,Iraq,0.0005,0.7791379208480296,0.2208620791519704,1,Australia,0.7791379208480296
90,round_of_16,Australia,Saudi Arabia,0.0005,0.8065319627472253,0.1934680372527747,1,Australia,0.8065319627472253
90,round_of_16,Brazil,Belgium,0.0005,0.5522777230228455,0.4477222769771545,1,Brazil,0.5522777230228455
90,round_of_16,Brazil,Cape Verde,0.0005,0.8994313713047216,0.1005686286952783,1,Brazil,0.8994313713047216
90,round_of_16,Brazil,Paraguay,0.0005,0.7945700661042926,0.2054299338957074,1,Brazil,0.7945700661042926
90,round_of_16,Curaçao,Japan,0.0005,0.0666224281091529,0.933377571890847,1,Japan,0.933377571890847
90,round_of_16,Czech Republic,Belgium,0.0005,0.2441533176223485,0.7558466823776515,1,Belgium,0.7558466823776515
90,round_of_16,Czech Republic,France,0.0005,0.1768845483858758,0.8231154516141241,1,France,0.8231154516141241
90,round_of_16,Czech Republic,Norway,0.0005,0.25363882588414,0.74636117411586,1,Norway,0.74636117411586
90,round_of_16,Czech Republic,Sweden,0.0005,0.504002737942773,0.495997262057227,1,Czech Republic,0.504002737942773
90,round_of_16,Ecuador,Belgium,0.0005,0.4270448281200856,0.5729551718799144,1,Belgium,0.5729551718799144
90,round_of_16,Ecuador,Iran,0.0005,0.5884013710594564,0.4115986289405435,1,Ecuador,0.5884013710594564
90,round_of_16,Ecuador,Netherlands,0.0005,0.4278410131686229,0.5721589868313771,1,Netherlands,0.5721589868313771
90,round_of_16,Ecuador,Turkey,0.0005,0.5571738764214563,0.4428261235785437,1,Ecuador,0.5571738764214563
90,round_of_16,Ecuador,United States,0.0005,0.6089072335013233,0.3910927664986767,1,Ecuador,0.6089072335013233
90,round_of_16,Germany,Cape Verde,0.0005,0.9069585797888324,0.0930414202111676,1,Germany,0.9069585797888324
90,round_of_16,Germany,Saudi Arabia,0.0005,0.8985652961436125,0.1014347038563875,1,Germany,0.8985652961436125
90,round_of_16,Haiti,Belgium,0.0005,0.125584954200782,0.8744150457992179,1,Belgium,0.8744150457992179
90,round_of_16,Haiti,Sweden,0.0005,0.3057715333582986,0.6942284666417013,1,Sweden,0.6942284666417013
90,round_of_16,Haiti,Tunisia,0.0005,0.4737827831317122,0.5262172168682877,1,Tunisia,0.5262172168682877
90,round_of_16,Haiti,Turkey,0.0005,0.2084555737110536,0.7915444262889464,1,Turkey,0.7915444262889464
90,round_of_16,Ivory Coast,Brazil,0.0005,0.2959018842559336,0.7040981157440664,1,Brazil,0.7040981157440664
90,round_of_16,Ivory Coast,Spain,0.0005,0.1764558064505118,0.8235441935494883,1,Spain,0.8235441935494883
90,round_of_16,Japan,Belgium,0.0005,0.504326817326342,0.495673182673658,1,Japan,0.504326817326342
90,round_of_16,Japan,New Zealand,0.0005,0.8900594875954996,0.1099405124045004,1,Japan,0.8900594875954996
90,round_of_16,Mexico,France,0.0005,0.3186712933579968,0.6813287066420032,1,France,0.6813287066420032
90,round_of_16,Mexico,Netherlands,0.0005,0.4360147705568612,0.5639852294431388,1,Netherlands,0.5639852294431388
90,round_of_16,Mexico,Norway,0.0005,0.4441436045502537,0.5558563954497463,1,Norway,0.5558563954497463
90,round_of_16,Mexico,Sweden,0.0005,0.6992228049077951,0.3007771950922049,1,Mexico,0.6992228049077951
90,round_of_16,Morocco,Iran,0.0005,0.6710029891539699,0.32899701084603,1,Morocco,0.6710029891539699
90,round_of_16,Morocco,Sweden,0.0005,0.7643396401746549,0.235660359825345,1,Morocco,0.7643396401746549
90,round_of_16,Morocco,Turkey,0.0005,0.6441239117528219,0.3558760882471781,1,Morocco,0.6441239117528219
90,round_of_16,Netherlands,Belgium,0.0005,0.4935662923358206,0.5064337076641794,1,Belgium,0.5064337076641794
90,round_of_16,Netherlands,Egypt,0.0005,0.7619250637977878,0.2380749362022122,1,Netherlands,0.7619250637977878
90,round_of_16,Netherlands,Iran,0.0005,0.6493329625539129,0.350667037446087,1,Netherlands,0.6493329625539129
90,round_of_16,Netherlands,Saudi Arabia,0.0005,0.8795537043142444,0.1204462956857556,1,Netherlands,0.8795537043142444
90,round_of_16,Netherlands,Spain,0.0005,0.273151837060765,0.7268481629392349,1,Spain,0.7268481629392349
90,round_of_16,Paraguay,Belgium,0.0005,0.2447198443729697,0.7552801556270302,1,Belgium,0.7552801556270302
90,round_of_16,Paraguay,Egypt,0.0005,0.5275003000895706,0.4724996999104294,1,Paraguay,0.5275003000895706
90,round_of_16,Paraguay,Iraq,0.0005,0.6791500094023727,0.3208499905976273,1,Paraguay,0.6791500094023727
90,round_of_16,Scotland,Australia,0.0005,0.4144453026056769,0.5855546973943231,1,Australia,0.5855546973943231
90,round_of_16,Scotland,Belgium,0.0005,0.2757700936342468,0.7242299063657531,1,Belgium,0.7242299063657531
90,round_of_16,Scotland,Egypt,0.0005,0.5655721803975988,0.4344278196024012,1,Scotland,0.5655721803975988
90,round_of_16,Scotland,Uruguay,0.0005,0.4188473846597006,0.5811526153402993,1,Uruguay,0.5811526153402993
90,round_of_16,South Africa,Belgium,0.0005,0.1148872028395332,0.8851127971604668,1,Belgium,0.8851127971604668
90,round_of_16,South Korea,France,0.0005,0.2129585792755789,0.7870414207244211,1,France,0.7870414207244211
90,round_of_16,South Korea,Scotland,0.0005,0.5229920077512339,0.4770079922487661,1,South Korea,0.5229920077512339
90,round_of_16,South Korea,Senegal,0.0005,0.4579903818242891,0.5420096181757109,1,Senegal,0.5420096181757109
90,round_of_16,Sweden,Belgium,0.0005,0.2402161474677589,0.759783852532241,1,Belgium,0.759783852532241
90,round_of_16,Sweden,Egypt,0.0005,0.523783142176627,0.476216857823373,1,Sweden,0.523783142176627
90,round_of_16,Switzerland,France,0.0005,0.302745887825617,0.6972541121743829,1,France,0.6972541121743829
90,round_of_16,Tunisia,Iraq,0.0005,0.4971949103698111,0.5028050896301888,1,Iraq,0.5028050896301888
90,round_of_16,Tunisia,Senegal,0.0005,0.2307729071302366,0.7692270928697633,1,Senegal,0.7692270928697633
90,round_of_16,Turkey,Cape Verde,0.0005,0.8268239093300203,0.1731760906699797,1,Turkey,0.8268239093300203
90,round_of_16,Turkey,New Zealand,0.0005,0.8161321379867249,0.1838678620132751,1,Turkey,0.8161321379867249
90,round_of_16,Turkey,Spain,0.0005,0.1790177577497007,0.8209822422502993,1,Spain,0.8209822422502993
90,round_of_16,United States,Belgium,0.0005,0.3135038835148105,0.6864961164851895,1,Belgium,0.6864961164851895
90,round_of_16,United States,Iraq,0.0005,0.7489045949651876,0.2510954050348124,1,United States,0.7489045949651876
91,round_of_16,Morocco,Germany,0.0745,0.478872649737213,0.5211273502627869,149,Germany,0.5211273502627869
91,round_of_16,Morocco,Ivory Coast,0.054,0.6794737042694644,0.3205262957305356,108,Morocco,0.6794737042694644
91,round_of_16,Morocco,France,0.052,0.3974572216665097,0.6025427783334902,104,France,0.6025427783334902
91,round_of_16,Japan,Germany,0.0485,0.4647535316664071,0.5352464683335929,97,Germany,0.5352464683335929
91,round_of_16,Japan,Ivory Coast,0.046,0.6674284903892679,0.3325715096107321,92,Japan,0.6674284903892679
91,round_of_16,Morocco,Norway,0.045,0.5305439637848259,0.469456036215174,90,Morocco,0.5305439637848259
91,round_of_16,Netherlands,Germany,0.043,0.4539848133013127,0.5460151866986873,86,Germany,0.5460151866986873
91,round_of_16,Netherlands,France,0.0375,0.3771078131301625,0.6228921868698374,75,France,0.6228921868698374
91,round_of_16,Netherlands,Norway,0.037,0.5058445537066099,0.4941554462933901,74,Netherlands,0.5058445537066099
91,round_of_16,Netherlands,Ivory Coast,0.0345,0.6575808696164489,0.3424191303835511,69,Netherlands,0.6575808696164489
91,round_of_16,Morocco,Senegal,0.0335,0.6803439236165755,0.3196560763834245,67,Morocco,0.6803439236165755
91,round_of_16,Netherlands,Senegal,0.032,0.6574663641105823,0.3425336358894176,64,Netherlands,0.6574663641105823
91,round_of_16,Japan,Norway,0.0315,0.5165817229429333,0.4834182770570667,63,Japan,0.5165817229429333
91,round_of_16,Brazil,Germany,0.031,0.5123837886936773,0.4876162113063227,62,Brazil,0.5123837886936773
91,round_of_16,Brazil,Ivory Coast,0.0305,0.7040981157440663,0.2959018842559336,61,Brazil,0.7040981157440663
91,round_of_16,Japan,France,0.028,0.3859328580126611,0.6140671419873389,56,France,0.6140671419873389
91,round_of_16,Brazil,France,0.024,0.4327277405038423,0.5672722594961577,48,France,0.5672722594961577
91,round_of_16,Netherlands,Ecuador,0.0235,0.5721589868313772,0.4278410131686228,47,Netherlands,0.5721589868313772
91,round_of_16,Japan,Senegal,0.0225,0.6677208751677816,0.3322791248322184,45,Japan,0.6677208751677816
91,round_of_16,Brazil,Norway,0.02,0.56375835646923,0.43624164353077,40,Brazil,0.56375835646923
91,round_of_16,Morocco,Ecuador,0.0195,0.5780098462447626,0.4219901537552374,39,Morocco,0.5780098462447626
91,round_of_16,Scotland,Germany,0.019,0.2444590115041058,0.7555409884958941,38,Germany,0.7555409884958941
91,round_of_16,Sweden,Ivory Coast,0.019,0.3948353224585514,0.6051646775414485,38,Ivory Coast,0.6051646775414485
91,round_of_16,Brazil,Senegal,0.017,0.7034555480541679,0.2965444519458321,34,Brazil,0.7034555480541679
91,round_of_16,Scotland,Ivory Coast,0.017,0.4368383279687879,0.563161672031212,34,Ivory Coast,0.563161672031212
91,round_of_16,Scotland,France,0.016,0.1951176643439068,0.8048823356560931,32,France,0.8048823356560931
91,round_of_16,Scotland,Norway,0.016,0.2854032920802536,0.7145967079197464,32,Norway,0.7145967079197464
91,round_of_16,Sweden,France,0.014,0.1666613636618711,0.8333386363381288,28,France,0.8333386363381288
91,round_of_16,Brazil,Ecuador,0.013,0.6320351563174995,0.3679648436825005,26,Brazil,0.6320351563174995
91,round_of_16,Scotland,Senegal,0.012,0.4358964592926818,0.5641035407073183,24,Senegal,0.5641035407073183
91,round_of_16,Sweden,Norway,0.0115,0.2489232988178104,0.7510767011821895,23,Norway,0.7510767011821895
91,round_of_16,Japan,Ecuador,0.0095,0.5755068478174742,0.4244931521825258,19,Japan,0.5755068478174742
91,round_of_16,Sweden,Germany,0.0085,0.2106308877705305,0.7893691122294695,17,Germany,0.7893691122294695
91,round_of_16,Sweden,Senegal,0.008,0.3935624157849475,0.6064375842150524,16,Senegal,0.6064375842150524
91,round_of_16,Morocco,Iraq,0.007,0.8731344145064154,0.1268655854935846,14,Morocco,0.8731344145064154
91,round_of_16,Netherlands,Iraq,0.0065,0.8595274179701374,0.1404725820298625,13,Netherlands,0.8595274179701374
91,round_of_16,Scotland,Ecuador,0.0045,0.3466836631045802,0.6533163368954198,9,Ecuador,0.6533163368954198
91,round_of_16,Japan,Iraq,0.004,0.8658582702113462,0.1341417297886538,8,Japan,0.8658582702113462
91,round_of_16,Sweden,Ecuador,0.004,0.3115842674643651,0.6884157325356348,8,Ecuador,0.6884157325356348
91,round_of_16,Brazil,Iraq,0.003,0.877202186640811,0.122797813359189,6,Brazil,0.877202186640811
91,round_of_16,Haiti,France,0.0025,0.1027434776991909,0.8972565223008091,5,France,0.8972565223008091
91,round_of_16,Haiti,Germany,0.0025,0.1162375043074704,0.8837624956925295,5,Germany,0.8837624956925295
91,round_of_16,Haiti,Ivory Coast,0.0025,0.2132129126576145,0.7867870873423854,5,Ivory Coast,0.7867870873423854
91,round_of_16,Scotland,Iraq,0.0025,0.7154541061885308,0.2845458938114692,5,Scotland,0.7154541061885308
91,round_of_16,Haiti,Norway,0.002,0.1321438986179131,0.8678561013820869,4,Norway,0.8678561013820869
91,round_of_16,Japan,Curaçao,0.002,0.9333775718908472,0.0666224281091528,4,Japan,0.9333775718908472
91,round_of_16,Haiti,Ecuador,0.001,0.1717575879005708,0.8282424120994292,2,Ecuador,0.8282424120994292
91,round_of_16,Haiti,Senegal,0.001,0.2135269683598481,0.7864730316401518,2,Senegal,0.7864730316401518
91,round_of_16,Morocco,Curaçao,0.001,0.9417502426127043,0.0582497573872956,2,Morocco,0.9417502426127043
91,round_of_16,Sweden,Iraq,0.001,0.6804378378001441,0.3195621621998559,2,Sweden,0.6804378378001441
91,round_of_16,Tunisia,Ecuador,0.001,0.1775572938945069,0.8224427061054931,2,Ecuador,0.8224427061054931
91,round_of_16,Tunisia,Senegal,0.001,0.2307729071302366,0.7692270928697633,2,Senegal,0.7692270928697633
91,round_of_16,Brazil,Curaçao,0.0005,0.9281775343594536,0.0718224656405464,1,Brazil,0.9281775343594536
91,round_of_16,Netherlands,Curaçao,0.0005,0.926182949628905,0.0738170503710949,1,Netherlands,0.926182949628905
91,round_of_16,Scotland,Curaçao,0.0005,0.8392313067471834,0.1607686932528166,1,Scotland,0.8392313067471834
91,round_of_16,Sweden,Curaçao,0.0005,0.8125533894826973,0.1874466105173027,1,Sweden,0.8125533894826973
91,round_of_16,Tunisia,France,0.0005,0.0957150514687085,0.9042849485312916,1,France,0.9042849485312916
92,round_of_16,Mexico,England,0.143,0.3564193561485932,0.6435806438514067,286,England,0.6435806438514067
92,round_of_16,South Korea,England,0.093,0.2338573987254907,0.7661426012745093,186,England,0.7661426012745093
92,round_of_16,Mexico,Croatia,0.039,0.5284493774578728,0.4715506225421272,78,Mexico,0.5284493774578728
92,round_of_16,Ecuador,England,0.037,0.3521152963266333,0.6478847036733667,74,England,0.6478847036733667
92,round_of_16,Uruguay,England,0.032,0.2846146278609072,0.7153853721390928,64,England,0.7153853721390928
92,round_of_16,Mexico,Colombia,0.0265,0.3960137450839815,0.6039862549160184,53,Colombia,0.6039862549160184
92,round_of_16,South Korea,Croatia,0.0245,0.3858546050120519,0.6141453949879481,49,Croatia,0.6141453949879481
92,round_of_16,Mexico,Portugal,0.022,0.3832179900101784,0.6167820099898216,44,Portugal,0.6167820099898216
92,round_of_16,South Korea,Colombia,0.0185,0.2718021137617313,0.7281978862382688,37,Colombia,0.7281978862382688
92,round_of_16,Brazil,England,0.0175,0.4758916732593793,0.5241083267406206,35,England,0.5241083267406206
92,round_of_16,Scotland,England,0.0175,0.2173613592619826,0.7826386407380174,35,England,0.7826386407380174
92,round_of_16,Cape Verde,England,0.017,0.0791566300960042,0.9208433699039956,34,England,0.9208433699039956
92,round_of_16,Germany,England,0.016,0.4567229250750212,0.5432770749249787,32,England,0.5432770749249787
92,round_of_16,South Korea,Portugal,0.0155,0.2579104049370596,0.7420895950629404,31,Portugal,0.7420895950629404
92,round_of_16,Mexico,Uzbekistan,0.015,0.7273848059031117,0.2726151940968883,30,Mexico,0.7273848059031117
92,round_of_16,Mexico,France,0.013,0.3186712933579968,0.6813287066420032,26,France,0.6813287066420032
92,round_of_16,Spain,England,0.0125,0.6506132074153649,0.3493867925846351,25,Spain,0.6506132074153649
92,round_of_16,Ecuador,Croatia,0.012,0.5193225784438985,0.4806774215561015,24,Ecuador,0.5193225784438985
92,round_of_16,Czech Republic,England,0.0115,0.1905298542017574,0.8094701457982425,23,England,0.8094701457982425
92,round_of_16,Mexico,Norway,0.0115,0.4441436045502537,0.5558563954497463,23,Norway,0.5558563954497463
92,round_of_16,Morocco,England,0.0115,0.43326451114787,0.5667354888521299,23,England,0.5667354888521299
92,round_of_16,Mexico,Senegal,0.0095,0.6035669214969015,0.3964330785030985,19,Mexico,0.6035669214969015
92,round_of_16,Ecuador,Colombia,0.0085,0.38691123975755,0.61308876024245,17,Colombia,0.61308876024245
92,round_of_16,Mexico,DR Congo,0.0085,0.7754029587372664,0.2245970412627336,17,Mexico,0.7754029587372664
92,round_of_16,Saudi Arabia,England,0.0085,0.0878926950279065,0.9121073049720936,17,England,0.9121073049720936
92,round_of_16,Mexico,Panama,0.007,0.7641697509674353,0.2358302490325646,14,Mexico,0.7641697509674353
92,round_of_16,South Korea,DR Congo,0.007,0.6634891847263287,0.3365108152736713,14,South Korea,0.6634891847263287
92,round_of_16,Brazil,Croatia,0.006,0.6481040611405334,0.3518959388594666,12,Brazil,0.6481040611405334
92,round_of_16,Ecuador,Uzbekistan,0.006,0.7210775232153528,0.2789224767846472,12,Ecuador,0.7210775232153528
92,round_of_16,Uruguay,Croatia,0.006,0.4426319299656845,0.5573680700343154,12,Croatia,0.5573680700343154
92,round_of_16,Brazil,France,0.0055,0.4327277405038423,0.5672722594961577,11,France,0.5672722594961577
92,round_of_16,Haiti,England,0.0055,0.0967452205405539,0.903254779459446,11,England,0.903254779459446
92,round_of_16,Mexico,Ecuador,0.0055,0.5071213304136917,0.4928786695863083,11,Mexico,0.5071213304136917
92,round_of_16,South Korea,Panama,0.0055,0.6464897841058481,0.3535102158941519,11,South Korea,0.6464897841058481
92,round_of_16,Ecuador,Portugal,0.005,0.3758770006130358,0.6241229993869641,10,Portugal,0.6241229993869641
92,round_of_16,Ivory Coast,England,0.005,0.2678165969328401,0.7321834030671599,10,England,0.7321834030671599
92,round_of_16,South Korea,France,0.005,0.2129585792755789,0.7870414207244211,10,France,0.7870414207244211
92,round_of_16,Spain,Croatia,0.005,0.7950172076861441,0.2049827923138558,10,Spain,0.7950172076861441
92,round_of_16,Uruguay,Portugal,0.005,0.3057148687683689,0.6942851312316312,10,Portugal,0.6942851312316312
92,round_of_16,Germany,Croatia,0.0045,0.6376517400981994,0.3623482599018006,9,Germany,0.6376517400981994
92,round_of_16,Morocco,Croatia,0.0045,0.607184798951727,0.392815201048273,9,Morocco,0.607184798951727
92,round_of_16,South Korea,Uzbekistan,0.0045,0.6000209567408026,0.3999790432591974,9,South Korea,0.6000209567408026
92,round_of_16,Uruguay,Colombia,0.0045,0.3170509638127352,0.6829490361872648,9,Colombia,0.6829490361872648
92,round_of_16,Cape Verde,Croatia,0.004,0.1523515244427378,0.8476484755572622,8,Croatia,0.8476484755572622
92,round_of_16,South Korea,Norway,0.004,0.306127596358775,0.6938724036412249,8,Norway,0.6938724036412249
92,round_of_16,South Korea,Senegal,0.004,0.4579903818242891,0.5420096181757109,8,Senegal,0.5420096181757109
92,round_of_16,Brazil,Colombia,0.0035,0.5191582659014742,0.4808417340985258,7,Brazil,0.5191582659014742
92,round_of_16,Brazil,Uzbekistan,0.0035,0.8063461258442225,0.1936538741557775,7,Brazil,0.8063461258442225
92,round_of_16,Ecuador,DR Congo,0.0035,0.7719505000720728,0.2280494999279272,7,Ecuador,0.7719505000720728
92,round_of_16,Germany,Colombia,0.0035,0.5058761411330285,0.4941238588669715,7,Germany,0.5058761411330285
92,round_of_16,Ivory Coast,Colombia,0.0035,0.3089151334589625,0.6910848665410375,7,Colombia,0.6910848665410375
92,round_of_16,Ivory Coast,Portugal,0.0035,0.2965167682252421,0.7034832317747579,7,Portugal,0.7034832317747579
92,round_of_16,Mexico,Algeria,0.0035,0.551676448389302,0.448323551610698,7,Mexico,0.551676448389302
92,round_of_16,Mexico,Germany,0.0035,0.3923201644078186,0.6076798355921814,7,Germany,0.6076798355921814
92,round_of_16,Mexico,Iraq,0.0035,0.8271796542444828,0.1728203457555172,7,Mexico,0.8271796542444828
92,round_of_16,Scotland,France,0.0035,0.1951176643439068,0.8048823356560931,7,France,0.8048823356560931
92,round_of_16,South Korea,Algeria,0.0035,0.4042349429482656,0.5957650570517343,7,Algeria,0.5957650570517343
92,round_of_16,South Korea,Ecuador,0.0035,0.3656711998228385,0.6343288001771614,7,Ecuador,0.6343288001771614
92,round_of_16,Czech Republic,Colombia,0.003,0.2274266946820147,0.7725733053179853,6,Colombia,0.7725733053179853
92,round_of_16,Czech Republic,Croatia,0.003,0.3292243923200137,0.6707756076799862,6,Croatia,0.6707756076799862
92,round_of_16,France,England,0.003,0.5407125759294871,0.4592874240705129,6,France,0.5407125759294871
92,round_of_16,Germany,Panama,0.003,0.8382539557802245,0.1617460442197754,6,Germany,0.8382539557802245
92,round_of_16,Mexico,Argentina,0.003,0.2297014591065931,0.7702985408934069,6,Argentina,0.7702985408934069
92,round_of_16,Morocco,Colombia,0.003,0.4760490749972408,0.5239509250027592,6,Colombia,0.5239509250027592
92,round_of_16,Scotland,Colombia,0.003,0.2523572418816424,0.7476427581183576,6,Colombia,0.7476427581183576
92,round_of_16,Scotland,Croatia,0.003,0.3637232636623572,0.6362767363376427,6,Croatia,0.6362767363376427
92,round_of_16,Spain,DR Congo,0.003,0.906060815219514,0.0939391847804859,6,Spain,0.906060815219514
92,round_of_16,Spain,Portugal,0.003,0.6808348554203627,0.3191651445796373,6,Spain,0.6808348554203627
92,round_of_16,Uruguay,DR Congo,0.003,0.7158686036427907,0.2841313963572093,6,Uruguay,0.7158686036427907
92,round_of_16,Brazil,DR Congo,0.0025,0.8353131541845118,0.1646868458154882,5,Brazil,0.8353131541845118
92,round_of_16,Brazil,Norway,0.0025,0.56375835646923,0.43624164353077,5,Brazil,0.56375835646923
92,round_of_16,Brazil,Portugal,0.0025,0.5038340158816202,0.4961659841183797,5,Brazil,0.5038340158816202
92,round_of_16,Czech Republic,France,0.0025,0.1768845483858758,0.8231154516141241,5,France,0.8231154516141241
92,round_of_16,Czech Republic,Portugal,0.0025,0.2128124859701931,0.7871875140298068,5,Portugal,0.7871875140298068
92,round_of_16,Ecuador,France,0.0025,0.3094850096817192,0.6905149903182808,5,France,0.6905149903182808
92,round_of_16,France,Portugal,0.0025,0.5701869126483898,0.4298130873516101,5,France,0.5701869126483898
92,round_of_16,Haiti,Croatia,0.0025,0.1842045767021183,0.8157954232978817,5,Croatia,0.8157954232978817
92,round_of_16,Haiti,Uzbekistan,0.0025,0.3262731863409172,0.6737268136590828,5,Uzbekistan,0.6737268136590828
92,round_of_16,Ivory Coast,Croatia,0.0025,0.4261914682757377,0.5738085317242623,5,Croatia,0.5738085317242623
92,round_of_16,Ivory Coast,France,0.0025,0.2483688646551094,0.7516311353448906,5,France,0.7516311353448906
92,round_of_16,Norway,England,0.0025,0.405433527760985,0.5945664722390149,5,England,0.5945664722390149
92,round_of_16,South Africa,England,0.0025,0.0884282452226499,0.91157175477735,5,England,0.91157175477735
92,round_of_16,South Korea,Ghana,0.0025,0.8183102425112153,0.1816897574887847,5,South Korea,0.8183102425112153
92,round_of_16,Cape Verde,Portugal,0.002,0.0918921519033684,0.9081078480966316,4,Portugal,0.9081078480966316
92,round_of_16,Czech Republic,DR Congo,0.002,0.6048355771715788,0.3951644228284212,4,Czech Republic,0.6048355771715788
92,round_of_16,Ecuador,Iraq,0.002,0.8214103932013904,0.1785896067986095,4,Ecuador,0.8214103932013904
92,round_of_16,Germany,Portugal,0.002,0.4900563816683013,0.5099436183316988,4,Portugal,0.5099436183316988
92,round_of_16,Germany,Uzbekistan,0.002,0.8042269917905271,0.1957730082094728,4,Germany,0.8042269917905271
92,round_of_16,Mexico,Ivory Coast,0.002,0.6042495339709844,0.3957504660290156,4,Mexico,0.6042495339709844
92,round_of_16,Norway,Croatia,0.002,0.5871418293416865,0.4128581706583135,4,Norway,0.5871418293416865
92,round_of_16,Saudi Arabia,Croatia,0.002,0.1656026089709,0.8343973910290999,4,Croatia,0.8343973910290999
92,round_of_16,Scotland,Portugal,0.002,0.238702541184395,0.761297458815605,4,Portugal,0.761297458815605
92,round_of_16,South Korea,Austria,0.002,0.3787292114233195,0.6212707885766804,4,Austria,0.6212707885766804
92,round_of_16,Spain,Colombia,0.002,0.694699065299504,0.305300934700496,4,Spain,0.694699065299504
92,round_of_16,Spain,Uzbekistan,0.002,0.8938714335253753,0.1061285664746246,4,Spain,0.8938714335253753
92,round_of_16,Uruguay,Austria,0.002,0.4426292279562525,0.5573707720437475,4,Austria,0.5573707720437475
92,round_of_16,Uruguay,Ecuador,0.002,0.4253763082912523,0.5746236917087477,4,Ecuador,0.5746236917087477
92,round_of_16,Uruguay,Senegal,0.002,0.5240157814425305,0.4759842185574695,4,Uruguay,0.5240157814425305
92,round_of_16,Brazil,Panama,0.0015,0.8369356098134075,0.1630643901865924,3,Brazil,0.8369356098134075
92,round_of_16,Cape Verde,France,0.0015,0.0805961105944473,0.9194038894055528,3,France,0.9194038894055528
92,round_of_16,Curaçao,Croatia,0.0015,0.1060434755573665,0.8939565244426335,3,Croatia,0.8939565244426335
92,round_of_16,Curaçao,Portugal,0.0015,0.0601794763771858,0.9398205236228142,3,Portugal,0.9398205236228142
92,round_of_16,Czech Republic,Panama,0.0015,0.5871984764353044,0.4128015235646955,3,Czech Republic,0.5871984764353044
92,round_of_16,Ecuador,Norway,0.0015,0.4377262459402396,0.5622737540597604,3,Norway,0.5622737540597604
92,round_of_16,Ecuador,Panama,0.0015,0.7550431721261414,0.2449568278738586,3,Ecuador,0.7550431721261414
92,round_of_16,France,Colombia,0.0015,0.5856439509735623,0.4143560490264377,3,France,0.5856439509735623
92,round_of_16,France,Croatia,0.0015,0.7065132092150861,0.2934867907849139,3,France,0.7065132092150861
92,round_of_16,Germany,Norway,0.0015,0.5509906922313266,0.4490093077686734,3,Germany,0.5509906922313266
92,round_of_16,Haiti,Norway,0.0015,0.1321438986179131,0.8678561013820869,3,Norway,0.8678561013820869
92,round_of_16,Haiti,Portugal,0.0015,0.11441095385022,0.88558904614978,3,Portugal,0.88558904614978
92,round_of_16,Japan,England,0.0015,0.4221278680884,0.5778721319116,3,England,0.5778721319116
92,round_of_16,Mexico,Austria,0.0015,0.5249656374499652,0.4750343625500348,3,Mexico,0.5249656374499652
92,round_of_16,Morocco,DR Congo,0.0015,0.8299141007557784,0.1700858992442215,3,Morocco,0.8299141007557784
92,round_of_16,Norway,Portugal,0.0015,0.4387997217118703,0.5612002782881297,3,Portugal,0.5612002782881297
92,round_of_16,Scotland,DR Congo,0.0015,0.6436570924726358,0.3563429075273642,3,Scotland,0.6436570924726358
92,round_of_16,Scotland,Iraq,0.0015,0.7154541061885308,0.2845458938114692,3,Scotland,0.7154541061885308
92,round_of_16,Scotland,Uzbekistan,0.0015,0.5785710223710393,0.4214289776289607,3,Scotland,0.5785710223710393
92,round_of_16,Spain,Norway,0.0015,0.7287085506266876,0.2712914493733124,3,Spain,0.7287085506266876
92,round_of_16,Uruguay,France,0.0015,0.2478380820257008,0.7521619179742991,3,France,0.7521619179742991
92,round_of_16,Uruguay,Panama,0.0015,0.6946365067138265,0.3053634932861735,3,Uruguay,0.6946365067138265
92,round_of_16,Brazil,Algeria,0.001,0.6570703673675887,0.3429296326324113,2,Brazil,0.6570703673675887
92,round_of_16,Brazil,Ghana,0.001,0.917916935623,0.0820830643769999,2,Brazil,0.917916935623
92,round_of_16,Brazil,Senegal,0.001,0.7034555480541679,0.2965444519458321,2,Brazil,0.7034555480541679
92,round_of_16,Cape Verde,Colombia,0.001,0.1030529738820657,0.8969470261179343,2,Colombia,0.8969470261179343
92,round_of_16,Cape Verde,DR Congo,0.001,0.3438260414182297,0.6561739585817703,2,DR Congo,0.6561739585817703
92,round_of_16,Cape Verde,Ecuador,0.001,0.1438974360633959,0.8561025639366041,2,Ecuador,0.8561025639366041
92,round_of_16,Curaçao,England,0.001,0.0502495476164102,0.9497504523835896,2,England,0.9497504523835896
92,round_of_16,Czech Republic,Ecuador,0.001,0.3113785811232219,0.6886214188767781,2,Ecuador,0.6886214188767781
92,round_of_16,Czech Republic,Norway,0.001,0.25363882588414,0.74636117411586,2,Norway,0.74636117411586
92,round_of_16,Ecuador,Algeria,0.001,0.5488730214614739,0.4511269785385261,2,Ecuador,0.5488730214614739
92,round_of_16,Ecuador,Senegal,0.001,0.5991406973158481,0.4008593026841519,2,Ecuador,0.5991406973158481
92,round_of_16,Germany,DR Congo,0.001,0.8352431128294475,0.1647568871705524,2,Germany,0.8352431128294475
92,round_of_16,Germany,France,0.001,0.4211949017114909,0.5788050982885091,2,France,0.5788050982885091
92,round_of_16,Iraq,Croatia,0.001,0.1902344088879414,0.8097655911120586,2,Croatia,0.8097655911120586
92,round_of_16,Iraq,England,0.001,0.1030285730979831,0.8969714269020169,2,England,0.8969714269020169
92,round_of_16,Ivory Coast,DR Congo,0.001,0.6990665019012415,0.3009334980987584,2,Ivory Coast,0.6990665019012415
92,round_of_16,Ivory Coast,Panama,0.001,0.6829126947301999,0.3170873052698001,2,Ivory Coast,0.6829126947301999
92,round_of_16,Mexico,Ghana,0.001,0.8841321608898453,0.1158678391101547,2,Mexico,0.8841321608898453
92,round_of_16,Morocco,Ecuador,0.001,0.5780098462447626,0.4219901537552374,2,Morocco,0.5780098462447626
92,round_of_16,Morocco,France,0.001,0.3974572216665097,0.6025427783334902,2,France,0.6025427783334902
92,round_of_16,Morocco,Portugal,0.001,0.4664412203511948,0.5335587796488053,2,Portugal,0.5335587796488053
92,round_of_16,Morocco,Senegal,0.001,0.6803439236165755,0.3196560763834245,2,Morocco,0.6803439236165755
92,round_of_16,Morocco,Uzbekistan,0.001,0.788450924454928,0.2115490755450719,2,Morocco,0.788450924454928
92,round_of_16,Netherlands,England,0.001,0.4138619339397386,0.5861380660602613,2,England,0.5861380660602613
92,round_of_16,Saudi Arabia,Colombia,0.001,0.1097135402578959,0.8902864597421041,2,Colombia,0.8902864597421041
92,round_of_16,Saudi Arabia,Norway,0.001,0.119792989769909,0.880207010230091,2,Norway,0.880207010230091
92,round_of_16,Saudi Arabia,Uzbekistan,0.001,0.3147018015134121,0.6852981984865878,2,Uzbekistan,0.6852981984865878
92,round_of_16,Scotland,Panama,0.001,0.6247196912533161,0.3752803087466839,2,Scotland,0.6247196912533161
92,round_of_16,Senegal,England,0.001,0.2673609845637714,0.7326390154362286,2,England,0.7326390154362286
92,round_of_16,Senegal,Uzbekistan,0.001,0.6381610802618297,0.3618389197381703,2,Senegal,0.6381610802618297
92,round_of_16,South Africa,Colombia,0.001,0.1147213040304903,0.8852786959695096,2,Colombia,0.8852786959695096
92,round_of_16,South Africa,Norway,0.001,0.1205742565650488,0.8794257434349512,2,Norway,0.8794257434349512
92,round_of_16,South Africa,Portugal,0.001,0.1033940958107679,0.896605904189232,2,Portugal,0.896605904189232
92,round_of_16,South Africa,Senegal,0.001,0.1975661478503438,0.8024338521496562,2,Senegal,0.8024338521496562
92,round_of_16,South Africa,Uzbekistan,0.001,0.3025529327757992,0.6974470672242008,2,Uzbekistan,0.6974470672242008
92,round_of_16,South Korea,Argentina,0.001,0.1420312711509165,0.8579687288490835,2,Argentina,0.8579687288490835
92,round_of_16,South Korea,Iraq,0.001,0.7337111870096128,0.2662888129903872,2,South Korea,0.7337111870096128
92,round_of_16,South Korea,Jordan,0.001,0.6916504305566527,0.3083495694433473,2,South Korea,0.6916504305566527
92,round_of_16,Sweden,England,0.001,0.1878173239356582,0.8121826760643418,2,England,0.8121826760643418
92,round_of_16,Uruguay,Germany,0.001,0.3131622173855973,0.6868377826144026,2,Germany,0.6868377826144026
92,round_of_16,Uruguay,Norway,0.001,0.3623980894912054,0.6376019105087947,2,Norway,0.6376019105087947
92,round_of_16,Uruguay,Uzbekistan,0.001,0.6566547853441994,0.3433452146558006,2,Uruguay,0.6566547853441994
92,round_of_16,Brazil,Argentina,0.0005,0.3286788250287324,0.6713211749712675,1,Argentina,0.6713211749712675
92,round_of_16,Brazil,Austria,0.0005,0.6378355718505213,0.3621644281494787,1,Brazil,0.6378355718505213
92,round_of_16,Brazil,Ecuador,0.0005,0.6320351563174995,0.3679648436825005,1,Brazil,0.6320351563174995
92,round_of_16,Brazil,Germany,0.0005,0.5123837886936773,0.4876162113063227,1,Brazil,0.5123837886936773
92,round_of_16,Brazil,Iraq,0.0005,0.877202186640811,0.122797813359189,1,Brazil,0.877202186640811
92,round_of_16,Cape Verde,Austria,0.0005,0.1401262981073946,0.8598737018926054,1,Austria,0.8598737018926054
92,round_of_16,Cape Verde,Iraq,0.0005,0.4218926936193336,0.5781073063806663,1,Iraq,0.5781073063806663
92,round_of_16,Cape Verde,Ivory Coast,0.0005,0.1827399523235556,0.8172600476764443,1,Ivory Coast,0.8172600476764443
92,round_of_16,Cape Verde,Norway,0.0005,0.1079707406655231,0.8920292593344769,1,Norway,0.8920292593344769
92,round_of_16,Cape Verde,Panama,0.0005,0.3260786310134542,0.6739213689865458,1,Panama,0.6739213689865458
92,round_of_16,Curaçao,Colombia,0.0005,0.0720323295120545,0.9279676704879456,1,Colombia,0.9279676704879456
92,round_of_16,Curaçao,Uzbekistan,0.0005,0.1996290677863287,0.8003709322136713,1,Uzbekistan,0.8003709322136713
92,round_of_16,Czech Republic,Austria,0.0005,0.3190944078534833,0.6809055921465167,1,Austria,0.6809055921465167
92,round_of_16,Czech Republic,Germany,0.0005,0.2179312870722893,0.7820687129277106,1,Germany,0.7820687129277106
92,round_of_16,Czech Republic,Iraq,0.0005,0.6824766044899802,0.3175233955100198,1,Czech Republic,0.6824766044899802
92,round_of_16,Czech Republic,Senegal,0.0005,0.3939624448780997,0.6060375551219003,1,Senegal,0.6060375551219003
92,round_of_16,Czech Republic,Uzbekistan,0.0005,0.5377759872487088,0.4622240127512912,1,Czech Republic,0.5377759872487088
92,round_of_16,Ecuador,Argentina,0.0005,0.2261894851258298,0.7738105148741702,1,Argentina,0.7738105148741702
92,round_of_16,Ecuador,Ghana,0.0005,0.8768690658966625,0.1231309341033375,1,Ecuador,0.8768690658966625
92,round_of_16,France,Panama,0.0005,0.8702116983595501,0.1297883016404498,1,France,0.8702116983595501
92,round_of_16,Germany,Algeria,0.0005,0.6446525051460171,0.3553474948539828,1,Germany,0.6446525051460171
92,round_of_16,Germany,Austria,0.0005,0.6260721754953177,0.3739278245046823,1,Germany,0.6260721754953177
92,round_of_16,Germany,Senegal,0.0005,0.6950693893429436,0.3049306106570564,1,Germany,0.6950693893429436
92,round_of_16,Haiti,Colombia,0.0005,0.1282471066129573,0.8717528933870426,1,Colombia,0.8717528933870426
92,round_of_16,Haiti,France,0.0005,0.1027434776991909,0.8972565223008091,1,France,0.8972565223008091
92,round_of_16,Haiti,Germany,0.0005,0.1162375043074704,0.8837624956925295,1,Germany,0.8837624956925295
92,round_of_16,Haiti,Iraq,0.0005,0.4686766264666953,0.5313233735333047,1,Iraq,0.5313233735333047
92,round_of_16,Haiti,Senegal,0.0005,0.2135269683598481,0.7864730316401518,1,Senegal,0.7864730316401518
92,round_of_16,Iraq,Colombia,0.0005,0.1275281170852301,0.8724718829147698,1,Colombia,0.8724718829147698
92,round_of_16,Ivory Coast,Ghana,0.0005,0.8434665346685478,0.1565334653314521,1,Ivory Coast,0.8434665346685478
92,round_of_16,Ivory Coast,Jordan,0.0005,0.7256127594899874,0.2743872405100126,1,Ivory Coast,0.7256127594899874
92,round_of_16,Japan,DR Congo,0.0005,0.8195784523298005,0.1804215476701994,1,Japan,0.8195784523298005
92,round_of_16,Mexico,Spain,0.0005,0.2272840583306689,0.7727159416693311,1,Spain,0.7727159416693311
92,round_of_16,Morocco,Algeria,0.0005,0.6316829775356583,0.3683170224643417,1,Morocco,0.6316829775356583
92,round_of_16,Morocco,Ivory Coast,0.0005,0.6794737042694644,0.3205262957305356,1,Morocco,0.6794737042694644
92,round_of_16,Norway,Uzbekistan,0.0005,0.7711032864553748,0.2288967135446251,1,Norway,0.7711032864553748
92,round_of_16,Saudi Arabia,Curaçao,0.0005,0.6510789716482006,0.3489210283517994,1,Saudi Arabia,0.6510789716482006
92,round_of_16,Saudi Arabia,DR Congo,0.0005,0.3803855909553677,0.6196144090446323,1,DR Congo,0.6196144090446323
92,round_of_16,Saudi Arabia,France,0.0005,0.0842070218686273,0.9157929781313726,1,France,0.9157929781313726
92,round_of_16,Saudi Arabia,Ghana,0.0005,0.5802712166859778,0.4197287833140222,1,Saudi Arabia,0.5802712166859778
92,round_of_16,Saudi Arabia,Portugal,0.0005,0.0997651602953808,0.9002348397046191,1,Portugal,0.9002348397046191
92,round_of_16,Saudi Arabia,Senegal,0.0005,0.2055493286901929,0.7944506713098071,1,Senegal,0.7944506713098071
92,round_of_16,Scotland,Austria,0.0005,0.3572680115313867,0.6427319884686133,1,Austria,0.6427319884686133
92,round_of_16,Scotland,Cape Verde,0.0005,0.7706640535538817,0.2293359464461183,1,Scotland,0.7706640535538817
92,round_of_16,Scotland,Curaçao,0.0005,0.8392313067471834,0.1607686932528166,1,Scotland,0.8392313067471834
92,round_of_16,Scotland,Jordan,0.0005,0.6710937412044788,0.3289062587955211,1,Scotland,0.6710937412044788
92,round_of_16,Senegal,Ghana,0.0005,0.8440600251658109,0.1559399748341891,1,Senegal,0.8440600251658109
92,round_of_16,South Africa,Algeria,0.0005,0.1640162437501937,0.8359837562498063,1,Algeria,0.8359837562498063
92,round_of_16,South Africa,Austria,0.0005,0.1536264262135545,0.8463735737864455,1,Austria,0.8463735737864455
92,round_of_16,South Africa,Croatia,0.0005,0.1664317902686584,0.8335682097313415,1,Croatia,0.8335682097313415
92,round_of_16,South Africa,DR Congo,0.0005,0.3626232055101164,0.6373767944898836,1,DR Congo,0.6373767944898836
92,round_of_16,South Africa,France,0.0005,0.0914643961070958,0.9085356038929042,1,France,0.9085356038929042
92,round_of_16,South Korea,Curaçao,0.0005,0.8552260078538646,0.1447739921461354,1,South Korea,0.8552260078538646
92,round_of_16,South Korea,Germany,0.0005,0.2644976020596729,0.7355023979403271,1,Germany,0.7355023979403271
92,round_of_16,South Korea,Uruguay,0.0005,0.4391951388213507,0.5608048611786494,1,Uruguay,0.5608048611786494
92,round_of_16,Spain,Argentina,0.0005,0.5036411800878304,0.4963588199121695,1,Spain,0.5036411800878304
92,round_of_16,Spain,Austria,0.0005,0.7807493080650736,0.2192506919349264,1,Spain,0.7807493080650736
92,round_of_16,Spain,Ecuador,0.0005,0.7794478464405015,0.2205521535594985,1,Spain,0.7794478464405015
92,round_of_16,Spain,France,0.0005,0.6173227703127786,0.3826772296872214,1,Spain,0.6173227703127786
92,round_of_16,Spain,Germany,0.0005,0.6892983649235424,0.3107016350764576,1,Spain,0.6892983649235424
92,round_of_16,Spain,Iraq,0.0005,0.9347224141758632,0.0652775858241366,1,Spain,0.9347224141758632
92,round_of_16,Spain,Ivory Coast,0.0005,0.8235441935494884,0.1764558064505116,1,Spain,0.8235441935494884
92,round_of_16,Spain,Panama,0.0005,0.9161835482066168,0.0838164517933832,1,Spain,0.9161835482066168
92,round_of_16,Spain,Senegal,0.0005,0.8242075230984709,0.1757924769015291,1,Spain,0.8242075230984709
92,round_of_16,Sweden,DR Congo,0.0005,0.6041761724642977,0.3958238275357023,1,Sweden,0.6041761724642977
92,round_of_16,Sweden,France,0.0005,0.1666613636618711,0.8333386363381288,1,France,0.8333386363381288
92,round_of_16,Uruguay,Algeria,0.0005,0.4724473102496866,0.5275526897503133,1,Algeria,0.5275526897503133
92,round_of_16,Uruguay,Argentina,0.0005,0.1759488899695264,0.8240511100304735,1,Argentina,0.8240511100304735
92,round_of_16,Uruguay,Iraq,0.0005,0.7740162300252901,0.2259837699747099,1,Uruguay,0.7740162300252901
92,round_of_16,Uruguay,Jordan,0.0005,0.7346216741304497,0.2653783258695503,1,Uruguay,0.7346216741304497
93,round_of_16,Croatia,Spain,0.0965,0.2049827923138558,0.7950172076861441,193,Spain,0.7950172076861441
93,round_of_16,Portugal,Spain,0.0915,0.3191651445796372,0.6808348554203627,183,Spain,0.6808348554203627
93,round_of_16,Colombia,Spain,0.086,0.3053009347004959,0.6946990652995041,172,Spain,0.6946990652995041
93,round_of_16,England,Spain,0.079,0.349386792584635,0.650613207415365,158,Spain,0.650613207415365
93,round_of_16,DR Congo,Spain,0.0505,0.0939391847804858,0.9060608152195142,101,Spain,0.9060608152195142
93,round_of_16,Colombia,Argentina,0.0445,0.3111625984401425,0.6888374015598575,89,Argentina,0.6888374015598575
93,round_of_16,Uzbekistan,Spain,0.0415,0.1061285664746247,0.8938714335253752,83,Spain,0.8938714335253752
93,round_of_16,England,Argentina,0.034,0.3502533014160435,0.6497466985839565,68,Argentina,0.6497466985839565
93,round_of_16,Croatia,Argentina,0.0325,0.2074395321857029,0.7925604678142971,65,Argentina,0.7925604678142971
93,round_of_16,Panama,Spain,0.032,0.0838164517933832,0.9161835482066168,64,Spain,0.9161835482066168
93,round_of_16,Portugal,Argentina,0.0315,0.3208842581946012,0.6791157418053988,63,Argentina,0.6791157418053988
93,round_of_16,Croatia,Algeria,0.0295,0.5195860349191952,0.4804139650808048,59,Croatia,0.5195860349191952
93,round_of_16,Portugal,Algeria,0.0275,0.6549551866944877,0.3450448133055123,55,Portugal,0.6549551866944877
93,round_of_16,Colombia,Austria,0.0235,0.622129951420523,0.377870048579477,47,Colombia,0.622129951420523
93,round_of_16,Panama,Argentina,0.0215,0.0821071056988626,0.9178928943011372,43,Argentina,0.9178928943011372
93,round_of_16,Portugal,Austria,0.021,0.6358360857815829,0.3641639142184171,42,Portugal,0.6358360857815829
93,round_of_16,Colombia,Algeria,0.0205,0.642726333487634,0.357273666512366,41,Colombia,0.642726333487634
93,round_of_16,England,Algeria,0.0205,0.6873664272817332,0.3126335727182667,41,England,0.6873664272817332
93,round_of_16,Croatia,Austria,0.02,0.4934357731468942,0.5065642268531059,40,Austria,0.5065642268531059
93,round_of_16,England,Austria,0.018,0.667222921885506,0.332777078114494,36,England,0.667222921885506
93,round_of_16,DR Congo,Argentina,0.017,0.0858071539560437,0.9141928460439562,34,Argentina,0.9141928460439562
93,round_of_16,Uzbekistan,Argentina,0.014,0.1021460682531583,0.8978539317468417,28,Argentina,0.8978539317468417
93,round_of_16,DR Congo,Algeria,0.0125,0.2577903289290963,0.7422096710709036,25,Algeria,0.7422096710709036
93,round_of_16,Ghana,Spain,0.0125,0.0406048036872808,0.9593951963127192,25,Spain,0.9593951963127192
93,round_of_16,Croatia,Uruguay,0.0095,0.5573680700343154,0.4426319299656845,19,Croatia,0.5573680700343154
93,round_of_16,Portugal,Uruguay,0.0095,0.6942851312316312,0.3057148687683688,19,Portugal,0.6942851312316312
93,round_of_16,DR Congo,Austria,0.0085,0.2394708748573261,0.7605291251426739,17,Austria,0.7605291251426739
93,round_of_16,England,Uruguay,0.008,0.7153853721390928,0.2846146278609072,16,England,0.7153853721390928
93,round_of_16,Uzbekistan,Austria,0.008,0.29019936731768,0.7098006326823201,16,Austria,0.7098006326823201
93,round_of_16,Uzbekistan,Algeria,0.0075,0.3133460614411402,0.6866539385588598,15,Algeria,0.6866539385588598
93,round_of_16,Panama,Algeria,0.007,0.2704420704700062,0.7295579295299939,14,Algeria,0.7295579295299939
93,round_of_16,Colombia,Uruguay,0.005,0.6829490361872648,0.3170509638127352,10,Colombia,0.6829490361872648
93,round_of_16,Panama,Uruguay,0.005,0.3053634932861736,0.6946365067138264,10,Uruguay,0.6946365067138264
93,round_of_16,Ghana,Algeria,0.0045,0.1280061058672757,0.8719938941327242,9,Algeria,0.8719938941327242
93,round_of_16,Uzbekistan,Uruguay,0.0045,0.3433452146558006,0.6566547853441993,9,Uruguay,0.6566547853441993
93,round_of_16,Panama,Austria,0.004,0.2487101353683684,0.7512898646316316,8,Austria,0.7512898646316316
93,round_of_16,England,Cape Verde,0.0035,0.9208433699039956,0.0791566300960043,7,England,0.9208433699039956
93,round_of_16,Colombia,Jordan,0.003,0.8543985073648095,0.1456014926351905,6,Colombia,0.8543985073648095
93,round_of_16,DR Congo,Jordan,0.003,0.5265827519476378,0.4734172480523622,6,DR Congo,0.5265827519476378
93,round_of_16,DR Congo,Uruguay,0.003,0.2841313963572092,0.7158686036427908,6,Uruguay,0.7158686036427908
93,round_of_16,Portugal,Jordan,0.0025,0.8663027222598486,0.1336972777401514,5,Portugal,0.8663027222598486
93,round_of_16,Portugal,Saudi Arabia,0.0025,0.9002348397046191,0.0997651602953808,5,Portugal,0.9002348397046191
93,round_of_16,Uzbekistan,Saudi Arabia,0.0025,0.6852981984865878,0.3147018015134122,5,Uzbekistan,0.6852981984865878
93,round_of_16,Colombia,Saudi Arabia,0.002,0.8902864597421042,0.1097135402578958,4,Colombia,0.8902864597421042
93,round_of_16,Croatia,Saudi Arabia,0.002,0.8343973910291,0.1656026089708999,4,Croatia,0.8343973910291
93,round_of_16,England,Saudi Arabia,0.002,0.9121073049720936,0.0878926950279064,4,England,0.9121073049720936
93,round_of_16,Ghana,Argentina,0.002,0.0373605372442715,0.9626394627557284,4,Argentina,0.9626394627557284
93,round_of_16,Ghana,Austria,0.002,0.1177894963265866,0.8822105036734134,4,Austria,0.8822105036734134
93,round_of_16,Colombia,Cape Verde,0.0015,0.8969470261179343,0.1030529738820656,3,Colombia,0.8969470261179343
93,round_of_16,Croatia,Jordan,0.0015,0.7793970203852816,0.2206029796147184,3,Croatia,0.7793970203852816
93,round_of_16,Portugal,Cape Verde,0.0015,0.9081078480966316,0.0918921519033683,3,Portugal,0.9081078480966316
93,round_of_16,Croatia,Cape Verde,0.001,0.8476484755572621,0.1523515244427379,2,Croatia,0.8476484755572621
93,round_of_16,DR Congo,Cape Verde,0.001,0.6561739585817702,0.3438260414182298,2,DR Congo,0.6561739585817702
93,round_of_16,England,Jordan,0.001,0.8805262279789748,0.1194737720210251,2,England,0.8805262279789748
93,round_of_16,Panama,Saudi Arabia,0.001,0.6440636225654696,0.3559363774345304,2,Panama,0.6440636225654696
93,round_of_16,DR Congo,Saudi Arabia,0.0005,0.6196144090446322,0.3803855909553678,1,DR Congo,0.6196144090446322
93,round_of_16,Ghana,Uruguay,0.0005,0.1582584100934217,0.8417415899065782,1,Uruguay,0.8417415899065782
93,round_of_16,Panama,Cape Verde,0.0005,0.6739213689865458,0.3260786310134542,1,Panama,0.6739213689865458
93,round_of_16,Panama,Jordan,0.0005,0.5511596321559802,0.4488403678440198,1,Panama,0.5511596321559802
93,round_of_16,Uzbekistan,Cape Verde,0.0005,0.7152140978464032,0.2847859021535968,1,Uzbekistan,0.7152140978464032
93,round_of_16,Uzbekistan,Jordan,0.0005,0.5972220736229227,0.4027779263770773,1,Uzbekistan,0.5972220736229227
94,round_of_16,Australia,Belgium,0.1065,0.3537260821589986,0.6462739178410013,213,Belgium,0.6462739178410013
94,round_of_16,United States,Belgium,0.0715,0.3135038835148105,0.6864961164851895,143,Belgium,0.6864961164851895
94,round_of_16,Australia,Iran,0.06,0.5125654630764314,0.4874345369235686,120,Australia,0.5125654630764314
94,round_of_16,United States,Iran,0.0395,0.4703353183336063,0.5296646816663937,79,Iran,0.5296646816663937
94,round_of_16,Switzerland,Belgium,0.031,0.4124968481013105,0.5875031518986895,62,Belgium,0.5875031518986895
94,round_of_16,Australia,Egypt,0.026,0.6471947615626724,0.3528052384373276,52,Australia,0.6471947615626724
94,round_of_16,Australia,Mexico,0.026,0.4180524860611988,0.5819475139388012,52,Mexico,0.5819475139388012
94,round_of_16,Canada,Belgium,0.026,0.3287881284076815,0.6712118715923184,52,Belgium,0.6712118715923184
94,round_of_16,Australia,Czech Republic,0.024,0.6251073229355746,0.3748926770644254,48,Australia,0.6251073229355746
94,round_of_16,Australia,South Korea,0.021,0.5637659771365574,0.4362340228634426,42,Australia,0.5637659771365574
94,round_of_16,United States,Czech Republic,0.0205,0.5837297049081412,0.4162702950918587,41,United States,0.5837297049081412
94,round_of_16,Switzerland,Iran,0.0175,0.5738783622343185,0.4261216377656814,35,Switzerland,0.5738783622343185
94,round_of_16,United States,Egypt,0.016,0.6090636731622341,0.3909363268377659,32,United States,0.6090636731622341
94,round_of_16,United States,South Korea,0.015,0.522778411512871,0.477221588487129,30,United States,0.522778411512871
94,round_of_16,Canada,Iran,0.0145,0.4856837811880987,0.5143162188119013,29,Iran,0.5143162188119013
94,round_of_16,United States,Mexico,0.013,0.3805993739468181,0.6194006260531819,26,Mexico,0.6194006260531819
94,round_of_16,Austria,Belgium,0.0125,0.4100496281578172,0.5899503718421828,25,Belgium,0.5899503718421828
94,round_of_16,Argentina,Iran,0.011,0.8278198567650538,0.1721801432349462,22,Argentina,0.8278198567650538
94,round_of_16,Australia,South Africa,0.011,0.8111114083456148,0.1888885916543852,22,Australia,0.8111114083456148
94,round_of_16,Austria,Iran,0.0105,0.5696314917820642,0.4303685082179358,21,Austria,0.5696314917820642
94,round_of_16,Australia,Austria,0.0095,0.4423709444718839,0.557629055528116,19,Austria,0.557629055528116
94,round_of_16,France,Belgium,0.009,0.6154139434718525,0.3845860565281475,18,France,0.6154139434718525
94,round_of_16,Canada,Egypt,0.0085,0.6223837094683723,0.3776162905316277,17,Canada,0.6223837094683723
94,round_of_16,Switzerland,Czech Republic,0.0085,0.680340060446364,0.319659939553636,17,Switzerland,0.680340060446364
94,round_of_16,Australia,France,0.0075,0.2557088366149584,0.7442911633850415,15,France,0.7442911633850415
94,round_of_16,Bosnia and Herzegovina,Iran,0.0075,0.2071517875898,0.7928482124102,15,Iran,0.7928482124102
94,round_of_16,Switzerland,South Korea,0.0075,0.6246733165980727,0.3753266834019273,15,Switzerland,0.6246733165980727
94,round_of_16,Turkey,Belgium,0.0075,0.3629854617131776,0.6370145382868224,15,Belgium,0.6370145382868224
94,round_of_16,Turkey,Iran,0.0075,0.5239032272095312,0.4760967727904688,15,Turkey,0.5239032272095312
94,round_of_16,Argentina,Belgium,0.007,0.721763644621416,0.278236355378584,14,Argentina,0.721763644621416
94,round_of_16,Switzerland,Egypt,0.007,0.700336209723329,0.299663790276671,14,Switzerland,0.700336209723329
94,round_of_16,Switzerland,Mexico,0.007,0.4830256084431452,0.5169743915568548,14,Mexico,0.5169743915568548
94,round_of_16,Bosnia and Herzegovina,Belgium,0.0065,0.1184062461923366,0.8815937538076634,13,Belgium,0.8815937538076634
94,round_of_16,Ecuador,Belgium,0.0065,0.4270448281200856,0.5729551718799144,13,Belgium,0.5729551718799144
94,round_of_16,Senegal,Belgium,0.0065,0.3363724694824379,0.6636275305175621,13,Belgium,0.6636275305175621
94,round_of_16,Algeria,Belgium,0.006,0.3888147081117306,0.6111852918882694,12,Belgium,0.6111852918882694
94,round_of_16,Australia,Algeria,0.006,0.469461863357657,0.530538136642343,12,Algeria,0.530538136642343
94,round_of_16,Australia,Uruguay,0.006,0.5006709598642377,0.4993290401357623,12,Australia,0.5006709598642377
94,round_of_16,Bosnia and Herzegovina,Czech Republic,0.006,0.2929679820046627,0.7070320179953373,12,Czech Republic,0.7070320179953373
94,round_of_16,United States,South Africa,0.006,0.780121926043676,0.2198780739563239,12,United States,0.780121926043676
94,round_of_16,Algeria,Iran,0.0055,0.5445346105254557,0.4554653894745443,11,Algeria,0.5445346105254557
94,round_of_16,Ecuador,Iran,0.0055,0.5884013710594564,0.4115986289405435,11,Ecuador,0.5884013710594564
94,round_of_16,Argentina,Egypt,0.005,0.8905608299179243,0.1094391700820757,10,Argentina,0.8905608299179243
94,round_of_16,Algeria,Czech Republic,0.0045,0.6580469543012928,0.3419530456987072,9,Algeria,0.6580469543012928
94,round_of_16,Australia,Argentina,0.0045,0.1768629494421313,0.8231370505578687,9,Argentina,0.8231370505578687
94,round_of_16,Canada,Mexico,0.0045,0.3911705487467609,0.6088294512532391,9,Mexico,0.6088294512532391
94,round_of_16,Qatar,Belgium,0.0045,0.056280570796206,0.943719429203794,9,Belgium,0.943719429203794
94,round_of_16,United States,Austria,0.0045,0.4004911595617028,0.5995088404382971,9,Austria,0.5995088404382971
94,round_of_16,United States,Uruguay,0.0045,0.4663115583254115,0.5336884416745885,9,Uruguay,0.5336884416745885
94,round_of_16,Australia,New Zealand,0.004,0.8127291525898093,0.1872708474101907,8,Australia,0.8127291525898093
94,round_of_16,Austria,Czech Republic,0.004,0.6809055921465167,0.3190944078534833,8,Austria,0.6809055921465167
94,round_of_16,Argentina,Czech Republic,0.0035,0.8866160290137016,0.1133839709862983,7,Argentina,0.8866160290137016
94,round_of_16,Argentina,Mexico,0.0035,0.7702985408934068,0.2297014591065932,7,Argentina,0.7702985408934068
94,round_of_16,Australia,Spain,0.0035,0.1782550843110787,0.8217449156889213,7,Spain,0.8217449156889213
94,round_of_16,Bosnia and Herzegovina,Egypt,0.0035,0.3168473285178668,0.6831526714821332,7,Egypt,0.6831526714821332
94,round_of_16,Canada,South Korea,0.0035,0.535775846535397,0.464224153464603,7,Canada,0.535775846535397
94,round_of_16,Ecuador,Mexico,0.0035,0.4928786695863084,0.5071213304136916,7,Mexico,0.5071213304136916
94,round_of_16,Norway,Iran,0.0035,0.6441188672606941,0.3558811327393059,7,Norway,0.6441188672606941
94,round_of_16,Qatar,Iran,0.0035,0.1025504482957985,0.8974495517042015,7,Iran,0.8974495517042015
94,round_of_16,Switzerland,Algeria,0.0035,0.5304638999308073,0.4695361000691926,7,Switzerland,0.5304638999308073
94,round_of_16,Switzerland,South Africa,0.0035,0.8385216275514963,0.1614783724485037,7,Switzerland,0.8385216275514963
94,round_of_16,Australia,Saudi Arabia,0.003,0.8065319627472253,0.1934680372527747,6,Australia,0.8065319627472253
94,round_of_16,Austria,South Korea,0.003,0.6212707885766805,0.3787292114233195,6,Austria,0.6212707885766805
94,round_of_16,France,Iran,0.003,0.7462419432453634,0.2537580567546366,6,France,0.7462419432453634
94,round_of_16,Norway,Belgium,0.003,0.4872773310783438,0.5127226689216562,6,Belgium,0.5127226689216562
94,round_of_16,Sweden,Belgium,0.003,0.2402161474677589,0.759783852532241,6,Belgium,0.759783852532241
94,round_of_16,Switzerland,France,0.003,0.302745887825617,0.6972541121743829,6,France,0.6972541121743829
94,round_of_16,Australia,Iraq,0.0025,0.7791379208480296,0.2208620791519704,5,Australia,0.7791379208480296
94,round_of_16,Australia,Senegal,0.0025,0.5233155792079324,0.4766844207920676,5,Australia,0.5233155792079324
94,round_of_16,Austria,Egypt,0.0025,0.697446603227046,0.302553396772954,5,Austria,0.697446603227046
94,round_of_16,Bosnia and Herzegovina,Mexico,0.0025,0.1568781189172818,0.8431218810827181,5,Mexico,0.8431218810827181
94,round_of_16,Canada,Czech Republic,0.0025,0.5976492405905952,0.4023507594094048,5,Canada,0.5976492405905952
94,round_of_16,Canada,South Africa,0.0025,0.7936823136449864,0.2063176863550135,5,Canada,0.7936823136449864
94,round_of_16,Ecuador,Czech Republic,0.0025,0.6886214188767781,0.3113785811232219,5,Ecuador,0.6886214188767781
94,round_of_16,Iraq,Iran,0.0025,0.2274064205799841,0.7725935794200158,5,Iran,0.7725935794200158
94,round_of_16,Senegal,Iran,0.0025,0.4896034543251663,0.5103965456748337,5,Iran,0.5103965456748337
94,round_of_16,Senegal,South Korea,0.0025,0.5420096181757108,0.4579903818242892,5,Senegal,0.5420096181757108
94,round_of_16,United States,Algeria,0.0025,0.427717599355426,0.5722824006445739,5,Algeria,0.5722824006445739
94,round_of_16,United States,Cape Verde,0.0025,0.7965954689813894,0.2034045310186105,5,United States,0.7965954689813894
94,round_of_16,United States,France,0.0025,0.2214933752293282,0.7785066247706718,5,France,0.7785066247706718
94,round_of_16,Algeria,Mexico,0.002,0.448323551610698,0.551676448389302,4,Mexico,0.551676448389302
94,round_of_16,Algeria,South Korea,0.002,0.5957650570517342,0.4042349429482658,4,Algeria,0.5957650570517342
94,round_of_16,Australia,Cape Verde,0.002,0.8253451658935721,0.1746548341064279,4,Australia,0.8253451658935721
94,round_of_16,Australia,Ecuador,0.002,0.4246928917451411,0.5753071082548589,4,Ecuador,0.5753071082548589
94,round_of_16,Australia,Norway,0.002,0.3646294800309768,0.6353705199690232,4,Norway,0.6353705199690232
94,round_of_16,Austria,Mexico,0.002,0.4750343625500348,0.5249656374499652,4,Mexico,0.5249656374499652
94,round_of_16,Bosnia and Herzegovina,South Korea,0.002,0.2444778714655374,0.7555221285344625,4,South Korea,0.7555221285344625
94,round_of_16,Canada,Argentina,0.002,0.1615965550642187,0.8384034449357813,4,Argentina,0.8384034449357813
94,round_of_16,France,Czech Republic,0.002,0.8231154516141241,0.1768845483858758,4,France,0.8231154516141241
94,round_of_16,France,Egypt,0.002,0.8317953957546352,0.1682046042453647,4,France,0.8317953957546352
94,round_of_16,Germany,Belgium,0.002,0.5383278802447928,0.4616721197552071,4,Germany,0.5383278802447928
94,round_of_16,Japan,Belgium,0.002,0.504326817326342,0.495673182673658,4,Japan,0.504326817326342
94,round_of_16,Jordan,Czech Republic,0.002,0.364097632108073,0.635902367891927,4,Czech Republic,0.635902367891927
94,round_of_16,Qatar,Mexico,0.002,0.0806931307770782,0.9193068692229216,4,Mexico,0.9193068692229216
94,round_of_16,United States,Argentina,0.002,0.1509487716496702,0.8490512283503298,4,Argentina,0.8490512283503298
94,round_of_16,Argentina,South Africa,0.0015,0.946505013473114,0.0534949865268861,3,Argentina,0.946505013473114
94,round_of_16,Australia,Germany,0.0015,0.3177918549785908,0.6822081450214093,3,Germany,0.6822081450214093
94,round_of_16,Austria,South Africa,0.0015,0.8463735737864454,0.1536264262135546,3,Austria,0.8463735737864454
94,round_of_16,Bosnia and Herzegovina,Austria,0.0015,0.1637589122176356,0.8362410877823643,3,Austria,0.8362410877823643
94,round_of_16,Bosnia and Herzegovina,South Africa,0.0015,0.5318032622310701,0.4681967377689299,3,Bosnia and Herzegovina,0.5318032622310701
94,round_of_16,Bosnia and Herzegovina,Spain,0.0015,0.0544404448406448,0.9455595551593552,3,Spain,0.9455595551593552
94,round_of_16,Canada,Uruguay,0.0015,0.4724537060464662,0.5275462939535338,3,Uruguay,0.5275462939535338
94,round_of_16,Netherlands,Belgium,0.0015,0.4935662923358206,0.5064337076641794,3,Belgium,0.5064337076641794
94,round_of_16,Netherlands,South Korea,0.0015,0.6980918600321081,0.3019081399678919,3,Netherlands,0.6980918600321081
94,round_of_16,Norway,South Korea,0.0015,0.693872403641225,0.3061275963587749,3,Norway,0.693872403641225
94,round_of_16,Paraguay,Belgium,0.0015,0.2447198443729697,0.7552801556270302,3,Belgium,0.7552801556270302
94,round_of_16,Paraguay,Czech Republic,0.0015,0.496329033421502,0.503670966578498,3,Czech Republic,0.503670966578498
94,round_of_16,Qatar,Czech Republic,0.0015,0.1537685289696465,0.8462314710303535,3,Czech Republic,0.8462314710303535
94,round_of_16,Sweden,Czech Republic,0.0015,0.495997262057227,0.504002737942773,3,Czech Republic,0.504002737942773
94,round_of_16,Sweden,Egypt,0.0015,0.523783142176627,0.476216857823373,3,Sweden,0.523783142176627
94,round_of_16,Switzerland,Austria,0.0015,0.5046344925619,0.4953655074381,3,Switzerland,0.5046344925619
94,round_of_16,Switzerland,New Zealand,0.0015,0.8437119584946746,0.1562880415053253,3,Switzerland,0.8437119584946746
94,round_of_16,Switzerland,Senegal,0.0015,0.5836158855315837,0.4163841144684163,3,Switzerland,0.5836158855315837
94,round_of_16,Switzerland,Spain,0.0015,0.2121587236506108,0.7878412763493892,3,Spain,0.7878412763493892
94,round_of_16,Turkey,Austria,0.0015,0.4536137706752798,0.5463862293247201,3,Austria,0.5463862293247201
94,round_of_16,Turkey,Czech Republic,0.0015,0.6347004297789202,0.3652995702210798,3,Turkey,0.6347004297789202
94,round_of_16,Turkey,Mexico,0.0015,0.432728605381443,0.567271394618557,3,Mexico,0.567271394618557
94,round_of_16,Turkey,South Korea,0.0015,0.5760471343909548,0.4239528656090452,3,Turkey,0.5760471343909548
94,round_of_16,United States,Iraq,0.0015,0.7489045949651876,0.2510954050348124,3,United States,0.7489045949651876
94,round_of_16,United States,New Zealand,0.0015,0.7834585974854241,0.2165414025145758,3,United States,0.7834585974854241
94,round_of_16,United States,Saudi Arabia,0.0015,0.7791630613847386,0.2208369386152614,3,United States,0.7791630613847386
94,round_of_16,United States,Senegal,0.0015,0.4809911174114998,0.5190088825885002,3,Senegal,0.5190088825885002
94,round_of_16,Argentina,South Korea,0.001,0.8579687288490834,0.1420312711509166,2,Argentina,0.8579687288490834
94,round_of_16,Austria,Uruguay,0.001,0.5573707720437476,0.4426292279562523,2,Austria,0.5573707720437476
94,round_of_16,Bosnia and Herzegovina,Norway,0.001,0.1237419647592818,0.8762580352407182,2,Norway,0.8762580352407182
94,round_of_16,Canada,Cape Verde,0.001,0.8077988557413686,0.1922011442586314,2,Canada,0.8077988557413686
94,round_of_16,Canada,New Zealand,0.001,0.7934427887131486,0.2065572112868514,2,Canada,0.7934427887131486
94,round_of_16,Canada,Senegal,0.001,0.4968797306121499,0.50312026938785,2,Senegal,0.50312026938785
94,round_of_16,Canada,Spain,0.001,0.1615913653448145,0.8384086346551854,2,Spain,0.8384086346551854
94,round_of_16,Ecuador,Egypt,0.001,0.7116629094613313,0.2883370905386687,2,Ecuador,0.7116629094613313
94,round_of_16,Ecuador,South Korea,0.001,0.6343288001771614,0.3656711998228386,2,Ecuador,0.6343288001771614
94,round_of_16,Ecuador,Spain,0.001,0.2205521535594985,0.7794478464405015,2,Spain,0.7794478464405015
94,round_of_16,Ecuador,Uruguay,0.001,0.5746236917087477,0.4253763082912523,2,Ecuador,0.5746236917087477
94,round_of_16,France,Algeria,0.001,0.7083773545337946,0.2916226454662054,2,France,0.7083773545337946
94,round_of_16,France,Mexico,0.001,0.6813287066420032,0.3186712933579968,2,France,0.6813287066420032
94,round_of_16,France,South Africa,0.001,0.908535603892904,0.0914643961070958,2,France,0.908535603892904
94,round_of_16,Germany,Iran,0.001,0.6880639544182081,0.3119360455817919,2,Germany,0.6880639544182081
94,round_of_16,Germany,South Africa,0.001,0.8947871525449819,0.1052128474550181,2,Germany,0.8947871525449819
94,round_of_16,Iraq,Belgium,0.001,0.1342263112305145,0.8657736887694855,2,Belgium,0.8657736887694855
94,round_of_16,Iraq,Cape Verde,0.001,0.5781073063806662,0.4218926936193338,2,Iraq,0.5781073063806662
94,round_of_16,Iraq,Mexico,0.001,0.1728203457555173,0.8271796542444827,2,Mexico,0.8271796542444827
94,round_of_16,Iraq,South Korea,0.001,0.2662888129903871,0.7337111870096129,2,South Korea,0.7337111870096129
94,round_of_16,Ivory Coast,Egypt,0.001,0.6251603452501642,0.3748396547498358,2,Ivory Coast,0.6251603452501642
94,round_of_16,Ivory Coast,South Korea,0.001,0.5414912081606905,0.4585087918393095,2,Ivory Coast,0.5414912081606905
94,round_of_16,Japan,Egypt,0.001,0.7699228652410326,0.2300771347589674,2,Japan,0.7699228652410326
94,round_of_16,Netherlands,Iran,0.001,0.6493329625539129,0.350667037446087,2,Netherlands,0.6493329625539129
94,round_of_16,Norway,Czech Republic,0.001,0.74636117411586,0.25363882588414,2,Norway,0.74636117411586
94,round_of_16,Paraguay,Egypt,0.001,0.5275003000895706,0.4724996999104294,2,Paraguay,0.5275003000895706
94,round_of_16,Qatar,Egypt,0.001,0.1683900246310795,0.8316099753689205,2,Egypt,0.8316099753689205
94,round_of_16,Qatar,France,0.001,0.0453602319321377,0.9546397680678622,2,France,0.9546397680678622
94,round_of_16,Senegal,Egypt,0.001,0.6253567545147501,0.3746432454852498,2,Senegal,0.6253567545147501
94,round_of_16,Senegal,South Africa,0.001,0.8024338521496561,0.1975661478503438,2,Senegal,0.8024338521496561
94,round_of_16,Sweden,Iran,0.001,0.3830506734551839,0.616949326544816,2,Iran,0.616949326544816
94,round_of_16,Sweden,South Korea,0.001,0.4340619262286887,0.5659380737713113,2,South Korea,0.5659380737713113
94,round_of_16,Switzerland,Argentina,0.001,0.215041365343052,0.784958634656948,2,Argentina,0.784958634656948
94,round_of_16,Switzerland,Cape Verde,0.001,0.8524497155937676,0.1475502844062324,2,Switzerland,0.8524497155937676
94,round_of_16,Switzerland,Norway,0.001,0.4239198400306156,0.5760801599693843,2,Norway,0.5760801599693843
94,round_of_16,Turkey,Algeria,0.001,0.4804573998739981,0.5195426001260018,2,Algeria,0.5195426001260018
94,round_of_16,Turkey,Argentina,0.001,0.1817254142069276,0.8182745857930723,2,Argentina,0.8182745857930723
94,round_of_16,Turkey,Egypt,0.001,0.6574944875602655,0.3425055124397345,2,Turkey,0.6574944875602655
94,round_of_16,Turkey,Uruguay,0.001,0.5195412395318159,0.4804587604681841,2,Turkey,0.5195412395318159
94,round_of_16,Algeria,Egypt,0.0005,0.6744816914914235,0.3255183085085765,1,Algeria,0.6744816914914235
94,round_of_16,Algeria,South Africa,0.0005,0.8359837562498061,0.1640162437501938,1,Algeria,0.8359837562498061
94,round_of_16,Algeria,Spain,0.0005,0.2118591099148783,0.7881408900851217,1,Spain,0.7881408900851217
94,round_of_16,Algeria,Uruguay,0.0005,0.5275526897503133,0.4724473102496866,1,Algeria,0.5275526897503133
94,round_of_16,Australia,Ivory Coast,0.0005,0.5238389687454257,0.4761610312545743,1,Australia,0.5238389687454257
94,round_of_16,Austria,Cape Verde,0.0005,0.8598737018926053,0.1401262981073947,1,Austria,0.8598737018926053
94,round_of_16,Austria,Spain,0.0005,0.2192506919349263,0.7807493080650737,1,Spain,0.7807493080650737
94,round_of_16,Bosnia and Herzegovina,Algeria,0.0005,0.1791471342444527,0.8208528657555473,1,Algeria,0.8208528657555473
94,round_of_16,Bosnia and Herzegovina,Argentina,0.0005,0.051906144129524,0.948093855870476,1,Argentina,0.948093855870476
94,round_of_16,Bosnia and Herzegovina,France,0.0005,0.0855499096621675,0.9144500903378324,1,France,0.9144500903378324
94,round_of_16,Bosnia and Herzegovina,Jordan,0.0005,0.4188993333583448,0.5811006666416552,1,Jordan,0.5811006666416552
94,round_of_16,Bosnia and Herzegovina,Uruguay,0.0005,0.2096443409319886,0.7903556590680114,1,Uruguay,0.7903556590680114
94,round_of_16,Canada,Algeria,0.0005,0.4440786963819102,0.5559213036180898,1,Algeria,0.5559213036180898
94,round_of_16,Canada,Austria,0.0005,0.4158808674965618,0.5841191325034383,1,Austria,0.5841191325034383
94,round_of_16,Canada,France,0.0005,0.2337220197693532,0.7662779802306467,1,France,0.7662779802306467
94,round_of_16,Canada,Saudi Arabia,0.0005,0.7877030984353809,0.2122969015646191,1,Canada,0.7877030984353809
94,round_of_16,Curaçao,Belgium,0.0005,0.0646125994601942,0.9353874005398056,1,Belgium,0.9353874005398056
94,round_of_16,Curaçao,Egypt,0.0005,0.1884200881302083,0.8115799118697916,1,Egypt,0.8115799118697916
94,round_of_16,Curaçao,New Zealand,0.0005,0.357257491538718,0.6427425084612819,1,New Zealand,0.6427425084612819
94,round_of_16,Ecuador,Austria,0.0005,0.519843627727836,0.480156372272164,1,Ecuador,0.519843627727836
94,round_of_16,Ecuador,South Africa,0.0005,0.8452963578219163,0.1547036421780837,1,Ecuador,0.8452963578219163
94,round_of_16,France,Argentina,0.0005,0.3893396037988301,0.6106603962011699,1,Argentina,0.6106603962011699
94,round_of_16,France,New Zealand,0.0005,0.9175489909424144,0.0824510090575857,1,France,0.9175489909424144
94,round_of_16,France,South Korea,0.0005,0.7870414207244212,0.2129585792755788,1,France,0.7870414207244212
94,round_of_16,France,Uruguay,0.0005,0.7521619179742991,0.2478380820257009,1,France,0.7521619179742991
94,round_of_16,Germany,Egypt,0.0005,0.7921898642673407,0.2078101357326592,1,Germany,0.7921898642673407
94,round_of_16,Germany,Mexico,0.0005,0.6076798355921814,0.3923201644078186,1,Germany,0.6076798355921814
94,round_of_16,Germany,Norway,0.0005,0.5509906922313266,0.4490093077686734,1,Germany,0.5509906922313266
94,round_of_16,Germany,South Korea,0.0005,0.7355023979403271,0.2644976020596729,1,Germany,0.7355023979403271
94,round_of_16,Iraq,Algeria,0.0005,0.1976204521085849,0.8023795478914151,1,Algeria,0.8023795478914151
94,round_of_16,Iraq,Czech Republic,0.0005,0.3175233955100198,0.6824766044899802,1,Czech Republic,0.6824766044899802
94,round_of_16,Iraq,South Africa,0.0005,0.5583365537621937,0.4416634462378063,1,Iraq,0.5583365537621937
94,round_of_16,Ivory Coast,Austria,0.0005,0.4209172042730025,0.5790827957269975,1,Austria,0.5790827957269975
94,round_of_16,Ivory Coast,Czech Republic,0.0005,0.6055726963485344,0.3944273036514656,1,Ivory Coast,0.6055726963485344
94,round_of_16,Ivory Coast,Iraq,0.0005,0.764669571899616,0.2353304281003839,1,Ivory Coast,0.764669571899616
94,round_of_16,Ivory Coast,Mexico,0.0005,0.3957504660290157,0.6042495339709844,1,Mexico,0.6042495339709844
94,round_of_16,Japan,Czech Republic,0.0005,0.7568190917853489,0.2431809082146511,1,Japan,0.7568190917853489
94,round_of_16,Japan,Iran,0.0005,0.659147901148298,0.340852098851702,1,Japan,0.659147901148298
94,round_of_16,Japan,Mexico,0.0005,0.5700583716406403,0.4299416283593597,1,Japan,0.5700583716406403
94,round_of_16,Japan,South Korea,0.0005,0.7059869771401657,0.2940130228598343,1,Japan,0.7059869771401657
94,round_of_16,Jordan,Belgium,0.0005,0.1554437650139272,0.8445562349860728,1,Belgium,0.8445562349860728
94,round_of_16,Jordan,Cape Verde,0.0005,0.6289456169387264,0.3710543830612736,1,Jordan,0.6289456169387264
94,round_of_16,Jordan,Egypt,0.0005,0.3903549640440449,0.6096450359559551,1,Egypt,0.6096450359559551
94,round_of_16,Jordan,Iran,0.0005,0.2647776383346402,0.7352223616653598,1,Iran,0.7352223616653598
94,round_of_16,Jordan,Mexico,0.0005,0.2019928002809696,0.7980071997190303,1,Mexico,0.7980071997190303
94,round_of_16,Jordan,Saudi Arabia,0.0005,0.596419442485736,0.403580557514264,1,Jordan,0.596419442485736
94,round_of_16,Jordan,South Korea,0.0005,0.3083495694433474,0.6916504305566525,1,South Korea,0.6916504305566525
94,round_of_16,Netherlands,Czech Republic,0.0005,0.7481126019693033,0.2518873980306967,1,Netherlands,0.7481126019693033
94,round_of_16,Netherlands,Mexico,0.0005,0.5639852294431389,0.4360147705568611,1,Netherlands,0.5639852294431389
94,round_of_16,Paraguay,Mexico,0.0005,0.3018030336176347,0.6981969663823653,1,Mexico,0.6981969663823653
94,round_of_16,Paraguay,Saudi Arabia,0.0005,0.7124010679042025,0.2875989320957974,1,Paraguay,0.7124010679042025
94,round_of_16,Paraguay,South Korea,0.0005,0.4354532840148066,0.5645467159851933,1,South Korea,0.5645467159851933
94,round_of_16,Qatar,Algeria,0.0005,0.0854026067031634,0.9145973932968364,1,Algeria,0.9145973932968364
94,round_of_16,Qatar,Saudi Arabia,0.0005,0.3167254304077959,0.683274569592204,1,Saudi Arabia,0.683274569592204
94,round_of_16,Qatar,South Africa,0.0005,0.3296230287917967,0.6703769712082033,1,South Africa,0.6703769712082033
94,round_of_16,Qatar,South Korea,0.0005,0.1260900686045843,0.8739099313954156,1,South Korea,0.8739099313954156
94,round_of_16,Senegal,Argentina,0.0005,0.1678976751826298,0.8321023248173701,1,Argentina,0.8321023248173701
94,round_of_16,Senegal,Czech Republic,0.0005,0.6060375551219003,0.3939624448780997,1,Senegal,0.6060375551219003
94,round_of_16,Senegal,Mexico,0.0005,0.3964330785030985,0.6035669214969015,1,Mexico,0.6035669214969015
94,round_of_16,Senegal,Saudi Arabia,0.0005,0.7944506713098071,0.2055493286901929,1,Senegal,0.7944506713098071
94,round_of_16,Senegal,Spain,0.0005,0.175792476901529,0.824207523098471,1,Spain,0.824207523098471
94,round_of_16,Senegal,Uruguay,0.0005,0.4759842185574694,0.5240157814425306,1,Uruguay,0.5240157814425306
94,round_of_16,Sweden,South Africa,0.0005,0.7202132236414407,0.2797867763585593,1,Sweden,0.7202132236414407
94,round_of_16,Switzerland,Germany,0.0005,0.3729177845679968,0.6270822154320033,1,Germany,0.6270822154320033
94,round_of_16,Switzerland,Jordan,0.0005,0.7868173796534528,0.2131826203465472,1,Switzerland,0.7868173796534528
94,round_of_16,Switzerland,Saudi Arabia,0.0005,0.8399853164918755,0.1600146835081245,1,Switzerland,0.8399853164918755
94,round_of_16,Tunisia,Belgium,0.0005,0.1301999868426223,0.8698000131573776,1,Belgium,0.8698000131573776
94,round_of_16,Turkey,Ecuador,0.0005,0.4428261235785437,0.5571738764214563,1,Ecuador,0.5571738764214563
94,round_of_16,Turkey,France,0.0005,0.2611546330782895,0.7388453669217104,1,France,0.7388453669217104
94,round_of_16,Turkey,Ivory Coast,0.0005,0.5352184141021904,0.4647815858978096,1,Turkey,0.5352184141021904
94,round_of_16,Turkey,New Zealand,0.0005,0.8161321379867249,0.1838678620132751,1,Turkey,0.8161321379867249
94,round_of_16,United States,Ecuador,0.0005,0.3910927664986768,0.6089072335013233,1,Ecuador,0.6089072335013233
94,round_of_16,United States,Germany,0.0005,0.2781679494946722,0.7218320505053277,1,Germany,0.7218320505053277
94,round_of_16,United States,Jordan,0.0005,0.7095032279680924,0.2904967720319076,1,United States,0.7095032279680924
94,round_of_16,United States,Spain,0.0005,0.1487453562875507,0.8512546437124493,1,Spain,0.8512546437124493
95,round_of_16,Argentina,Australia,0.0725,0.8231370505578687,0.1768629494421313,145,Argentina,0.8231370505578687
95,round_of_16,Argentina,United States,0.0725,0.8490512283503296,0.1509487716496703,145,Argentina,0.8490512283503296
95,round_of_16,Argentina,Belgium,0.0685,0.721763644621416,0.278236355378584,137,Argentina,0.721763644621416
95,round_of_16,Argentina,Turkey,0.0515,0.8182745857930724,0.1817254142069275,103,Argentina,0.8182745857930724
95,round_of_16,Argentina,Iran,0.0505,0.8278198567650538,0.1721801432349462,101,Argentina,0.8278198567650538
95,round_of_16,Algeria,United States,0.0475,0.5722824006445741,0.4277175993554258,95,Algeria,0.5722824006445741
95,round_of_16,Algeria,Belgium,0.039,0.3888147081117306,0.6111852918882694,78,Belgium,0.6111852918882694
95,round_of_16,Argentina,Egypt,0.0345,0.8905608299179243,0.1094391700820757,69,Argentina,0.8905608299179243
95,round_of_16,Algeria,Australia,0.034,0.530538136642343,0.469461863357657,68,Algeria,0.530538136642343
95,round_of_16,Algeria,Iran,0.0305,0.5445346105254557,0.4554653894745443,61,Algeria,0.5445346105254557
95,round_of_16,Spain,Belgium,0.028,0.718245495628734,0.281754504371266,56,Spain,0.718245495628734
95,round_of_16,Algeria,Turkey,0.0275,0.5195426001260017,0.4804573998739982,55,Algeria,0.5195426001260017
95,round_of_16,Spain,Australia,0.025,0.8217449156889214,0.1782550843110786,50,Spain,0.8217449156889214
95,round_of_16,Austria,Belgium,0.0245,0.4100496281578172,0.5899503718421828,49,Belgium,0.5899503718421828
95,round_of_16,Austria,Australia,0.024,0.5576290555281159,0.4423709444718841,48,Austria,0.5576290555281159
95,round_of_16,Spain,United States,0.024,0.8512546437124492,0.1487453562875508,48,Spain,0.8512546437124492
95,round_of_16,Austria,United States,0.023,0.5995088404382971,0.4004911595617029,46,Austria,0.5995088404382971
95,round_of_16,Algeria,Egypt,0.022,0.6744816914914235,0.3255183085085765,44,Algeria,0.6744816914914235
95,round_of_16,Spain,Iran,0.022,0.8213146027386846,0.1786853972613153,44,Spain,0.8213146027386846
95,round_of_16,Uruguay,Australia,0.021,0.4993290401357622,0.5006709598642378,42,Australia,0.5006709598642378
95,round_of_16,Austria,Iran,0.0195,0.5696314917820642,0.4303685082179358,39,Austria,0.5696314917820642
95,round_of_16,Uruguay,United States,0.019,0.5336884416745884,0.4663115583254116,38,Uruguay,0.5336884416745884
95,round_of_16,Uruguay,Belgium,0.018,0.3524018562796728,0.6475981437203272,36,Belgium,0.6475981437203272
95,round_of_16,Spain,Egypt,0.017,0.8845975766478754,0.1154024233521245,34,Spain,0.8845975766478754
95,round_of_16,Austria,Egypt,0.0165,0.697446603227046,0.302553396772954,33,Austria,0.697446603227046
95,round_of_16,Spain,Turkey,0.016,0.8209822422502993,0.1790177577497007,32,Spain,0.8209822422502993
95,round_of_16,Uruguay,Iran,0.016,0.5126328788476102,0.4873671211523898,32,Uruguay,0.5126328788476102
95,round_of_16,Austria,Turkey,0.0155,0.5463862293247203,0.4536137706752797,31,Austria,0.5463862293247203
95,round_of_16,Uruguay,Turkey,0.0125,0.480458760468184,0.519541239531816,25,Turkey,0.519541239531816
95,round_of_16,Argentina,Paraguay,0.009,0.887454099656981,0.112545900343019,18,Argentina,0.887454099656981
95,round_of_16,Argentina,New Zealand,0.0085,0.9517944559149738,0.0482055440850262,17,Argentina,0.9517944559149738
95,round_of_16,Algeria,New Zealand,0.007,0.8372820368369848,0.1627179631630152,14,Algeria,0.8372820368369848
95,round_of_16,Saudi Arabia,Iran,0.007,0.1987276023478925,0.8012723976521074,14,Iran,0.8012723976521074
95,round_of_16,Uruguay,Egypt,0.007,0.6463188820076509,0.3536811179923491,14,Uruguay,0.6463188820076509
95,round_of_16,Cape Verde,Australia,0.0055,0.1746548341064278,0.8253451658935721,11,Australia,0.8253451658935721
95,round_of_16,Cape Verde,Iran,0.0055,0.1770559937143282,0.8229440062856718,11,Iran,0.8229440062856718
95,round_of_16,Saudi Arabia,Belgium,0.0055,0.1145816767742075,0.8854183232257924,11,Belgium,0.8854183232257924
95,round_of_16,Cape Verde,Belgium,0.005,0.1028187811435064,0.8971812188564936,10,Belgium,0.8971812188564936
95,round_of_16,Saudi Arabia,Australia,0.005,0.1934680372527747,0.8065319627472253,10,Australia,0.8065319627472253
95,round_of_16,Saudi Arabia,United States,0.005,0.2208369386152614,0.7791630613847386,10,United States,0.7791630613847386
95,round_of_16,Saudi Arabia,Turkey,0.004,0.187748202197782,0.8122517978022179,8,Turkey,0.8122517978022179
95,round_of_16,Austria,Paraguay,0.0035,0.6770465527622177,0.3229534472377823,7,Austria,0.6770465527622177
95,round_of_16,Spain,Paraguay,0.003,0.8910160603903321,0.1089839396096679,6,Spain,0.8910160603903321
95,round_of_16,Algeria,Paraguay,0.0025,0.6485600702081986,0.3514399297918014,5,Algeria,0.6485600702081986
95,round_of_16,Austria,New Zealand,0.0025,0.8498476518277628,0.1501523481722372,5,Austria,0.8498476518277628
95,round_of_16,Cape Verde,United States,0.0025,0.2034045310186104,0.7965954689813896,5,United States,0.7965954689813896
95,round_of_16,Uruguay,New Zealand,0.0025,0.8031091549904178,0.1968908450095822,5,Uruguay,0.8031091549904178
95,round_of_16,Jordan,Australia,0.002,0.2577398888260915,0.7422601111739084,4,Australia,0.7422601111739084
95,round_of_16,Jordan,Belgium,0.002,0.1554437650139272,0.8445562349860728,4,Belgium,0.8445562349860728
95,round_of_16,Jordan,United States,0.002,0.2904967720319075,0.7095032279680925,4,United States,0.7095032279680925
95,round_of_16,Cape Verde,Egypt,0.0015,0.2733260695457843,0.7266739304542157,3,Egypt,0.7266739304542157
95,round_of_16,Cape Verde,Turkey,0.0015,0.1731760906699798,0.8268239093300203,3,Turkey,0.8268239093300203
95,round_of_16,Saudi Arabia,Egypt,0.0015,0.3039497647008777,0.6960502352991222,3,Egypt,0.6960502352991222
95,round_of_16,Saudi Arabia,New Zealand,0.0015,0.5099097017026282,0.4900902982973718,3,Saudi Arabia,0.5099097017026282
95,round_of_16,Uruguay,Paraguay,0.0015,0.6212482565236894,0.3787517434763106,3,Uruguay,0.6212482565236894
95,round_of_16,Jordan,Turkey,0.001,0.2487687578332651,0.7512312421667349,2,Turkey,0.7512312421667349
95,round_of_16,Saudi Arabia,Paraguay,0.001,0.2875989320957975,0.7124010679042025,2,Paraguay,0.7124010679042025
95,round_of_16,Spain,New Zealand,0.001,0.9476776648699412,0.0523223351300586,2,Spain,0.9476776648699412
95,round_of_16,Cape Verde,New Zealand,0.0005,0.4738222581786969,0.5261777418213032,1,New Zealand,0.5261777418213032
95,round_of_16,Jordan,Iran,0.0005,0.2647776383346402,0.7352223616653598,1,Iran,0.7352223616653598
96,round_of_16,Switzerland,Portugal,0.0535,0.3647835987928265,0.6352164012071735,107,Portugal,0.6352164012071735
96,round_of_16,Canada,Portugal,0.0525,0.2857480466961521,0.7142519533038478,105,Portugal,0.7142519533038478
96,round_of_16,Switzerland,Colombia,0.0335,0.3794847102843234,0.6205152897156766,67,Colombia,0.6205152897156766
96,round_of_16,Canada,Colombia,0.029,0.29773216405143,0.7022678359485699,58,Colombia,0.7022678359485699
96,round_of_16,Austria,Portugal,0.0275,0.3641639142184171,0.6358360857815829,55,Portugal,0.6358360857815829
96,round_of_16,Belgium,Portugal,0.0245,0.4510737226102399,0.5489262773897601,49,Portugal,0.5489262773897601
96,round_of_16,Switzerland,Croatia,0.024,0.5114766299486746,0.4885233700513254,48,Switzerland,0.5114766299486746
96,round_of_16,Argentina,Portugal,0.0235,0.6791157418053987,0.3208842581946013,47,Argentina,0.6791157418053987
96,round_of_16,Iran,Portugal,0.0225,0.3034223906996137,0.6965776093003863,45,Portugal,0.6965776093003863
96,round_of_16,Egypt,Portugal,0.022,0.2021138207915983,0.7978861792084017,44,Portugal,0.7978861792084017
96,round_of_16,Algeria,Portugal,0.021,0.3450448133055122,0.6549551866944878,42,Portugal,0.6549551866944878
96,round_of_16,Belgium,Colombia,0.0165,0.4655304601782322,0.5344695398217678,33,Colombia,0.5344695398217678
96,round_of_16,Switzerland,DR Congo,0.0155,0.7600692341343073,0.2399307658656927,31,Switzerland,0.7600692341343073
96,round_of_16,Argentina,Colombia,0.0145,0.6888374015598574,0.3111625984401426,29,Argentina,0.6888374015598574
96,round_of_16,Canada,Croatia,0.0145,0.4183193362015456,0.5816806637984544,29,Croatia,0.5816806637984544
96,round_of_16,Switzerland,Panama,0.0145,0.7517137592920415,0.2482862407079584,29,Switzerland,0.7517137592920415
96,round_of_16,Algeria,Colombia,0.0135,0.3572736665123658,0.6427263334876341,27,Colombia,0.6427263334876341
96,round_of_16,Canada,Uzbekistan,0.0135,0.6337850774441002,0.3662149225558998,27,Canada,0.6337850774441002
96,round_of_16,Austria,Colombia,0.013,0.377870048579477,0.622129951420523,26,Colombia,0.622129951420523
96,round_of_16,Canada,DR Congo,0.012,0.6958918635573016,0.3041081364426984,24,Canada,0.6958918635573016
96,round_of_16,Iran,Colombia,0.0115,0.316842463255512,0.683157536744488,23,Colombia,0.683157536744488
96,round_of_16,Canada,England,0.0105,0.2625536751077609,0.737446324892239,21,England,0.737446324892239
96,round_of_16,Switzerland,Uzbekistan,0.0105,0.7125533399250342,0.2874466600749658,21,Switzerland,0.7125533399250342
96,round_of_16,New Zealand,Portugal,0.01,0.0959602288343376,0.9040397711656624,20,Portugal,0.9040397711656624
96,round_of_16,Bosnia and Herzegovina,Colombia,0.0095,0.1128834527800909,0.8871165472199091,19,Colombia,0.8871165472199091
96,round_of_16,Bosnia and Herzegovina,Portugal,0.0095,0.1024037882471899,0.89759621175281,19,Portugal,0.89759621175281
96,round_of_16,Switzerland,France,0.0095,0.302745887825617,0.6972541121743829,19,France,0.6972541121743829
96,round_of_16,Austria,Uzbekistan,0.009,0.7098006326823199,0.2901993673176801,18,Austria,0.7098006326823199
96,round_of_16,Algeria,Croatia,0.008,0.4804139650808048,0.5195860349191952,16,Croatia,0.5195860349191952
96,round_of_16,Canada,France,0.008,0.2337220197693532,0.7662779802306467,16,France,0.7662779802306467
96,round_of_16,Canada,Panama,0.008,0.6759532104067739,0.3240467895932261,16,Canada,0.6759532104067739
96,round_of_16,Egypt,Colombia,0.008,0.2138104934478848,0.7861895065521152,16,Colombia,0.7861895065521152
96,round_of_16,Egypt,DR Congo,0.0075,0.5835823870681103,0.4164176129318897,15,Egypt,0.5835823870681103
96,round_of_16,Austria,Croatia,0.007,0.5065642268531059,0.4934357731468941,14,Austria,0.5065642268531059
96,round_of_16,Belgium,Croatia,0.007,0.5984824467077028,0.4015175532922972,14,Belgium,0.5984824467077028
96,round_of_16,Belgium,Uzbekistan,0.007,0.7795508225672895,0.2204491774327105,14,Belgium,0.7795508225672895
96,round_of_16,Iran,Croatia,0.007,0.4369254907460297,0.5630745092539703,14,Croatia,0.5630745092539703
96,round_of_16,New Zealand,Colombia,0.007,0.1074244680935678,0.8925755319064321,14,Colombia,0.8925755319064321
96,round_of_16,Switzerland,England,0.007,0.3384388198346133,0.6615611801653867,14,England,0.6615611801653867
96,round_of_16,Algeria,Uzbekistan,0.0065,0.6866539385588598,0.3133460614411402,13,Algeria,0.6866539385588598
96,round_of_16,Argentina,Panama,0.0065,0.9178928943011374,0.0821071056988625,13,Argentina,0.9178928943011374
96,round_of_16,Austria,Panama,0.0065,0.7512898646316316,0.2487101353683684,13,Austria,0.7512898646316316
96,round_of_16,Egypt,Croatia,0.006,0.3086884630925113,0.6913115369074887,12,Croatia,0.6913115369074887
96,round_of_16,Iran,DR Congo,0.006,0.7075172898018052,0.2924827101981948,12,Iran,0.7075172898018052
96,round_of_16,Qatar,Colombia,0.006,0.0592519589020231,0.9407480410979768,12,Colombia,0.9407480410979768
96,round_of_16,Argentina,Croatia,0.0055,0.792560467814297,0.207439532185703,11,Argentina,0.792560467814297
96,round_of_16,Ecuador,Portugal,0.0055,0.3758770006130358,0.6241229993869641,11,Portugal,0.6241229993869641
96,round_of_16,Switzerland,Ghana,0.0055,0.8764342457006619,0.1235657542993381,11,Switzerland,0.8764342457006619
96,round_of_16,Austria,France,0.005,0.3062368910356836,0.6937631089643164,10,France,0.6937631089643164
96,round_of_16,Belgium,DR Congo,0.005,0.8174405441863587,0.1825594558136413,10,Belgium,0.8174405441863587
96,round_of_16,Belgium,Ecuador,0.005,0.5729551718799143,0.4270448281200857,10,Belgium,0.5729551718799143
96,round_of_16,Bosnia and Herzegovina,DR Congo,0.005,0.3948759940634669,0.605124005936533,10,DR Congo,0.605124005936533
96,round_of_16,Bosnia and Herzegovina,Uzbekistan,0.005,0.3280290283715487,0.6719709716284512,10,Uzbekistan,0.6719709716284512
96,round_of_16,Canada,Senegal,0.005,0.4968797306121499,0.50312026938785,10,Senegal,0.50312026938785
96,round_of_16,Egypt,France,0.005,0.1682046042453647,0.8317953957546352,10,France,0.8317953957546352
96,round_of_16,Egypt,Uzbekistan,0.005,0.5124143325464479,0.4875856674535521,10,Egypt,0.5124143325464479
96,round_of_16,Iran,Norway,0.005,0.3558811327393058,0.6441188672606941,10,Norway,0.6441188672606941
96,round_of_16,Switzerland,Ecuador,0.005,0.4923066498666708,0.5076933501333292,10,Ecuador,0.5076933501333292
96,round_of_16,Algeria,England,0.0045,0.3126335727182668,0.6873664272817331,9,England,0.6873664272817331
96,round_of_16,Argentina,Uzbekistan,0.0045,0.8978539317468417,0.1021460682531583,9,Argentina,0.8978539317468417
96,round_of_16,Austria,England,0.0045,0.332777078114494,0.667222921885506,9,England,0.667222921885506
96,round_of_16,Austria,Norway,0.0045,0.4221692493924313,0.5778307506075686,9,Norway,0.5778307506075686
96,round_of_16,Belgium,England,0.0045,0.4171969168967455,0.5828030831032545,9,England,0.5828030831032545
96,round_of_16,Canada,Ecuador,0.0045,0.3978873957778374,0.6021126042221626,9,Ecuador,0.6021126042221626
96,round_of_16,Austria,DR Congo,0.004,0.7605291251426739,0.2394708748573261,8,Austria,0.7605291251426739
96,round_of_16,Bosnia and Herzegovina,France,0.004,0.0855499096621675,0.9144500903378324,8,France,0.9144500903378324
96,round_of_16,Canada,Ghana,0.004,0.8347069998993079,0.1652930001006921,8,Canada,0.8347069998993079
96,round_of_16,Egypt,Panama,0.004,0.5602170743677687,0.4397829256322313,8,Egypt,0.5602170743677687
96,round_of_16,Jordan,Portugal,0.004,0.1336972777401513,0.8663027222598486,8,Portugal,0.8663027222598486
96,round_of_16,Switzerland,Norway,0.004,0.4239198400306156,0.5760801599693843,8,Norway,0.5760801599693843
96,round_of_16,Switzerland,Senegal,0.004,0.5836158855315837,0.4163841144684163,8,Switzerland,0.5836158855315837
96,round_of_16,Argentina,DR Congo,0.0035,0.9141928460439562,0.0858071539560437,7,Argentina,0.9141928460439562
96,round_of_16,Belgium,France,0.0035,0.3845860565281475,0.6154139434718524,7,France,0.6154139434718524
96,round_of_16,Belgium,Panama,0.0035,0.8156775228347246,0.1843224771652754,7,Belgium,0.8156775228347246
96,round_of_16,Bosnia and Herzegovina,Croatia,0.0035,0.1720934890418889,0.8279065109581111,7,Croatia,0.8279065109581111
96,round_of_16,Iran,France,0.0035,0.2537580567546366,0.7462419432453634,7,France,0.7462419432453634
96,round_of_16,Iran,Germany,0.0035,0.3119360455817918,0.6880639544182081,7,Germany,0.6880639544182081
96,round_of_16,Iran,Ghana,0.0035,0.8491625013157363,0.1508374986842636,7,Iran,0.8491625013157363
96,round_of_16,Jordan,Croatia,0.0035,0.2206029796147183,0.7793970203852817,7,Croatia,0.7793970203852817
96,round_of_16,Canada,Germany,0.003,0.2932441498584868,0.7067558501415132,6,Germany,0.7067558501415132
96,round_of_16,Iran,Ecuador,0.003,0.4115986289405436,0.5884013710594564,6,Ecuador,0.5884013710594564
96,round_of_16,Jordan,Uzbekistan,0.003,0.4027779263770774,0.5972220736229226,6,Uzbekistan,0.5972220736229226
96,round_of_16,New Zealand,Croatia,0.003,0.1616356389596277,0.8383643610403723,6,Croatia,0.8383643610403723
96,round_of_16,Senegal,Portugal,0.003,0.2963383713454552,0.7036616286545447,6,Portugal,0.7036616286545447
96,round_of_16,Switzerland,Iraq,0.003,0.8159607386670695,0.1840392613329304,6,Switzerland,0.8159607386670695
96,round_of_16,Algeria,Ghana,0.0025,0.8719938941327243,0.1280061058672756,5,Algeria,0.8719938941327243
96,round_of_16,Algeria,Panama,0.0025,0.7295579295299938,0.2704420704700062,5,Algeria,0.7295579295299938
96,round_of_16,Austria,Senegal,0.0025,0.5794815721856281,0.4205184278143719,5,Austria,0.5794815721856281
96,round_of_16,Canada,Norway,0.0025,0.3390185210723531,0.6609814789276469,5,Norway,0.6609814789276469
96,round_of_16,Egypt,Senegal,0.0025,0.3746432454852499,0.62535675451475,5,Senegal,0.62535675451475
96,round_of_16,Iran,Panama,0.0025,0.6933848263312892,0.3066151736687108,5,Iran,0.6933848263312892
96,round_of_16,Ivory Coast,Portugal,0.0025,0.2965167682252421,0.7034832317747579,5,Portugal,0.7034832317747579
96,round_of_16,Jordan,Colombia,0.0025,0.1456014926351904,0.8543985073648096,5,Colombia,0.8543985073648096
96,round_of_16,New Zealand,France,0.0025,0.0824510090575857,0.9175489909424144,5,France,0.9175489909424144
96,round_of_16,Qatar,Portugal,0.0025,0.0507797594233031,0.9492202405766968,5,Portugal,0.9492202405766968
96,round_of_16,Algeria,DR Congo,0.002,0.7422096710709036,0.2577903289290963,4,Algeria,0.7422096710709036
96,round_of_16,Algeria,France,0.002,0.2916226454662053,0.7083773545337946,4,France,0.7083773545337946
96,round_of_16,Argentina,Senegal,0.002,0.8321023248173701,0.1678976751826298,4,Argentina,0.8321023248173701
96,round_of_16,Austria,Germany,0.002,0.3739278245046824,0.6260721754953176,4,Germany,0.6260721754953176
96,round_of_16,Bosnia and Herzegovina,Norway,0.002,0.1237419647592818,0.8762580352407182,4,Norway,0.8762580352407182
96,round_of_16,Ecuador,Colombia,0.002,0.38691123975755,0.61308876024245,4,Colombia,0.61308876024245
96,round_of_16,Egypt,Ecuador,0.002,0.2883370905386686,0.7116629094613314,4,Ecuador,0.7116629094613314
96,round_of_16,Egypt,Ghana,0.002,0.7607175085652867,0.2392824914347132,4,Egypt,0.7607175085652867
96,round_of_16,France,DR Congo,0.002,0.8640967832557233,0.1359032167442767,4,France,0.8640967832557233
96,round_of_16,Iran,England,0.002,0.2747512843407059,0.7252487156592942,4,England,0.7252487156592942
96,round_of_16,Iran,Senegal,0.002,0.5103965456748338,0.4896034543251661,4,Iran,0.5103965456748338
96,round_of_16,Iran,Uzbekistan,0.002,0.6482552461644786,0.3517447538355214,4,Iran,0.6482552461644786
96,round_of_16,New Zealand,Ghana,0.002,0.571237715467793,0.428762284532207,4,New Zealand,0.571237715467793
96,round_of_16,Qatar,DR Congo,0.002,0.219740885878369,0.780259114121631,4,DR Congo,0.780259114121631
96,round_of_16,Qatar,Uzbekistan,0.002,0.1769229393041234,0.8230770606958766,4,Uzbekistan,0.8230770606958766
96,round_of_16,Switzerland,Paraguay,0.002,0.6869587668104395,0.3130412331895604,4,Switzerland,0.6869587668104395
96,round_of_16,Argentina,England,0.0015,0.6497466985839564,0.3502533014160436,3,Argentina,0.6497466985839564
96,round_of_16,Argentina,Ghana,0.0015,0.9626394627557284,0.0373605372442715,3,Argentina,0.9626394627557284
96,round_of_16,Argentina,Norway,0.0015,0.7317068134293585,0.2682931865706415,3,Argentina,0.7317068134293585
96,round_of_16,Belgium,Ghana,0.0015,0.915466901113112,0.0845330988868878,3,Belgium,0.915466901113112
96,round_of_16,Belgium,Iraq,0.0015,0.8657736887694856,0.1342263112305144,3,Belgium,0.8657736887694856
96,round_of_16,Belgium,Norway,0.0015,0.5127226689216561,0.4872773310783439,3,Belgium,0.5127226689216561
96,round_of_16,Belgium,Senegal,0.0015,0.6636275305175622,0.3363724694824378,3,Belgium,0.6636275305175622
96,round_of_16,Belgium,United States,0.0015,0.6864961164851896,0.3135038835148104,3,Belgium,0.6864961164851896
96,round_of_16,Bosnia and Herzegovina,England,0.0015,0.0907621877105017,0.9092378122894984,3,England,0.9092378122894984
96,round_of_16,Bosnia and Herzegovina,Germany,0.0015,0.1040058837928792,0.8959941162071208,3,Germany,0.8959941162071208
96,round_of_16,Bosnia and Herzegovina,Panama,0.0015,0.3701690379655073,0.6298309620344926,3,Panama,0.6298309620344926
96,round_of_16,Ecuador,Panama,0.0015,0.7550431721261414,0.2449568278738586,3,Ecuador,0.7550431721261414
96,round_of_16,Egypt,England,0.0015,0.180583816453458,0.819416183546542,3,England,0.819416183546542
96,round_of_16,Egypt,Norway,0.0015,0.2411304759034288,0.7588695240965712,3,Norway,0.7588695240965712
96,round_of_16,Egypt,Turkey,0.0015,0.3425055124397346,0.6574944875602654,3,Turkey,0.6574944875602654
96,round_of_16,France,Portugal,0.0015,0.5701869126483898,0.4298130873516101,3,France,0.5701869126483898
96,round_of_16,Iran,Iraq,0.0015,0.7725935794200158,0.2274064205799841,3,Iran,0.7725935794200158
96,round_of_16,Iran,Turkey,0.0015,0.4760967727904688,0.5239032272095312,3,Turkey,0.5239032272095312
96,round_of_16,New Zealand,Panama,0.0015,0.3480942717434064,0.6519057282565935,3,Panama,0.6519057282565935
96,round_of_16,New Zealand,Uzbekistan,0.0015,0.3056048329906403,0.6943951670093597,3,Uzbekistan,0.6943951670093597
96,round_of_16,Norway,Croatia,0.0015,0.5871418293416865,0.4128581706583135,3,Norway,0.5871418293416865
96,round_of_16,Qatar,Panama,0.0015,0.2060985454730469,0.7939014545269532,3,Panama,0.7939014545269532
96,round_of_16,Sweden,Colombia,0.0015,0.2196895357791611,0.7803104642208388,3,Colombia,0.7803104642208388
96,round_of_16,Sweden,Portugal,0.0015,0.2060232804133542,0.7939767195866458,3,Portugal,0.7939767195866458
96,round_of_16,Switzerland,Argentina,0.0015,0.215041365343052,0.784958634656948,3,Argentina,0.784958634656948
96,round_of_16,Switzerland,Germany,0.0015,0.3729177845679968,0.6270822154320033,3,Germany,0.6270822154320033
96,round_of_16,Switzerland,Turkey,0.0015,0.5510183630276749,0.448981636972325,3,Switzerland,0.5510183630276749
96,round_of_16,Algeria,Ecuador,0.001,0.4511269785385261,0.5488730214614739,2,Ecuador,0.5488730214614739
96,round_of_16,Algeria,Norway,0.001,0.4007010050921404,0.5992989949078595,2,Norway,0.5992989949078595
96,round_of_16,Algeria,Senegal,0.001,0.5547442291805784,0.4452557708194216,2,Algeria,0.5547442291805784
96,round_of_16,Algeria,Turkey,0.001,0.5195426001260017,0.4804573998739982,2,Algeria,0.5195426001260017
96,round_of_16,Algeria,United States,0.001,0.5722824006445741,0.4277175993554258,2,Algeria,0.5722824006445741
96,round_of_16,Argentina,Iraq,0.001,0.9393173161528569,0.0606826838471431,2,Argentina,0.9393173161528569
96,round_of_16,Argentina,United States,0.001,0.8490512283503296,0.1509487716496703,2,Argentina,0.8490512283503296
96,round_of_16,Belgium,Austria,0.001,0.5899503718421828,0.4100496281578172,2,Belgium,0.5899503718421828
96,round_of_16,Belgium,Germany,0.001,0.4616721197552071,0.5383278802447928,2,Germany,0.5383278802447928
96,round_of_16,Belgium,Ivory Coast,0.001,0.6630183309131692,0.3369816690868308,2,Belgium,0.6630183309131692
96,round_of_16,Bosnia and Herzegovina,Ecuador,0.001,0.1646140304363335,0.8353859695636664,2,Ecuador,0.8353859695636664
96,round_of_16,Bosnia and Herzegovina,Ghana,0.001,0.5958391877764267,0.4041608122235732,2,Bosnia and Herzegovina,0.5958391877764267
96,round_of_16,Bosnia and Herzegovina,Turkey,0.001,0.1952602629362368,0.8047397370637631,2,Turkey,0.8047397370637631
96,round_of_16,Canada,Turkey,0.001,0.4564911410581568,0.5435088589418432,2,Turkey,0.5435088589418432
96,round_of_16,Ecuador,DR Congo,0.001,0.7719505000720728,0.2280494999279272,2,Ecuador,0.7719505000720728
96,round_of_16,Ecuador,England,0.001,0.3521152963266333,0.6478847036733667,2,England,0.6478847036733667
96,round_of_16,Ecuador,Norway,0.001,0.4377262459402396,0.5622737540597604,2,Norway,0.5622737540597604
96,round_of_16,Egypt,Argentina,0.001,0.1094391700820758,0.8905608299179242,2,Argentina,0.8905608299179242
96,round_of_16,Egypt,Ivory Coast,0.001,0.3748396547498359,0.6251603452501642,2,Ivory Coast,0.6251603452501642
96,round_of_16,France,Croatia,0.001,0.7065132092150861,0.2934867907849139,2,France,0.7065132092150861
96,round_of_16,Germany,Colombia,0.001,0.5058761411330285,0.4941238588669715,2,Germany,0.5058761411330285
96,round_of_16,Germany,Portugal,0.001,0.4900563816683013,0.5099436183316988,2,Portugal,0.5099436183316988
96,round_of_16,Germany,Uzbekistan,0.001,0.8042269917905271,0.1957730082094728,2,Germany,0.8042269917905271
96,round_of_16,Iran,Austria,0.001,0.4303685082179359,0.5696314917820642,2,Austria,0.5696314917820642
96,round_of_16,Ivory Coast,Turkey,0.001,0.4647815858978095,0.5352184141021905,2,Turkey,0.5352184141021905
96,round_of_16,Jordan,England,0.001,0.1194737720210252,0.8805262279789747,2,England,0.8805262279789747
96,round_of_16,Jordan,Panama,0.001,0.4488403678440198,0.5511596321559802,2,Panama,0.5511596321559802
96,round_of_16,Netherlands,Colombia,0.001,0.4599701935700265,0.5400298064299736,2,Colombia,0.5400298064299736
96,round_of_16,New Zealand,DR Congo,0.001,0.3680205839676919,0.631979416032308,2,DR Congo,0.631979416032308
96,round_of_16,New Zealand,Ecuador,0.001,0.1543037503474428,0.8456962496525572,2,Ecuador,0.8456962496525572
96,round_of_16,New Zealand,England,0.001,0.0836515929604703,0.9163484070395296,2,England,0.9163484070395296
96,round_of_16,Norway,Colombia,0.001,0.453837430533565,0.5461625694664349,2,Colombia,0.5461625694664349
96,round_of_16,Norway,DR Congo,0.001,0.8098680021497401,0.1901319978502599,2,Norway,0.8098680021497401
96,round_of_16,Norway,Portugal,0.001,0.4387997217118703,0.5612002782881297,2,Portugal,0.5612002782881297
96,round_of_16,Qatar,Croatia,0.001,0.089180580985577,0.910819419014423,2,Croatia,0.910819419014423
96,round_of_16,Senegal,Colombia,0.001,0.3094309782877278,0.6905690217122722,2,Colombia,0.6905690217122722
96,round_of_16,Switzerland,Australia,0.001,0.56440932286175,0.4355906771382499,2,Switzerland,0.56440932286175
96,round_of_16,Switzerland,Ivory Coast,0.001,0.5844223499149902,0.4155776500850098,2,Switzerland,0.5844223499149902
96,round_of_16,Algeria,Australia,0.0005,0.530538136642343,0.469461863357657,1,Algeria,0.530538136642343
96,round_of_16,Algeria,Ivory Coast,0.0005,0.5538176014414555,0.4461823985585444,1,Algeria,0.5538176014414555
96,round_of_16,Argentina,Ecuador,0.0005,0.7738105148741702,0.2261894851258298,1,Argentina,0.7738105148741702
96,round_of_16,Argentina,France,0.0005,0.6106603962011699,0.3893396037988301,1,Argentina,0.6106603962011699
96,round_of_16,Argentina,Germany,0.0005,0.6893860738062,0.3106139261938,1,Argentina,0.6893860738062
96,round_of_16,Austria,Australia,0.0005,0.5576290555281159,0.4423709444718841,1,Austria,0.5576290555281159
96,round_of_16,Austria,Ecuador,0.0005,0.4801563722721639,0.5198436277278361,1,Ecuador,0.5198436277278361
96,round_of_16,Austria,Ghana,0.0005,0.8822105036734134,0.1177894963265866,1,Austria,0.8822105036734134
96,round_of_16,Austria,Iraq,0.0005,0.8180820700421008,0.1819179299578992,1,Austria,0.8180820700421008
96,round_of_16,Belgium,Algeria,0.0005,0.6111852918882693,0.3888147081117307,1,Belgium,0.6111852918882693
96,round_of_16,Belgium,Argentina,0.0005,0.2782363553785841,0.721763644621416,1,Argentina,0.721763644621416
96,round_of_16,Belgium,Turkey,0.0005,0.6370145382868224,0.3629854617131776,1,Belgium,0.6370145382868224
96,round_of_16,Canada,Algeria,0.0005,0.4440786963819102,0.5559213036180898,1,Algeria,0.5559213036180898
96,round_of_16,Canada,Argentina,0.0005,0.1615965550642187,0.8384034449357813,1,Argentina,0.8384034449357813
96,round_of_16,Canada,Ivory Coast,0.0005,0.497745971135415,0.5022540288645849,1,Ivory Coast,0.5022540288645849
96,round_of_16,Canada,Paraguay,0.0005,0.5963232881977382,0.4036767118022618,1,Canada,0.5963232881977382
96,round_of_16,Canada,United States,0.0005,0.510016803365844,0.489983196634156,1,Canada,0.510016803365844
96,round_of_16,Curaçao,England,0.0005,0.0502495476164102,0.9497504523835896,1,England,0.9497504523835896
96,round_of_16,Curaçao,France,0.0005,0.0559934280726898,0.9440065719273102,1,France,0.9440065719273102
96,round_of_16,Ecuador,Croatia,0.0005,0.5193225784438985,0.4806774215561015,1,Ecuador,0.5193225784438985
96,round_of_16,Ecuador,Ghana,0.0005,0.8768690658966625,0.1231309341033375,1,Ecuador,0.8768690658966625
96,round_of_16,Ecuador,Iraq,0.0005,0.8214103932013904,0.1785896067986095,1,Ecuador,0.8214103932013904
96,round_of_16,Ecuador,Senegal,0.0005,0.5991406973158481,0.4008593026841519,1,Ecuador,0.5991406973158481
96,round_of_16,Ecuador,Turkey,0.0005,0.5571738764214563,0.4428261235785437,1,Ecuador,0.5571738764214563
96,round_of_16,Ecuador,United States,0.0005,0.6089072335013233,0.3910927664986767,1,Ecuador,0.6089072335013233
96,round_of_16,Egypt,Australia,0.0005,0.3528052384373275,0.6471947615626725,1,Australia,0.6471947615626725
96,round_of_16,Egypt,Austria,0.0005,0.302553396772954,0.697446603227046,1,Austria,0.697446603227046
96,round_of_16,Egypt,Germany,0.0005,0.2078101357326593,0.7921898642673407,1,Germany,0.7921898642673407
96,round_of_16,Egypt,Iraq,0.0005,0.6599084924858812,0.3400915075141187,1,Egypt,0.6599084924858812
96,round_of_16,France,England,0.0005,0.5407125759294871,0.4592874240705129,1,France,0.5407125759294871
96,round_of_16,France,Ghana,0.0005,0.935422072895869,0.064577927104131,1,France,0.935422072895869
96,round_of_16,Germany,Croatia,0.0005,0.6376517400981994,0.3623482599018006,1,Germany,0.6376517400981994
96,round_of_16,Germany,DR Congo,0.0005,0.8352431128294475,0.1647568871705524,1,Germany,0.8352431128294475
96,round_of_16,Iran,Algeria,0.0005,0.4554653894745443,0.5445346105254556,1,Algeria,0.5445346105254556
96,round_of_16,Iran,Curaçao,0.0005,0.884236232655127,0.115763767344873,1,Iran,0.884236232655127
96,round_of_16,Iran,Paraguay,0.0005,0.6114826407136326,0.3885173592863674,1,Iran,0.6114826407136326
96,round_of_16,Iraq,Colombia,0.0005,0.1275281170852301,0.8724718829147698,1,Colombia,0.8724718829147698
96,round_of_16,Iraq,Croatia,0.0005,0.1902344088879414,0.8097655911120586,1,Croatia,0.8097655911120586
96,round_of_16,Iraq,Panama,0.0005,0.3952476568823689,0.604752343117631,1,Panama,0.604752343117631
96,round_of_16,Ivory Coast,Colombia,0.0005,0.3089151334589625,0.6910848665410375,1,Colombia,0.6910848665410375
96,round_of_16,Ivory Coast,Croatia,0.0005,0.4261914682757377,0.5738085317242623,1,Croatia,0.5738085317242623
96,round_of_16,Ivory Coast,France,0.0005,0.2483688646551094,0.7516311353448906,1,France,0.7516311353448906
96,round_of_16,Ivory Coast,Ghana,0.0005,0.8434665346685478,0.1565334653314521,1,Ivory Coast,0.8434665346685478
96,round_of_16,Ivory Coast,Iraq,0.0005,0.764669571899616,0.2353304281003839,1,Ivory Coast,0.764669571899616
96,round_of_16,Ivory Coast,Panama,0.0005,0.6829126947301999,0.3170873052698001,1,Ivory Coast,0.6829126947301999
96,round_of_16,Japan,DR Congo,0.0005,0.8195784523298005,0.1804215476701994,1,Japan,0.8195784523298005
96,round_of_16,Japan,France,0.0005,0.3859328580126611,0.6140671419873389,1,France,0.6140671419873389
96,round_of_16,Jordan,DR Congo,0.0005,0.4734172480523621,0.5265827519476378,1,DR Congo,0.5265827519476378
96,round_of_16,Jordan,France,0.0005,0.1101752905322171,0.8898247094677829,1,France,0.8898247094677829
96,round_of_16,Jordan,Ivory Coast,0.0005,0.2743872405100125,0.7256127594899875,1,Ivory Coast,0.7256127594899875
96,round_of_16,Jordan,Senegal,0.0005,0.273425090228046,0.7265749097719539,1,Senegal,0.7265749097719539
96,round_of_16,Jordan,United States,0.0005,0.2904967720319075,0.7095032279680925,1,United States,0.7095032279680925
96,round_of_16,Netherlands,Croatia,0.0005,0.5936159980412593,0.4063840019587407,1,Netherlands,0.5936159980412593
96,round_of_16,Netherlands,Portugal,0.0005,0.4445863659744167,0.5554136340255833,1,Portugal,0.5554136340255833
96,round_of_16,Netherlands,Senegal,0.0005,0.6574663641105823,0.3425336358894176,1,Netherlands,0.6574663641105823
96,round_of_16,New Zealand,Austria,0.0005,0.1501523481722372,0.8498476518277628,1,Austria,0.8498476518277628
96,round_of_16,New Zealand,Norway,0.0005,0.1142388086810378,0.8857611913189622,1,Norway,0.8857611913189622
96,round_of_16,New Zealand,Senegal,0.0005,0.1964878934206647,0.8035121065793353,1,Senegal,0.8035121065793353
96,round_of_16,Norway,Panama,0.0005,0.8082157954160851,0.1917842045839148,1,Norway,0.8082157954160851
96,round_of_16,Qatar,Algeria,0.0005,0.0854026067031634,0.9145973932968364,1,Algeria,0.9145973932968364
96,round_of_16,Qatar,Australia,0.0005,0.1029945804302278,0.8970054195697721,1,Australia,0.8970054195697721
96,round_of_16,Qatar,Ecuador,0.0005,0.0875479906015919,0.912452009398408,1,Ecuador,0.912452009398408
96,round_of_16,Qatar,England,0.0005,0.0437678867981348,0.9562321132018652,1,England,0.9562321132018652
96,round_of_16,Qatar,Ghana,0.0005,0.3896713292133222,0.6103286707866777,1,Ghana,0.6103286707866777
96,round_of_16,Senegal,England,0.0005,0.2673609845637714,0.7326390154362286,1,England,0.7326390154362286
96,round_of_16,Sweden,Croatia,0.0005,0.3243812230257868,0.6756187769742131,1,Croatia,0.6756187769742131
96,round_of_16,Sweden,France,0.0005,0.1666613636618711,0.8333386363381288,1,France,0.8333386363381288
96,round_of_16,Sweden,Ghana,0.0005,0.7746823379427022,0.2253176620572977,1,Sweden,0.7746823379427022
96,round_of_16,Sweden,Panama,0.0005,0.5842596391294524,0.4157403608705475,1,Sweden,0.5842596391294524
96,round_of_16,Sweden,Senegal,0.0005,0.3935624157849475,0.6064375842150524,1,Senegal,0.6064375842150524
96,round_of_16,Switzerland,Algeria,0.0005,0.5304638999308073,0.4695361000691926,1,Switzerland,0.5304638999308073
96,round_of_16,Switzerland,United States,0.0005,0.6040921526195197,0.3959078473804803,1,Switzerland,0.6040921526195197
96,round_of_16,Tunisia,Ghana,0.0005,0.6177878118765737,0.3822121881234263,1,Tunisia,0.6177878118765737
96,round_of_16,Tunisia,Portugal,0.0005,0.1134644250493353,0.8865355749506646,1,Portugal,0.8865355749506646
97,quarter_final,Brazil,Germany,0.0345,0.5123837886936773,0.4876162113063227,69,Brazil,0.5123837886936773
97,quarter_final,Japan,Germany,0.0295,0.4647535316664071,0.5352464683335929,59,Germany,0.5352464683335929
97,quarter_final,Morocco,Germany,0.0275,0.478872649737213,0.5211273502627869,55,Germany,0.5211273502627869
97,quarter_final,Netherlands,Germany,0.027,0.4539848133013127,0.5460151866986873,54,Germany,0.5460151866986873
97,quarter_final,Japan,Norway,0.0255,0.5165817229429333,0.4834182770570667,51,Japan,0.5165817229429333
97,quarter_final,Brazil,Norway,0.025,0.56375835646923,0.43624164353077,50,Brazil,0.56375835646923
97,quarter_final,Morocco,Norway,0.0245,0.5305439637848259,0.469456036215174,49,Morocco,0.5305439637848259
97,quarter_final,Mexico,Germany,0.0235,0.3923201644078186,0.6076798355921814,47,Germany,0.6076798355921814
97,quarter_final,Japan,France,0.02,0.3859328580126611,0.6140671419873389,40,France,0.6140671419873389
97,quarter_final,Brazil,France,0.019,0.4327277405038423,0.5672722594961577,38,France,0.5672722594961577
97,quarter_final,Brazil,Ivory Coast,0.0175,0.7040981157440663,0.2959018842559336,35,Brazil,0.7040981157440663
97,quarter_final,Mexico,Norway,0.0175,0.4441436045502537,0.5558563954497463,35,Norway,0.5558563954497463
97,quarter_final,South Korea,Germany,0.0165,0.2644976020596729,0.7355023979403271,33,Germany,0.7355023979403271
97,quarter_final,Netherlands,France,0.016,0.3771078131301625,0.6228921868698374,32,France,0.6228921868698374
97,quarter_final,Netherlands,Ivory Coast,0.0145,0.6575808696164489,0.3424191303835511,29,Netherlands,0.6575808696164489
97,quarter_final,Netherlands,Norway,0.0145,0.5058445537066099,0.4941554462933901,29,Netherlands,0.5058445537066099
97,quarter_final,Japan,Ivory Coast,0.014,0.6674284903892679,0.3325715096107321,28,Japan,0.6674284903892679
97,quarter_final,Japan,Senegal,0.014,0.6677208751677816,0.3322791248322184,28,Japan,0.6677208751677816
97,quarter_final,Morocco,France,0.0135,0.3974572216665097,0.6025427783334902,27,France,0.6025427783334902
97,quarter_final,Netherlands,Senegal,0.0125,0.6574663641105823,0.3425336358894176,25,Netherlands,0.6574663641105823
97,quarter_final,Switzerland,Germany,0.0125,0.3729177845679968,0.6270822154320033,25,Germany,0.6270822154320033
97,quarter_final,Canada,Germany,0.0115,0.2932441498584868,0.7067558501415132,23,Germany,0.7067558501415132
97,quarter_final,South Korea,Norway,0.0115,0.306127596358775,0.6938724036412249,23,Norway,0.6938724036412249
97,quarter_final,Brazil,Japan,0.0105,0.5510821517919142,0.4489178482080858,21,Brazil,0.5510821517919142
97,quarter_final,South Korea,France,0.0105,0.2129585792755789,0.7870414207244211,21,France,0.7870414207244211
97,quarter_final,Mexico,France,0.01,0.3186712933579968,0.6813287066420032,20,France,0.6813287066420032
97,quarter_final,Mexico,Ivory Coast,0.01,0.6042495339709844,0.3957504660290156,20,Mexico,0.6042495339709844
97,quarter_final,Morocco,Ivory Coast,0.01,0.6794737042694644,0.3205262957305356,20,Morocco,0.6794737042694644
97,quarter_final,Scotland,Germany,0.01,0.2444590115041058,0.7555409884958941,20,Germany,0.7555409884958941
97,quarter_final,Canada,France,0.0095,0.2337220197693532,0.7662779802306467,19,France,0.7662779802306467
97,quarter_final,Japan,Netherlands,0.0095,0.5090408419490422,0.4909591580509578,19,Japan,0.5090408419490422
97,quarter_final,Morocco,Senegal,0.0095,0.6803439236165755,0.3196560763834245,19,Morocco,0.6803439236165755
97,quarter_final,Scotland,France,0.0095,0.1951176643439068,0.8048823356560931,19,France,0.8048823356560931
97,quarter_final,Switzerland,Norway,0.0095,0.4239198400306156,0.5760801599693843,19,Norway,0.5760801599693843
97,quarter_final,Netherlands,Sweden,0.009,0.754817802411014,0.2451821975889859,18,Netherlands,0.754817802411014
97,quarter_final,Brazil,Senegal,0.0085,0.7034555480541679,0.2965444519458321,17,Brazil,0.7034555480541679
97,quarter_final,Mexico,Senegal,0.0085,0.6035669214969015,0.3964330785030985,17,Mexico,0.6035669214969015
97,quarter_final,Scotland,Norway,0.0085,0.2854032920802536,0.7145967079197464,17,Norway,0.7145967079197464
97,quarter_final,South Korea,Ivory Coast,0.0085,0.4585087918393093,0.5414912081606906,17,Ivory Coast,0.5414912081606906
97,quarter_final,Japan,Turkey,0.008,0.6382429855033853,0.3617570144966147,16,Japan,0.6382429855033853
97,quarter_final,Mexico,Turkey,0.008,0.5672713946185571,0.4327286053814428,16,Mexico,0.5672713946185571
97,quarter_final,Brazil,Turkey,0.007,0.6833414227541355,0.3166585772458645,14,Brazil,0.6833414227541355
97,quarter_final,Canada,Norway,0.007,0.3390185210723531,0.6609814789276469,14,Norway,0.6609814789276469
97,quarter_final,Japan,Brazil,0.007,0.4489178482080859,0.5510821517919141,14,Brazil,0.5510821517919141
97,quarter_final,Mexico,Netherlands,0.007,0.4360147705568612,0.5639852294431388,14,Netherlands,0.5639852294431388
97,quarter_final,Brazil,Scotland,0.0065,0.7599124266769467,0.2400875733230533,13,Brazil,0.7599124266769467
97,quarter_final,Canada,Senegal,0.0065,0.4968797306121499,0.50312026938785,13,Senegal,0.50312026938785
97,quarter_final,Netherlands,Turkey,0.0065,0.6321233720810654,0.3678766279189346,13,Netherlands,0.6321233720810654
97,quarter_final,Switzerland,France,0.0065,0.302745887825617,0.6972541121743829,13,France,0.6972541121743829
97,quarter_final,Switzerland,Japan,0.0065,0.4107365590249531,0.5892634409750469,13,Japan,0.5892634409750469
97,quarter_final,Brazil,Netherlands,0.006,0.5582713034828483,0.4417286965171517,12,Brazil,0.5582713034828483
97,quarter_final,Canada,Ivory Coast,0.006,0.497745971135415,0.5022540288645849,12,Ivory Coast,0.5022540288645849
97,quarter_final,Morocco,Sweden,0.006,0.7643396401746549,0.235660359825345,12,Morocco,0.7643396401746549
97,quarter_final,Morocco,Turkey,0.006,0.6441239117528219,0.3558760882471781,12,Morocco,0.6441239117528219
97,quarter_final,South Korea,Senegal,0.006,0.4579903818242891,0.5420096181757109,12,Senegal,0.5420096181757109
97,quarter_final,Czech Republic,Germany,0.0055,0.2179312870722893,0.7820687129277106,11,Germany,0.7820687129277106
97,quarter_final,Japan,Sweden,0.0055,0.7599787250096984,0.2400212749903015,11,Japan,0.7599787250096984
97,quarter_final,Morocco,Brazil,0.0055,0.4574007297171774,0.5425992702828226,11,Brazil,0.5425992702828226
97,quarter_final,Morocco,Netherlands,0.0055,0.519993053000307,0.480006946999693,11,Morocco,0.519993053000307
97,quarter_final,Sweden,Germany,0.0055,0.2106308877705305,0.7893691122294695,11,Germany,0.7893691122294695
97,quarter_final,Switzerland,Ivory Coast,0.0055,0.5844223499149902,0.4155776500850098,11,Switzerland,0.5844223499149902
97,quarter_final,Mexico,Japan,0.005,0.4299416283593597,0.5700583716406402,10,Japan,0.5700583716406402
97,quarter_final,Netherlands,Japan,0.005,0.4909591580509577,0.5090408419490422,10,Japan,0.5090408419490422
97,quarter_final,Switzerland,Senegal,0.005,0.5836158855315837,0.4163841144684163,10,Switzerland,0.5836158855315837
97,quarter_final,Czech Republic,France,0.0045,0.1768845483858758,0.8231154516141241,9,France,0.8231154516141241
97,quarter_final,Netherlands,Morocco,0.0045,0.4800069469996931,0.519993053000307,9,Morocco,0.519993053000307
97,quarter_final,South Korea,Netherlands,0.0045,0.3019081399678917,0.6980918600321082,9,Netherlands,0.6980918600321082
97,quarter_final,South Korea,Sweden,0.0045,0.5659380737713113,0.4340619262286886,9,South Korea,0.5659380737713113
97,quarter_final,Switzerland,Netherlands,0.0045,0.4174274439846069,0.5825725560153932,9,Netherlands,0.5825725560153932
97,quarter_final,Brazil,Morocco,0.004,0.5425992702828227,0.4574007297171772,8,Brazil,0.5425992702828227
97,quarter_final,Brazil,Paraguay,0.004,0.7945700661042926,0.2054299338957074,8,Brazil,0.7945700661042926
97,quarter_final,Czech Republic,Norway,0.004,0.25363882588414,0.74636117411586,8,Norway,0.74636117411586
97,quarter_final,Mexico,United States,0.004,0.6194006260531819,0.3805993739468181,8,Mexico,0.6194006260531819
97,quarter_final,Morocco,United States,0.004,0.6922952120368675,0.3077047879631325,8,Morocco,0.6922952120368675
97,quarter_final,Netherlands,Brazil,0.004,0.4417286965171518,0.5582713034828481,8,Brazil,0.5582713034828481
97,quarter_final,Scotland,Senegal,0.004,0.4358964592926818,0.5641035407073183,8,Senegal,0.5641035407073183
97,quarter_final,Switzerland,Turkey,0.004,0.5510183630276749,0.448981636972325,8,Switzerland,0.5510183630276749
97,quarter_final,Canada,Japan,0.0035,0.3264228264752322,0.6735771735247678,7,Japan,0.6735771735247678
97,quarter_final,Czech Republic,Ivory Coast,0.0035,0.3944273036514655,0.6055726963485345,7,Ivory Coast,0.6055726963485345
97,quarter_final,Mexico,Brazil,0.0035,0.3779947234879577,0.6220052765120423,7,Brazil,0.6220052765120423
97,quarter_final,Mexico,Morocco,0.0035,0.423538990697004,0.576461009302996,7,Morocco,0.576461009302996
97,quarter_final,Morocco,Japan,0.0035,0.5115541491366451,0.4884458508633549,7,Morocco,0.5115541491366451
97,quarter_final,Morocco,Scotland,0.0035,0.731594102761061,0.268405897238939,7,Morocco,0.731594102761061
97,quarter_final,Netherlands,United States,0.0035,0.6817448769526157,0.3182551230473843,7,Netherlands,0.6817448769526157
97,quarter_final,Scotland,Netherlands,0.0035,0.2810845706359711,0.718915429364029,7,Netherlands,0.718915429364029
97,quarter_final,South Korea,Japan,0.0035,0.2940130228598343,0.7059869771401657,7,Japan,0.7059869771401657
97,quarter_final,Sweden,Japan,0.0035,0.2400212749903015,0.7599787250096984,7,Japan,0.7599787250096984
97,quarter_final,Switzerland,Brazil,0.0035,0.3622047537962788,0.6377952462037211,7,Brazil,0.6377952462037211
97,quarter_final,Canada,Netherlands,0.003,0.3319899920947495,0.6680100079052504,6,Netherlands,0.6680100079052504
97,quarter_final,South Korea,Brazil,0.003,0.2593638962063531,0.7406361037936469,6,Brazil,0.7406361037936469
97,quarter_final,Brazil,Australia,0.0025,0.6923720379244735,0.3076279620755264,5,Brazil,0.6923720379244735
97,quarter_final,Brazil,Sweden,0.0025,0.7914761991481041,0.2085238008518959,5,Brazil,0.7914761991481041
97,quarter_final,Haiti,Germany,0.0025,0.1162375043074704,0.8837624956925295,5,Germany,0.8837624956925295
97,quarter_final,Japan,Morocco,0.0025,0.4884458508633549,0.5115541491366451,5,Morocco,0.5115541491366451
97,quarter_final,Japan,Scotland,0.0025,0.7252664969380924,0.2747335030619076,5,Japan,0.7252664969380924
97,quarter_final,Mexico,Sweden,0.0025,0.6992228049077951,0.3007771950922049,5,Mexico,0.6992228049077951
97,quarter_final,Scotland,Brazil,0.0025,0.2400875733230534,0.7599124266769466,5,Brazil,0.7599124266769466
97,quarter_final,South Africa,Germany,0.0025,0.1052128474550181,0.8947871525449819,5,Germany,0.8947871525449819
97,quarter_final,South Korea,Turkey,0.0025,0.4239528656090453,0.5760471343909547,5,Turkey,0.5760471343909547
97,quarter_final,Sweden,Ivory Coast,0.0025,0.3948353224585514,0.6051646775414485,5,Ivory Coast,0.6051646775414485
97,quarter_final,Switzerland,Sweden,0.0025,0.685606962328342,0.314393037671658,5,Switzerland,0.685606962328342
97,quarter_final,Bosnia and Herzegovina,Germany,0.002,0.1040058837928792,0.8959941162071208,4,Germany,0.8959941162071208
97,quarter_final,Bosnia and Herzegovina,Netherlands,0.002,0.1241709761311491,0.8758290238688509,4,Netherlands,0.8758290238688509
97,quarter_final,Canada,Brazil,0.002,0.2829689119490409,0.717031088050959,4,Brazil,0.717031088050959
97,quarter_final,Czech Republic,Senegal,0.002,0.3939624448780997,0.6060375551219003,4,Senegal,0.6060375551219003
97,quarter_final,Japan,Australia,0.002,0.6490131339037692,0.3509868660962307,4,Japan,0.6490131339037692
97,quarter_final,Japan,Belgium,0.002,0.504326817326342,0.495673182673658,4,Japan,0.504326817326342
97,quarter_final,Japan,Paraguay,0.002,0.7559003025693579,0.244099697430642,4,Japan,0.7559003025693579
97,quarter_final,Japan,United States,0.002,0.6873175255689746,0.3126824744310253,4,Japan,0.6873175255689746
97,quarter_final,Mexico,Scotland,0.002,0.6621498005224206,0.3378501994775794,4,Mexico,0.6621498005224206
97,quarter_final,Morocco,Australia,0.002,0.6566832781146792,0.3433167218853208,4,Morocco,0.6566832781146792
97,quarter_final,Morocco,Ecuador,0.002,0.5780098462447626,0.4219901537552374,4,Morocco,0.5780098462447626
97,quarter_final,Netherlands,Paraguay,0.002,0.7538499556340539,0.2461500443659461,4,Netherlands,0.7538499556340539
97,quarter_final,Scotland,Morocco,0.002,0.2684058972389391,0.7315941027610608,4,Morocco,0.7315941027610608
97,quarter_final,Scotland,United States,0.002,0.4538044703587821,0.546195529641218,4,United States,0.546195529641218
97,quarter_final,Sweden,France,0.002,0.1666613636618711,0.8333386363381288,4,France,0.8333386363381288
97,quarter_final,Sweden,Netherlands,0.002,0.2451821975889859,0.754817802411014,4,Netherlands,0.754817802411014
97,quarter_final,Sweden,Norway,0.002,0.2489232988178104,0.7510767011821895,4,Norway,0.7510767011821895
97,quarter_final,Sweden,United States,0.002,0.4117882440910836,0.5882117559089164,4,United States,0.5882117559089164
97,quarter_final,Switzerland,Scotland,0.002,0.646701903904434,0.3532980960955659,4,Switzerland,0.646701903904434
97,quarter_final,Bosnia and Herzegovina,France,0.0015,0.0855499096621675,0.9144500903378324,3,France,0.9144500903378324
97,quarter_final,Brazil,Belgium,0.0015,0.5522777230228455,0.4477222769771545,3,Brazil,0.5522777230228455
97,quarter_final,Canada,Sweden,0.0015,0.5974941253238473,0.4025058746761527,3,Canada,0.5974941253238473
97,quarter_final,Canada,Turkey,0.0015,0.4564911410581568,0.5435088589418432,3,Turkey,0.5435088589418432
97,quarter_final,Canada,United States,0.0015,0.510016803365844,0.489983196634156,3,Canada,0.510016803365844
97,quarter_final,Canada,Uruguay,0.0015,0.4724537060464662,0.5275462939535338,3,Uruguay,0.5275462939535338
97,quarter_final,Czech Republic,Turkey,0.0015,0.3652995702210799,0.63470042977892,3,Turkey,0.63470042977892
97,quarter_final,Japan,Ecuador,0.0015,0.5755068478174742,0.4244931521825258,3,Japan,0.5755068478174742
97,quarter_final,Japan,Iran,0.0015,0.659147901148298,0.340852098851702,3,Japan,0.659147901148298
97,quarter_final,Morocco,Paraguay,0.0015,0.7567185114466759,0.2432814885533241,3,Morocco,0.7567185114466759
97,quarter_final,Netherlands,Egypt,0.0015,0.7619250637977878,0.2380749362022122,3,Netherlands,0.7619250637977878
97,quarter_final,Netherlands,Scotland,0.0015,0.7189154293640287,0.2810845706359712,3,Netherlands,0.7189154293640287
97,quarter_final,Scotland,Japan,0.0015,0.2747335030619076,0.7252664969380924,3,Japan,0.7252664969380924
97,quarter_final,South Africa,Norway,0.0015,0.1205742565650488,0.8794257434349512,3,Norway,0.8794257434349512
97,quarter_final,South Korea,Morocco,0.0015,0.2853989068100957,0.7146010931899043,3,Morocco,0.7146010931899043
97,quarter_final,South Korea,United States,0.0015,0.477221588487129,0.522778411512871,3,United States,0.522778411512871
97,quarter_final,Sweden,Morocco,0.0015,0.235660359825345,0.7643396401746549,3,Morocco,0.7643396401746549
97,quarter_final,Switzerland,Morocco,0.0015,0.4037619100794471,0.5962380899205528,3,Morocco,0.5962380899205528
97,quarter_final,Tunisia,Japan,0.0015,0.130647890152442,0.869352109847558,3,Japan,0.869352109847558
97,quarter_final,Bosnia and Herzegovina,Brazil,0.001,0.1083741940096964,0.8916258059903035,2,Brazil,0.8916258059903035
97,quarter_final,Brazil,Tunisia,0.001,0.8799841242188445,0.1200158757811554,2,Brazil,0.8799841242188445
97,quarter_final,Brazil,United States,0.001,0.7279930256645144,0.2720069743354856,2,Brazil,0.7279930256645144
97,quarter_final,Canada,Belgium,0.001,0.3287881284076815,0.6712118715923184,2,Belgium,0.6712118715923184
97,quarter_final,Canada,Scotland,0.001,0.5570832289677415,0.4429167710322584,2,Canada,0.5570832289677415
97,quarter_final,Czech Republic,Netherlands,0.001,0.2518873980306966,0.7481126019693034,2,Netherlands,0.7481126019693034
97,quarter_final,Czech Republic,United States,0.001,0.4162702950918588,0.5837297049081411,2,United States,0.5837297049081411
97,quarter_final,Haiti,France,0.001,0.1027434776991909,0.8972565223008091,2,France,0.8972565223008091
97,quarter_final,Haiti,United States,0.001,0.242322456478185,0.7576775435218149,2,United States,0.7576775435218149
97,quarter_final,Japan,Spain,0.001,0.2838325336943242,0.7161674663056758,2,Spain,0.7161674663056758
97,quarter_final,Japan,Tunisia,0.001,0.8693521098475578,0.1306478901524421,2,Japan,0.8693521098475578
97,quarter_final,Mexico,Belgium,0.001,0.4327787218025992,0.5672212781974009,2,Belgium,0.5672212781974009
97,quarter_final,Morocco,Belgium,0.001,0.518664754706842,0.4813352452931579,2,Morocco,0.518664754706842
97,quarter_final,Morocco,Egypt,0.001,0.7790286590357367,0.2209713409642633,2,Morocco,0.7790286590357367
97,quarter_final,Morocco,Iraq,0.001,0.8731344145064154,0.1268655854935846,2,Morocco,0.8731344145064154
97,quarter_final,Morocco,Tunisia,0.001,0.8763096497339952,0.1236903502660048,2,Morocco,0.8763096497339952
97,quarter_final,Netherlands,Australia,0.001,0.6419140323797065,0.3580859676202935,2,Netherlands,0.6419140323797065
97,quarter_final,Scotland,Ivory Coast,0.001,0.4368383279687879,0.563161672031212,2,Ivory Coast,0.563161672031212
97,quarter_final,Scotland,Paraguay,0.001,0.5440272598203243,0.4559727401796757,2,Scotland,0.5440272598203243
97,quarter_final,Scotland,Sweden,0.001,0.5425300341912394,0.4574699658087606,2,Scotland,0.5425300341912394
97,quarter_final,Scotland,Turkey,0.001,0.4009836948101754,0.5990163051898246,2,Turkey,0.5990163051898246
97,quarter_final,South Korea,Scotland,0.001,0.5229920077512339,0.4770079922487661,2,South Korea,0.5229920077512339
97,quarter_final,Sweden,Belgium,0.001,0.2402161474677589,0.759783852532241,2,Belgium,0.759783852532241
97,quarter_final,Sweden,Senegal,0.001,0.3935624157849475,0.6064375842150524,2,Senegal,0.6064375842150524
97,quarter_final,Sweden,Turkey,0.001,0.3601924813571386,0.6398075186428613,2,Turkey,0.6398075186428613
97,quarter_final,Switzerland,Haiti,0.001,0.8210321481767653,0.1789678518232347,2,Switzerland,0.8210321481767653
97,quarter_final,Switzerland,Paraguay,0.001,0.6869587668104395,0.3130412331895604,2,Switzerland,0.6869587668104395
97,quarter_final,Switzerland,United States,0.001,0.6040921526195197,0.3959078473804803,2,Switzerland,0.6040921526195197
97,quarter_final,Bosnia and Herzegovina,Australia,0.0005,0.2019265085332382,0.7980734914667618,1,Australia,0.7980734914667618
97,quarter_final,Bosnia and Herzegovina,Norway,0.0005,0.1237419647592818,0.8762580352407182,1,Norway,0.8762580352407182
97,quarter_final,Bosnia and Herzegovina,Paraguay,0.0005,0.3012746973018589,0.698725302698141,1,Paraguay,0.698725302698141
97,quarter_final,Bosnia and Herzegovina,Senegal,0.0005,0.2143382817842023,0.7856617182157977,1,Senegal,0.7856617182157977
97,quarter_final,Canada,Cape Verde,0.0005,0.8077988557413686,0.1922011442586314,1,Canada,0.8077988557413686
97,quarter_final,Canada,Ecuador,0.0005,0.3978873957778374,0.6021126042221626,1,Ecuador,0.6021126042221626
97,quarter_final,Canada,Egypt,0.0005,0.6223837094683723,0.3776162905316277,1,Canada,0.6223837094683723
97,quarter_final,Canada,Iraq,0.0005,0.7591780433903837,0.2408219566096162,1,Canada,0.7591780433903837
97,quarter_final,Canada,Morocco,0.0005,0.3209375208022785,0.6790624791977216,1,Morocco,0.6790624791977216
97,quarter_final,Canada,Paraguay,0.0005,0.5963232881977382,0.4036767118022618,1,Canada,0.5963232881977382
97,quarter_final,Czech Republic,Australia,0.0005,0.3748926770644254,0.6251073229355746,1,Australia,0.6251073229355746
97,quarter_final,Czech Republic,Brazil,0.0005,0.2177166250317015,0.7822833749682985,1,Brazil,0.7822833749682985
97,quarter_final,Czech Republic,Morocco,0.0005,0.2336014089553605,0.7663985910446395,1,Morocco,0.7663985910446395
97,quarter_final,Czech Republic,Sweden,0.0005,0.504002737942773,0.495997262057227,1,Czech Republic,0.504002737942773
97,quarter_final,Czech Republic,Tunisia,0.0005,0.6863908687278057,0.3136091312721942,1,Czech Republic,0.6863908687278057
97,quarter_final,Haiti,Australia,0.0005,0.2066954613894953,0.7933045386105047,1,Australia,0.7933045386105047
97,quarter_final,Haiti,Netherlands,0.0005,0.1368101763838048,0.8631898236161952,1,Netherlands,0.8631898236161952
97,quarter_final,Haiti,Norway,0.0005,0.1321438986179131,0.8678561013820869,1,Norway,0.8678561013820869
97,quarter_final,Haiti,Turkey,0.0005,0.2084555737110536,0.7915444262889464,1,Turkey,0.7915444262889464
97,quarter_final,Japan,Iraq,0.0005,0.8658582702113462,0.1341417297886538,1,Japan,0.8658582702113462
97,quarter_final,Japan,Mexico,0.0005,0.5700583716406403,0.4299416283593597,1,Japan,0.5700583716406403
97,quarter_final,Japan,South Korea,0.0005,0.7059869771401657,0.2940130228598343,1,Japan,0.7059869771401657
97,quarter_final,Mexico,Egypt,0.0005,0.7165408716781707,0.2834591283218293,1,Mexico,0.7165408716781707
97,quarter_final,Mexico,Iran,0.0005,0.5935191234546143,0.4064808765453856,1,Mexico,0.5935191234546143
97,quarter_final,Mexico,Iraq,0.0005,0.8271796542444828,0.1728203457555172,1,Mexico,0.8271796542444828
97,quarter_final,Mexico,New Zealand,0.0005,0.8535786298064154,0.1464213701935846,1,Mexico,0.8535786298064154
97,quarter_final,Mexico,Paraguay,0.0005,0.6981969663823652,0.3018030336176348,1,Mexico,0.6981969663823652
97,quarter_final,Mexico,South Korea,0.0005,0.6418398825977074,0.3581601174022926,1,Mexico,0.6418398825977074
97,quarter_final,Mexico,Tunisia,0.0005,0.8296246095315842,0.1703753904684157,1,Mexico,0.8296246095315842
97,quarter_final,Morocco,Haiti,0.0005,0.8873822289755383,0.1126177710244616,1,Morocco,0.8873822289755383
97,quarter_final,Morocco,Uruguay,0.0005,0.6513203764426287,0.3486796235573712,1,Morocco,0.6513203764426287
97,quarter_final,Netherlands,Belgium,0.0005,0.4935662923358206,0.5064337076641794,1,Belgium,0.5064337076641794
97,quarter_final,Netherlands,Czech Republic,0.0005,0.7481126019693033,0.2518873980306967,1,Netherlands,0.7481126019693033
97,quarter_final,Netherlands,Ecuador,0.0005,0.5721589868313772,0.4278410131686228,1,Netherlands,0.5721589868313772
97,quarter_final,Netherlands,Iran,0.0005,0.6493329625539129,0.350667037446087,1,Netherlands,0.6493329625539129
97,quarter_final,Netherlands,Spain,0.0005,0.273151837060765,0.7268481629392349,1,Spain,0.7268481629392349
97,quarter_final,Qatar,Germany,0.0005,0.0505684587408312,0.9494315412591688,1,Germany,0.9494315412591688
97,quarter_final,Qatar,Netherlands,0.0005,0.0621350471419568,0.937864952858043,1,Netherlands,0.937864952858043
97,quarter_final,Qatar,Senegal,0.0005,0.1058593694961666,0.8941406305038334,1,Senegal,0.8941406305038334
97,quarter_final,Scotland,Ecuador,0.0005,0.3466836631045802,0.6533163368954198,1,Ecuador,0.6533163368954198
97,quarter_final,Scotland,Iran,0.0005,0.4252217998289622,0.5747782001710378,1,Iran,0.5747782001710378
97,quarter_final,Scotland,Tunisia,0.0005,0.7183269181102702,0.2816730818897298,1,Scotland,0.7183269181102702
97,quarter_final,South Africa,Brazil,0.0005,0.1122467956917574,0.8877532043082426,1,Brazil,0.8877532043082426
97,quarter_final,South Africa,Paraguay,0.0005,0.2802616261154586,0.7197383738845414,1,Paraguay,0.7197383738845414
97,quarter_final,South Africa,United States,0.0005,0.2198780739563239,0.780121926043676,1,United States,0.780121926043676
97,quarter_final,South Korea,Australia,0.0005,0.4362340228634425,0.5637659771365575,1,Australia,0.5637659771365575
97,quarter_final,South Korea,Belgium,0.0005,0.295852014686533,0.7041479853134669,1,Belgium,0.7041479853134669
97,quarter_final,South Korea,Ecuador,0.0005,0.3656711998228385,0.6343288001771614,1,Ecuador,0.6343288001771614
97,quarter_final,South Korea,Iran,0.0005,0.4474483049004146,0.5525516950995855,1,Iran,0.5525516950995855
97,quarter_final,South Korea,Paraguay,0.0005,0.5645467159851935,0.4354532840148065,1,South Korea,0.5645467159851935
97,quarter_final,South Korea,Spain,0.0005,0.14506762004103,0.85493237995897,1,Spain,0.85493237995897
97,quarter_final,South Korea,Uruguay,0.0005,0.4391951388213507,0.5608048611786494,1,Uruguay,0.5608048611786494
97,quarter_final,Sweden,Brazil,0.0005,0.208523800851896,0.791476199148104,1,Brazil,0.791476199148104
97,quarter_final,Sweden,Ecuador,0.0005,0.3115842674643651,0.6884157325356348,1,Ecuador,0.6884157325356348
97,quarter_final,Sweden,Scotland,0.0005,0.4574699658087607,0.5425300341912394,1,Scotland,0.5425300341912394
97,quarter_final,Switzerland,Australia,0.0005,0.56440932286175,0.4355906771382499,1,Switzerland,0.56440932286175
97,quarter_final,Switzerland,Ecuador,0.0005,0.4923066498666708,0.5076933501333292,1,Ecuador,0.5076933501333292
97,quarter_final,Switzerland,Iraq,0.0005,0.8159607386670695,0.1840392613329304,1,Switzerland,0.8159607386670695
97,quarter_final,Switzerland,Spain,0.0005,0.2121587236506108,0.7878412763493892,1,Spain,0.7878412763493892
97,quarter_final,Tunisia,Iraq,0.0005,0.4971949103698111,0.5028050896301888,1,Iraq,0.5028050896301888
97,quarter_final,Tunisia,Morocco,0.0005,0.1236903502660048,0.8763096497339952,1,Morocco,0.8763096497339952
97,quarter_final,Tunisia,Netherlands,0.0005,0.1368400121294515,0.8631599878705485,1,Netherlands,0.8631599878705485
98,quarter_final,Spain,Belgium,0.085,0.718245495628734,0.281754504371266,170,Spain,0.718245495628734
98,quarter_final,Spain,Australia,0.064,0.8217449156889214,0.1782550843110786,128,Spain,0.8217449156889214
98,quarter_final,Spain,Iran,0.0355,0.8213146027386846,0.1786853972613153,71,Spain,0.8213146027386846
98,quarter_final,Spain,United States,0.032,0.8512546437124492,0.1487453562875508,64,Spain,0.8512546437124492
98,quarter_final,Argentina,Belgium,0.0275,0.721763644621416,0.278236355378584,55,Argentina,0.721763644621416
98,quarter_final,Spain,Switzerland,0.0225,0.787841276349389,0.2121587236506109,45,Spain,0.787841276349389
98,quarter_final,Argentina,Australia,0.0215,0.8231370505578687,0.1768629494421313,43,Argentina,0.8231370505578687
98,quarter_final,Portugal,Belgium,0.0205,0.5489262773897602,0.4510737226102398,41,Portugal,0.5489262773897602
98,quarter_final,Spain,Argentina,0.0195,0.5036411800878304,0.4963588199121695,39,Spain,0.5036411800878304
98,quarter_final,Argentina,Iran,0.0185,0.8278198567650538,0.1721801432349462,37,Argentina,0.8278198567650538
98,quarter_final,Argentina,United States,0.0175,0.8490512283503296,0.1509487716496703,35,Argentina,0.8490512283503296
98,quarter_final,Spain,Mexico,0.0165,0.7727159416693311,0.2272840583306689,33,Spain,0.7727159416693311
98,quarter_final,Colombia,Belgium,0.0135,0.5344695398217677,0.4655304601782323,27,Colombia,0.5344695398217677
98,quarter_final,Portugal,Australia,0.0135,0.6902788745166872,0.3097211254833127,27,Portugal,0.6902788745166872
98,quarter_final,Colombia,United States,0.013,0.7136916040075432,0.2863083959924568,26,Colombia,0.7136916040075432
98,quarter_final,Croatia,Belgium,0.013,0.4015175532922971,0.5984824467077028,26,Belgium,0.5984824467077028
98,quarter_final,Spain,Egypt,0.013,0.8845975766478754,0.1154024233521245,26,Spain,0.8845975766478754
98,quarter_final,Colombia,Australia,0.0125,0.6772948488203017,0.3227051511796983,25,Colombia,0.6772948488203017
98,quarter_final,Croatia,Australia,0.011,0.5532264009966676,0.4467735990033323,22,Croatia,0.5532264009966676
98,quarter_final,England,Iran,0.011,0.7252487156592942,0.2747512843407058,22,England,0.7252487156592942
98,quarter_final,Spain,Austria,0.011,0.7807493080650736,0.2192506919349264,22,Spain,0.7807493080650736
98,quarter_final,Spain,France,0.011,0.6173227703127786,0.3826772296872214,22,Spain,0.6173227703127786
98,quarter_final,England,Belgium,0.0105,0.5828030831032546,0.4171969168967454,21,England,0.5828030831032546
98,quarter_final,Spain,Czech Republic,0.0105,0.8820962878529488,0.1179037121470512,21,Spain,0.8820962878529488
98,quarter_final,England,Australia,0.01,0.7160146335379615,0.2839853664620385,20,England,0.7160146335379615
98,quarter_final,Spain,Canada,0.0095,0.8384086346551856,0.1615913653448144,19,Spain,0.8384086346551856
98,quarter_final,Spain,South Korea,0.0095,0.85493237995897,0.14506762004103,19,Spain,0.85493237995897
98,quarter_final,Algeria,Belgium,0.009,0.3888147081117306,0.6111852918882694,18,Belgium,0.6111852918882694
98,quarter_final,Austria,Belgium,0.009,0.4100496281578172,0.5899503718421828,18,Belgium,0.5899503718421828
98,quarter_final,England,United States,0.009,0.7498732242400163,0.2501267757599836,18,England,0.7498732242400163
98,quarter_final,Portugal,United States,0.0085,0.7280549012918041,0.2719450987081959,17,Portugal,0.7280549012918041
98,quarter_final,Algeria,Australia,0.008,0.530538136642343,0.469461863357657,16,Algeria,0.530538136642343
98,quarter_final,Austria,Australia,0.008,0.5576290555281159,0.4423709444718841,16,Austria,0.5576290555281159
98,quarter_final,Spain,Algeria,0.008,0.7881408900851218,0.2118591099148782,16,Spain,0.7881408900851218
98,quarter_final,Colombia,Iran,0.007,0.6831575367444881,0.3168424632555119,14,Colombia,0.6831575367444881
98,quarter_final,Argentina,Mexico,0.0065,0.7702985408934068,0.2297014591065932,13,Argentina,0.7702985408934068
98,quarter_final,Argentina,Switzerland,0.006,0.784958634656948,0.2150413653430519,12,Argentina,0.784958634656948
98,quarter_final,England,Switzerland,0.006,0.6615611801653867,0.3384388198346133,12,England,0.6615611801653867
98,quarter_final,Argentina,Austria,0.0055,0.7864158627774342,0.2135841372225657,11,Argentina,0.7864158627774342
98,quarter_final,Argentina,Canada,0.0055,0.8384034449357813,0.1615965550642186,11,Argentina,0.8384034449357813
98,quarter_final,Portugal,Iran,0.0055,0.6965776093003863,0.3034223906996137,11,Portugal,0.6965776093003863
98,quarter_final,Argentina,South Korea,0.005,0.8579687288490834,0.1420312711509166,10,Argentina,0.8579687288490834
98,quarter_final,Algeria,Canada,0.0045,0.5559213036180897,0.4440786963819103,9,Algeria,0.5559213036180897
98,quarter_final,Austria,United States,0.0045,0.5995088404382971,0.4004911595617029,9,Austria,0.5995088404382971
98,quarter_final,Colombia,Egypt,0.0045,0.7861895065521152,0.2138104934478848,9,Colombia,0.7861895065521152
98,quarter_final,Croatia,Iran,0.0045,0.5630745092539704,0.4369254907460296,9,Croatia,0.5630745092539704
98,quarter_final,Croatia,Switzerland,0.0045,0.4885233700513253,0.5114766299486747,9,Switzerland,0.5114766299486747
98,quarter_final,Croatia,United States,0.0045,0.5930091578568719,0.4069908421431281,9,Croatia,0.5930091578568719
98,quarter_final,Portugal,Canada,0.0045,0.7142519533038479,0.285748046696152,9,Portugal,0.7142519533038479
98,quarter_final,Spain,South Africa,0.0045,0.9388976584349598,0.0611023415650402,9,Spain,0.9388976584349598
98,quarter_final,Algeria,Austria,0.004,0.475415851064603,0.5245841489353971,8,Austria,0.5245841489353971
98,quarter_final,Algeria,United States,0.004,0.5722824006445741,0.4277175993554258,8,Algeria,0.5722824006445741
98,quarter_final,Argentina,France,0.004,0.6106603962011699,0.3893396037988301,8,Argentina,0.6106603962011699
98,quarter_final,Austria,Canada,0.004,0.584119132503438,0.4158808674965619,8,Austria,0.584119132503438
98,quarter_final,Portugal,Czech Republic,0.004,0.7871875140298068,0.2128124859701932,8,Portugal,0.7871875140298068
98,quarter_final,Spain,Bosnia and Herzegovina,0.004,0.9455595551593552,0.0544404448406449,8,Spain,0.9455595551593552
98,quarter_final,Spain,Ecuador,0.004,0.7794478464405015,0.2205521535594985,8,Spain,0.7794478464405015
98,quarter_final,Spain,Turkey,0.004,0.8209822422502993,0.1790177577497007,8,Spain,0.8209822422502993
98,quarter_final,Uruguay,Australia,0.004,0.4993290401357622,0.5006709598642378,8,Australia,0.5006709598642378
98,quarter_final,Uruguay,Belgium,0.004,0.3524018562796728,0.6475981437203272,8,Belgium,0.6475981437203272
98,quarter_final,Algeria,Iran,0.0035,0.5445346105254557,0.4554653894745443,7,Algeria,0.5445346105254557
98,quarter_final,Algeria,Mexico,0.0035,0.448323551610698,0.551676448389302,7,Mexico,0.551676448389302
98,quarter_final,Argentina,Algeria,0.0035,0.7981894025111033,0.2018105974888967,7,Argentina,0.7981894025111033
98,quarter_final,Austria,Iran,0.0035,0.5696314917820642,0.4303685082179358,7,Austria,0.5696314917820642
98,quarter_final,Croatia,South Korea,0.0035,0.6141453949879482,0.3858546050120518,7,Croatia,0.6141453949879482
98,quarter_final,Portugal,Mexico,0.0035,0.6167820099898215,0.3832179900101785,7,Portugal,0.6167820099898215
98,quarter_final,Uzbekistan,Australia,0.0035,0.340838618412278,0.659161381587722,7,Australia,0.659161381587722
98,quarter_final,Algeria,Czech Republic,0.003,0.6580469543012928,0.3419530456987072,6,Algeria,0.6580469543012928
98,quarter_final,Algeria,Egypt,0.003,0.6744816914914235,0.3255183085085765,6,Algeria,0.6744816914914235
98,quarter_final,Argentina,Czech Republic,0.003,0.8866160290137016,0.1133839709862983,6,Argentina,0.8866160290137016
98,quarter_final,Argentina,Egypt,0.003,0.8905608299179243,0.1094391700820757,6,Argentina,0.8905608299179243
98,quarter_final,Argentina,Uruguay,0.003,0.8240511100304735,0.1759488899695265,6,Argentina,0.8240511100304735
98,quarter_final,Colombia,Switzerland,0.003,0.6205152897156765,0.3794847102843235,6,Colombia,0.6205152897156765
98,quarter_final,Croatia,Mexico,0.003,0.4715506225421273,0.5284493774578727,6,Mexico,0.5284493774578727
98,quarter_final,England,Algeria,0.003,0.6873664272817332,0.3126335727182667,6,England,0.6873664272817332
98,quarter_final,England,Argentina,0.003,0.3502533014160435,0.6497466985839565,6,Argentina,0.6497466985839565
98,quarter_final,England,France,0.003,0.4592874240705129,0.5407125759294871,6,France,0.5407125759294871
98,quarter_final,Portugal,Argentina,0.003,0.3208842581946012,0.6791157418053988,6,Argentina,0.6791157418053988
98,quarter_final,Portugal,France,0.003,0.4298130873516101,0.5701869126483898,6,France,0.5701869126483898
98,quarter_final,Portugal,Switzerland,0.003,0.6352164012071734,0.3647835987928266,6,Portugal,0.6352164012071734
98,quarter_final,Uzbekistan,Belgium,0.003,0.2204491774327104,0.7795508225672896,6,Belgium,0.7795508225672896
98,quarter_final,Algeria,Argentina,0.0025,0.2018105974888968,0.7981894025111032,5,Argentina,0.7981894025111032
98,quarter_final,Algeria,South Korea,0.0025,0.5957650570517342,0.4042349429482658,5,Algeria,0.5957650570517342
98,quarter_final,Austria,Argentina,0.0025,0.2135841372225659,0.786415862777434,5,Argentina,0.786415862777434
98,quarter_final,Austria,Switzerland,0.0025,0.4953655074381002,0.5046344925618997,5,Switzerland,0.5046344925618997
98,quarter_final,Colombia,Algeria,0.0025,0.642726333487634,0.357273666512366,5,Colombia,0.642726333487634
98,quarter_final,Colombia,Ecuador,0.0025,0.6130887602424501,0.3869112397575499,5,Colombia,0.6130887602424501
98,quarter_final,Croatia,Canada,0.0025,0.5816806637984542,0.4183193362015458,5,Croatia,0.5816806637984542
98,quarter_final,DR Congo,Australia,0.0025,0.2827461788194482,0.7172538211805517,5,Australia,0.7172538211805517
98,quarter_final,England,Egypt,0.0025,0.8194161835465419,0.1805838164534581,5,England,0.8194161835465419
98,quarter_final,Portugal,South Korea,0.0025,0.7420895950629404,0.2579104049370596,5,Portugal,0.7420895950629404
98,quarter_final,Portugal,Spain,0.0025,0.3191651445796372,0.6808348554203627,5,Spain,0.6808348554203627
98,quarter_final,Spain,Senegal,0.0025,0.8242075230984709,0.1757924769015291,5,Spain,0.8242075230984709
98,quarter_final,Algeria,France,0.002,0.2916226454662053,0.7083773545337946,4,France,0.7083773545337946
98,quarter_final,Algeria,Switzerland,0.002,0.4695361000691926,0.5304638999308073,4,Switzerland,0.5304638999308073
98,quarter_final,Argentina,Ecuador,0.002,0.7738105148741702,0.2261894851258298,4,Argentina,0.7738105148741702
98,quarter_final,Argentina,Senegal,0.002,0.8321023248173701,0.1678976751826298,4,Argentina,0.8321023248173701
98,quarter_final,Austria,Spain,0.002,0.2192506919349263,0.7807493080650737,4,Spain,0.7807493080650737
98,quarter_final,Colombia,Czech Republic,0.002,0.7725733053179853,0.2274266946820147,4,Colombia,0.7725733053179853
98,quarter_final,Colombia,South Korea,0.002,0.7281978862382686,0.2718021137617313,4,Colombia,0.7281978862382686
98,quarter_final,Croatia,Argentina,0.002,0.2074395321857029,0.7925604678142971,4,Argentina,0.7925604678142971
98,quarter_final,England,Mexico,0.002,0.6435806438514068,0.3564193561485932,4,England,0.6435806438514068
98,quarter_final,Portugal,Algeria,0.002,0.6549551866944877,0.3450448133055123,4,Portugal,0.6549551866944877
98,quarter_final,Spain,Jordan,0.002,0.9295169877233296,0.0704830122766703,4,Spain,0.9295169877233296
98,quarter_final,Spain,Netherlands,0.002,0.7268481629392349,0.273151837060765,4,Spain,0.7268481629392349
98,quarter_final,Spain,Norway,0.002,0.7287085506266876,0.2712914493733124,4,Spain,0.7287085506266876
98,quarter_final,Uruguay,Czech Republic,0.002,0.6195440742697755,0.3804559257302244,4,Uruguay,0.6195440742697755
98,quarter_final,Uzbekistan,Iran,0.002,0.3517447538355213,0.6482552461644786,4,Iran,0.6482552461644786
98,quarter_final,Argentina,Norway,0.0015,0.7317068134293585,0.2682931865706415,3,Argentina,0.7317068134293585
98,quarter_final,Argentina,South Africa,0.0015,0.946505013473114,0.0534949865268861,3,Argentina,0.946505013473114
98,quarter_final,Argentina,Spain,0.0015,0.4963588199121695,0.5036411800878304,3,Spain,0.5036411800878304
98,quarter_final,Austria,Algeria,0.0015,0.524584148935397,0.475415851064603,3,Austria,0.524584148935397
98,quarter_final,Austria,Czech Republic,0.0015,0.6809055921465167,0.3190944078534833,3,Austria,0.6809055921465167
98,quarter_final,Austria,Mexico,0.0015,0.4750343625500348,0.5249656374499652,3,Mexico,0.5249656374499652
98,quarter_final,Austria,South Korea,0.0015,0.6212707885766805,0.3787292114233195,3,Austria,0.6212707885766805
98,quarter_final,Colombia,Argentina,0.0015,0.3111625984401425,0.6888374015598575,3,Argentina,0.6888374015598575
98,quarter_final,Colombia,Austria,0.0015,0.622129951420523,0.377870048579477,3,Colombia,0.622129951420523
98,quarter_final,Colombia,Germany,0.0015,0.4941238588669714,0.5058761411330286,3,Germany,0.5058761411330286
98,quarter_final,Colombia,Netherlands,0.0015,0.5400298064299736,0.4599701935700264,3,Colombia,0.5400298064299736
98,quarter_final,Croatia,Austria,0.0015,0.4934357731468942,0.5065642268531059,3,Austria,0.5065642268531059
98,quarter_final,Croatia,Egypt,0.0015,0.6913115369074887,0.3086884630925113,3,Croatia,0.6913115369074887
98,quarter_final,Croatia,France,0.0015,0.2934867907849141,0.7065132092150859,3,France,0.7065132092150859
98,quarter_final,Croatia,Sweden,0.0015,0.6756187769742131,0.3243812230257868,3,Croatia,0.6756187769742131
98,quarter_final,DR Congo,Belgium,0.0015,0.1825594558136412,0.8174405441863587,3,Belgium,0.8174405441863587
98,quarter_final,DR Congo,Canada,0.0015,0.3041081364426983,0.6958918635573017,3,Canada,0.6958918635573017
98,quarter_final,DR Congo,United States,0.0015,0.3185631871214458,0.6814368128785542,3,United States,0.6814368128785542
98,quarter_final,England,Bosnia and Herzegovina,0.0015,0.9092378122894984,0.0907621877105017,3,England,0.9092378122894984
98,quarter_final,England,Czech Republic,0.0015,0.8094701457982425,0.1905298542017575,3,England,0.8094701457982425
98,quarter_final,England,Ecuador,0.0015,0.6478847036733667,0.3521152963266333,3,England,0.6478847036733667
98,quarter_final,England,Germany,0.0015,0.5432770749249787,0.4567229250750213,3,England,0.5432770749249787
98,quarter_final,England,Turkey,0.0015,0.7062966445459758,0.2937033554540241,3,England,0.7062966445459758
98,quarter_final,Jordan,United States,0.0015,0.2904967720319075,0.7095032279680925,3,United States,0.7095032279680925
98,quarter_final,Panama,Australia,0.0015,0.2983436888691855,0.7016563111308145,3,Australia,0.7016563111308145
98,quarter_final,Panama,Belgium,0.0015,0.1843224771652754,0.8156775228347246,3,Belgium,0.8156775228347246
98,quarter_final,Panama,Iran,0.0015,0.306615173668711,0.693384826331289,3,Iran,0.693384826331289
98,quarter_final,Portugal,Egypt,0.0015,0.7978861792084017,0.2021138207915983,3,Portugal,0.7978861792084017
98,quarter_final,Portugal,Norway,0.0015,0.5612002782881297,0.4387997217118703,3,Portugal,0.5612002782881297
98,quarter_final,Portugal,Turkey,0.0015,0.6821235947528443,0.3178764052471556,3,Portugal,0.6821235947528443
98,quarter_final,Spain,Japan,0.0015,0.7161674663056758,0.2838325336943241,3,Spain,0.7161674663056758
98,quarter_final,Spain,Sweden,0.0015,0.8915005957312603,0.1084994042687397,3,Spain,0.8915005957312603
98,quarter_final,Uruguay,Argentina,0.0015,0.1759488899695264,0.8240511100304735,3,Argentina,0.8240511100304735
98,quarter_final,Uruguay,Iran,0.0015,0.5126328788476102,0.4873671211523898,3,Uruguay,0.5126328788476102
98,quarter_final,Uzbekistan,Mexico,0.0015,0.2726151940968883,0.7273848059031116,3,Mexico,0.7273848059031116
98,quarter_final,Uzbekistan,South Korea,0.0015,0.3999790432591975,0.6000209567408026,3,South Korea,0.6000209567408026
98,quarter_final,Uzbekistan,Switzerland,0.0015,0.2874466600749658,0.7125533399250341,3,Switzerland,0.7125533399250341
98,quarter_final,Algeria,Ecuador,0.001,0.4511269785385261,0.5488730214614739,2,Ecuador,0.5488730214614739
98,quarter_final,Algeria,Ivory Coast,0.001,0.5538176014414555,0.4461823985585444,2,Algeria,0.5538176014414555
98,quarter_final,Algeria,Turkey,0.001,0.5195426001260017,0.4804573998739982,2,Algeria,0.5195426001260017
98,quarter_final,Argentina,Bosnia and Herzegovina,0.001,0.948093855870476,0.0519061441295238,2,Argentina,0.948093855870476
98,quarter_final,Argentina,Germany,0.001,0.6893860738062,0.3106139261938,2,Argentina,0.6893860738062
98,quarter_final,Argentina,Ivory Coast,0.001,0.8313419487621282,0.1686580512378718,2,Argentina,0.8313419487621282
98,quarter_final,Argentina,Japan,0.001,0.7173472979969812,0.2826527020030188,2,Argentina,0.7173472979969812
98,quarter_final,Argentina,Qatar,0.001,0.974836513561357,0.0251634864386429,2,Argentina,0.974836513561357
98,quarter_final,Argentina,Turkey,0.001,0.8182745857930724,0.1817254142069275,2,Argentina,0.8182745857930724
98,quarter_final,Austria,Bosnia and Herzegovina,0.001,0.8362410877823644,0.1637589122176356,2,Austria,0.8362410877823644
98,quarter_final,Austria,Ecuador,0.001,0.4801563722721639,0.5198436277278361,2,Ecuador,0.5198436277278361
98,quarter_final,Austria,Norway,0.001,0.4221692493924313,0.5778307506075686,2,Norway,0.5778307506075686
98,quarter_final,Colombia,France,0.001,0.4143560490264377,0.5856439509735623,2,France,0.5856439509735623
98,quarter_final,Colombia,Mexico,0.001,0.6039862549160185,0.3960137450839814,2,Colombia,0.6039862549160185
98,quarter_final,Colombia,Sweden,0.001,0.7803104642208388,0.2196895357791611,2,Colombia,0.7803104642208388
98,quarter_final,Colombia,Turkey,0.001,0.6673876720907678,0.3326123279092322,2,Colombia,0.6673876720907678
98,quarter_final,Colombia,Uruguay,0.001,0.6829490361872648,0.3170509638127352,2,Colombia,0.6829490361872648
98,quarter_final,Croatia,Cape Verde,0.001,0.8476484755572621,0.1523515244427379,2,Croatia,0.8476484755572621
98,quarter_final,Croatia,Czech Republic,0.001,0.6707756076799863,0.3292243923200136,2,Croatia,0.6707756076799863
98,quarter_final,Croatia,Turkey,0.001,0.539602131479293,0.4603978685207069,2,Croatia,0.539602131479293
98,quarter_final,Croatia,Uruguay,0.001,0.5573680700343154,0.4426319299656845,2,Croatia,0.5573680700343154
98,quarter_final,DR Congo,South Korea,0.001,0.3365108152736714,0.6634891847263287,2,South Korea,0.6634891847263287
98,quarter_final,England,Austria,0.001,0.667222921885506,0.332777078114494,2,England,0.667222921885506
98,quarter_final,England,Canada,0.001,0.737446324892239,0.2625536751077609,2,England,0.737446324892239
98,quarter_final,England,Paraguay,0.001,0.8079885554917959,0.192011444508204,2,England,0.8079885554917959
98,quarter_final,England,South Korea,0.001,0.7661426012745094,0.2338573987254906,2,England,0.7661426012745094
98,quarter_final,England,Uruguay,0.001,0.7153853721390928,0.2846146278609072,2,England,0.7153853721390928
98,quarter_final,Jordan,Australia,0.001,0.2577398888260915,0.7422601111739084,2,Australia,0.7422601111739084
98,quarter_final,Panama,Czech Republic,0.001,0.4128015235646955,0.5871984764353044,2,Czech Republic,0.5871984764353044
98,quarter_final,Panama,Mexico,0.001,0.2358302490325647,0.7641697509674352,2,Mexico,0.7641697509674352
98,quarter_final,Portugal,Ecuador,0.001,0.624122999386964,0.3758770006130359,2,Portugal,0.624122999386964
98,quarter_final,Portugal,Senegal,0.001,0.7036616286545448,0.2963383713454551,2,Portugal,0.7036616286545448
98,quarter_final,Portugal,Uruguay,0.001,0.6942851312316312,0.3057148687683688,2,Portugal,0.6942851312316312
98,quarter_final,Saudi Arabia,Australia,0.001,0.1934680372527747,0.8065319627472253,2,Australia,0.8065319627472253
98,quarter_final,Spain,Cape Verde,0.001,0.947787621499588,0.052212378500412,2,Spain,0.947787621499588
98,quarter_final,Spain,Germany,0.001,0.6892983649235424,0.3107016350764576,2,Spain,0.6892983649235424
98,quarter_final,Spain,Uruguay,0.001,0.8286668619592784,0.1713331380407216,2,Spain,0.8286668619592784
98,quarter_final,Uruguay,South Korea,0.001,0.5608048611786494,0.4391951388213506,2,Uruguay,0.5608048611786494
98,quarter_final,Uruguay,Spain,0.001,0.1713331380407215,0.8286668619592785,2,Spain,0.8286668619592785
98,quarter_final,Uruguay,Switzerland,0.001,0.4311543185120148,0.5688456814879852,2,Switzerland,0.5688456814879852
98,quarter_final,Uruguay,Turkey,0.001,0.480458760468184,0.519541239531816,2,Turkey,0.519541239531816
98,quarter_final,Uruguay,United States,0.001,0.5336884416745884,0.4663115583254116,2,Uruguay,0.5336884416745884
98,quarter_final,Uzbekistan,Austria,0.001,0.29019936731768,0.7098006326823201,2,Austria,0.7098006326823201
98,quarter_final,Uzbekistan,Czech Republic,0.001,0.4622240127512912,0.5377759872487088,2,Czech Republic,0.5377759872487088
98,quarter_final,Uzbekistan,Egypt,0.001,0.4875856674535521,0.5124143325464479,2,Egypt,0.5124143325464479
98,quarter_final,Uzbekistan,United States,0.001,0.3778245305283763,0.6221754694716237,2,United States,0.6221754694716237
98,quarter_final,Algeria,Bosnia and Herzegovina,0.0005,0.8208528657555473,0.1791471342444527,1,Algeria,0.8208528657555473
98,quarter_final,Algeria,Japan,0.0005,0.3830467656468343,0.6169532343531656,1,Japan,0.6169532343531656
98,quarter_final,Algeria,New Zealand,0.0005,0.8372820368369848,0.1627179631630152,1,Algeria,0.8372820368369848
98,quarter_final,Algeria,Norway,0.0005,0.4007010050921404,0.5992989949078595,1,Norway,0.5992989949078595
98,quarter_final,Algeria,Senegal,0.0005,0.5547442291805784,0.4452557708194216,1,Algeria,0.5547442291805784
98,quarter_final,Algeria,South Africa,0.0005,0.8359837562498061,0.1640162437501938,1,Algeria,0.8359837562498061
98,quarter_final,Algeria,Spain,0.0005,0.2118591099148783,0.7881408900851217,1,Spain,0.7881408900851217
98,quarter_final,Argentina,Iraq,0.0005,0.9393173161528569,0.0606826838471431,1,Argentina,0.9393173161528569
98,quarter_final,Argentina,Jordan,0.0005,0.9315794615649308,0.0684205384350691,1,Argentina,0.9315794615649308
98,quarter_final,Argentina,New Zealand,0.0005,0.9517944559149738,0.0482055440850262,1,Argentina,0.9517944559149738
98,quarter_final,Argentina,Sweden,0.0005,0.8905132564911906,0.1094867435088093,1,Argentina,0.8905132564911906
98,quarter_final,Austria,France,0.0005,0.3062368910356836,0.6937631089643164,1,France,0.6937631089643164
98,quarter_final,Austria,Germany,0.0005,0.3739278245046824,0.6260721754953176,1,Germany,0.6260721754953176
98,quarter_final,Austria,Iraq,0.0005,0.8180820700421008,0.1819179299578992,1,Austria,0.8180820700421008
98,quarter_final,Cape Verde,Argentina,0.0005,0.0466664272996875,0.9533335727003124,1,Argentina,0.9533335727003124
98,quarter_final,Cape Verde,Austria,0.0005,0.1401262981073946,0.8598737018926054,1,Austria,0.8598737018926054
98,quarter_final,Cape Verde,Belgium,0.0005,0.1028187811435064,0.8971812188564936,1,Belgium,0.8971812188564936
98,quarter_final,Cape Verde,Ecuador,0.0005,0.1438974360633959,0.8561025639366041,1,Ecuador,0.8561025639366041
98,quarter_final,Colombia,Bosnia and Herzegovina,0.0005,0.8871165472199091,0.1128834527800909,1,Colombia,0.8871165472199091
98,quarter_final,Colombia,Cape Verde,0.0005,0.8969470261179343,0.1030529738820656,1,Colombia,0.8969470261179343
98,quarter_final,Colombia,Jordan,0.0005,0.8543985073648095,0.1456014926351905,1,Colombia,0.8543985073648095
98,quarter_final,Colombia,Norway,0.0005,0.5461625694664349,0.453837430533565,1,Colombia,0.5461625694664349
98,quarter_final,Colombia,Paraguay,0.0005,0.7818343504364069,0.218165649563593,1,Colombia,0.7818343504364069
98,quarter_final,Colombia,Senegal,0.0005,0.6905690217122721,0.3094309782877279,1,Colombia,0.6905690217122721
98,quarter_final,Croatia,Algeria,0.0005,0.5195860349191952,0.4804139650808048,1,Croatia,0.5195860349191952
98,quarter_final,Croatia,Bosnia and Herzegovina,0.0005,0.8279065109581112,0.1720934890418888,1,Croatia,0.8279065109581112
98,quarter_final,Croatia,Ecuador,0.0005,0.4806774215561014,0.5193225784438986,1,Ecuador,0.5193225784438986
98,quarter_final,Croatia,Germany,0.0005,0.3623482599018005,0.6376517400981995,1,Germany,0.6376517400981995
98,quarter_final,Croatia,Ivory Coast,0.0005,0.5738085317242623,0.4261914682757377,1,Croatia,0.5738085317242623
98,quarter_final,Croatia,Jordan,0.0005,0.7793970203852816,0.2206029796147184,1,Croatia,0.7793970203852816
98,quarter_final,Croatia,Norway,0.0005,0.4128581706583135,0.5871418293416865,1,Norway,0.5871418293416865
98,quarter_final,Croatia,South Africa,0.0005,0.8335682097313414,0.1664317902686586,1,Croatia,0.8335682097313414
98,quarter_final,Croatia,Spain,0.0005,0.2049827923138558,0.7950172076861441,1,Spain,0.7950172076861441
98,quarter_final,DR Congo,Algeria,0.0005,0.2577903289290963,0.7422096710709036,1,Algeria,0.7422096710709036
98,quarter_final,DR Congo,Argentina,0.0005,0.0858071539560437,0.9141928460439562,1,Argentina,0.9141928460439562
98,quarter_final,DR Congo,Czech Republic,0.0005,0.3951644228284213,0.6048355771715788,1,Czech Republic,0.6048355771715788
98,quarter_final,DR Congo,Ecuador,0.0005,0.2280494999279273,0.7719505000720727,1,Ecuador,0.7719505000720727
98,quarter_final,DR Congo,Iran,0.0005,0.2924827101981949,0.7075172898018052,1,Iran,0.7075172898018052
98,quarter_final,DR Congo,Mexico,0.0005,0.2245970412627336,0.7754029587372664,1,Mexico,0.7754029587372664
98,quarter_final,DR Congo,Spain,0.0005,0.0939391847804858,0.9060608152195142,1,Spain,0.9060608152195142
98,quarter_final,DR Congo,Turkey,0.0005,0.2764834483204337,0.7235165516795663,1,Turkey,0.7235165516795663
98,quarter_final,England,Japan,0.0005,0.5778721319115999,0.4221278680884001,1,England,0.5778721319115999
98,quarter_final,England,Senegal,0.0005,0.7326390154362287,0.2673609845637713,1,England,0.7326390154362287
98,quarter_final,England,Spain,0.0005,0.349386792584635,0.650613207415365,1,Spain,0.650613207415365
98,quarter_final,England,Sweden,0.0005,0.8121826760643418,0.1878173239356582,1,England,0.8121826760643418
98,quarter_final,Ghana,Australia,0.0005,0.1488578292811417,0.8511421707188582,1,Australia,0.8511421707188582
98,quarter_final,Ghana,Belgium,0.0005,0.0845330988868878,0.915466901113112,1,Belgium,0.915466901113112
98,quarter_final,Ghana,Iran,0.0005,0.1508374986842635,0.8491625013157365,1,Iran,0.8491625013157365
98,quarter_final,Ghana,South Korea,0.0005,0.1816897574887847,0.8183102425112152,1,South Korea,0.8183102425112152
98,quarter_final,Jordan,Belgium,0.0005,0.1554437650139272,0.8445562349860728,1,Belgium,0.8445562349860728
98,quarter_final,Panama,Austria,0.0005,0.2487101353683684,0.7512898646316316,1,Austria,0.7512898646316316
98,quarter_final,Panama,Ecuador,0.0005,0.2449568278738586,0.7550431721261414,1,Ecuador,0.7550431721261414
98,quarter_final,Panama,France,0.0005,0.1297883016404499,0.87021169835955,1,France,0.87021169835955
98,quarter_final,Panama,Paraguay,0.0005,0.4199190866667467,0.5800809133332532,1,Paraguay,0.5800809133332532
98,quarter_final,Panama,Saudi Arabia,0.0005,0.6440636225654696,0.3559363774345304,1,Panama,0.6440636225654696
98,quarter_final,Panama,United States,0.0005,0.3336270356651917,0.6663729643348083,1,United States,0.6663729643348083
98,quarter_final,Portugal,Austria,0.0005,0.6358360857815829,0.3641639142184171,1,Portugal,0.6358360857815829
98,quarter_final,Portugal,Bosnia and Herzegovina,0.0005,0.89759621175281,0.1024037882471899,1,Portugal,0.89759621175281
98,quarter_final,Portugal,Germany,0.0005,0.5099436183316988,0.4900563816683012,1,Portugal,0.5099436183316988
98,quarter_final,Portugal,Japan,0.0005,0.5458843559626639,0.454115644037336,1,Portugal,0.5458843559626639
98,quarter_final,Saudi Arabia,Argentina,0.0005,0.0510625221749197,0.9489374778250802,1,Argentina,0.9489374778250802
98,quarter_final,Saudi Arabia,Switzerland,0.0005,0.1600146835081246,0.8399853164918754,1,Switzerland,0.8399853164918754
98,quarter_final,Spain,Iraq,0.0005,0.9347224141758632,0.0652775858241366,1,Spain,0.9347224141758632
98,quarter_final,Spain,Ivory Coast,0.0005,0.8235441935494884,0.1764558064505116,1,Spain,0.8235441935494884
98,quarter_final,Spain,Saudi Arabia,0.0005,0.9454469058631224,0.0545530941368774,1,Spain,0.9454469058631224
98,quarter_final,Uruguay,Austria,0.0005,0.4426292279562525,0.5573707720437475,1,Austria,0.5573707720437475
98,quarter_final,Uruguay,Curaçao,0.0005,0.8661703423856227,0.1338296576143772,1,Uruguay,0.8661703423856227
98,quarter_final,Uruguay,France,0.0005,0.2478380820257008,0.7521619179742991,1,France,0.7521619179742991
98,quarter_final,Uruguay,Ivory Coast,0.0005,0.5255090617688108,0.4744909382311891,1,Uruguay,0.5255090617688108
98,quarter_final,Uzbekistan,Algeria,0.0005,0.3133460614411402,0.6866539385588598,1,Algeria,0.6866539385588598
98,quarter_final,Uzbekistan,Canada,0.0005,0.3662149225558999,0.6337850774441001,1,Canada,0.6337850774441001
98,quarter_final,Uzbekistan,France,0.0005,0.1575903175559453,0.8424096824440547,1,France,0.8424096824440547
98,quarter_final,Uzbekistan,Japan,0.0005,0.2191167820312662,0.7808832179687337,1,Japan,0.7808832179687337
99,quarter_final,Morocco,England,0.05,0.43326451114787,0.5667354888521299,100,England,0.5667354888521299
99,quarter_final,Germany,England,0.043,0.4567229250750212,0.5432770749249787,86,England,0.5432770749249787
99,quarter_final,France,England,0.036,0.5407125759294871,0.4592874240705129,72,France,0.5407125759294871
99,quarter_final,Netherlands,England,0.0315,0.4138619339397386,0.5861380660602613,63,England,0.5861380660602613
99,quarter_final,Japan,England,0.0295,0.4221278680884,0.5778721319116,59,England,0.5778721319116
99,quarter_final,Norway,England,0.0245,0.405433527760985,0.5945664722390149,49,England,0.5945664722390149
99,quarter_final,Ivory Coast,England,0.0235,0.2678165969328401,0.7321834030671599,47,England,0.7321834030671599
99,quarter_final,Brazil,England,0.021,0.4758916732593793,0.5241083267406206,42,England,0.5241083267406206
99,quarter_final,Morocco,Mexico,0.0205,0.576461009302996,0.4235389906970039,41,Morocco,0.576461009302996
99,quarter_final,Netherlands,Mexico,0.0165,0.5639852294431389,0.4360147705568611,33,Netherlands,0.5639852294431389
99,quarter_final,Germany,Mexico,0.016,0.6076798355921814,0.3923201644078186,32,Germany,0.6076798355921814
99,quarter_final,France,Mexico,0.0155,0.6813287066420032,0.3186712933579968,31,France,0.6813287066420032
99,quarter_final,Ivory Coast,Mexico,0.015,0.3957504660290157,0.6042495339709844,30,Mexico,0.6042495339709844
99,quarter_final,Senegal,England,0.0135,0.2673609845637714,0.7326390154362286,27,England,0.7326390154362286
99,quarter_final,Morocco,Croatia,0.013,0.607184798951727,0.392815201048273,26,Morocco,0.607184798951727
99,quarter_final,Morocco,Ecuador,0.0125,0.5780098462447626,0.4219901537552374,25,Morocco,0.5780098462447626
99,quarter_final,Japan,Mexico,0.012,0.5700583716406403,0.4299416283593597,24,Japan,0.5700583716406403
99,quarter_final,Ecuador,England,0.0115,0.3521152963266333,0.6478847036733667,23,England,0.6478847036733667
99,quarter_final,Norway,Mexico,0.0115,0.5558563954497464,0.4441436045502536,23,Norway,0.5558563954497464
99,quarter_final,Morocco,South Korea,0.011,0.7146010931899043,0.2853989068100957,22,Morocco,0.7146010931899043
99,quarter_final,Scotland,England,0.0105,0.2173613592619826,0.7826386407380174,21,England,0.7826386407380174
99,quarter_final,Netherlands,Colombia,0.01,0.4599701935700265,0.5400298064299736,20,Colombia,0.5400298064299736
99,quarter_final,Morocco,Portugal,0.0095,0.4664412203511948,0.5335587796488053,19,Portugal,0.5335587796488053
99,quarter_final,Sweden,England,0.009,0.1878173239356582,0.8121826760643418,18,England,0.8121826760643418
99,quarter_final,France,South Korea,0.0085,0.7870414207244212,0.2129585792755788,17,France,0.7870414207244212
99,quarter_final,Ivory Coast,South Korea,0.008,0.5414912081606905,0.4585087918393095,16,Ivory Coast,0.5414912081606905
99,quarter_final,Japan,South Korea,0.008,0.7059869771401657,0.2940130228598343,16,Japan,0.7059869771401657
99,quarter_final,Morocco,France,0.008,0.3974572216665097,0.6025427783334902,16,France,0.6025427783334902
99,quarter_final,Brazil,Mexico,0.0075,0.6220052765120422,0.3779947234879578,15,Brazil,0.6220052765120422
99,quarter_final,Germany,Colombia,0.0075,0.5058761411330285,0.4941238588669715,15,Germany,0.5058761411330285
99,quarter_final,Germany,South Korea,0.0075,0.7355023979403271,0.2644976020596729,15,Germany,0.7355023979403271
99,quarter_final,Japan,Croatia,0.0075,0.6002750789326254,0.3997249210673745,15,Japan,0.6002750789326254
99,quarter_final,France,Croatia,0.007,0.7065132092150861,0.2934867907849139,14,France,0.7065132092150861
99,quarter_final,France,Portugal,0.007,0.5701869126483898,0.4298130873516101,14,France,0.5701869126483898
99,quarter_final,Germany,Croatia,0.007,0.6376517400981994,0.3623482599018006,14,Germany,0.6376517400981994
99,quarter_final,Germany,Ecuador,0.007,0.6152103709855715,0.3847896290144285,14,Germany,0.6152103709855715
99,quarter_final,Germany,Portugal,0.007,0.4900563816683013,0.5099436183316988,14,Portugal,0.5099436183316988
99,quarter_final,Morocco,Colombia,0.007,0.4760490749972408,0.5239509250027592,14,Colombia,0.5239509250027592
99,quarter_final,Netherlands,Croatia,0.007,0.5936159980412593,0.4063840019587407,14,Netherlands,0.5936159980412593
99,quarter_final,Japan,Colombia,0.0065,0.4673406595429231,0.5326593404570769,13,Colombia,0.5326593404570769
99,quarter_final,Morocco,Brazil,0.0065,0.4574007297171774,0.5425992702828226,13,Brazil,0.5425992702828226
99,quarter_final,Brazil,Portugal,0.006,0.5038340158816202,0.4961659841183797,12,Brazil,0.5038340158816202
99,quarter_final,Brazil,South Korea,0.006,0.7406361037936467,0.2593638962063532,12,Brazil,0.7406361037936467
99,quarter_final,France,Colombia,0.006,0.5856439509735623,0.4143560490264377,12,France,0.5856439509735623
99,quarter_final,France,Ecuador,0.006,0.6905149903182806,0.3094850096817194,12,France,0.6905149903182806
99,quarter_final,Netherlands,Portugal,0.006,0.4445863659744167,0.5554136340255833,12,Portugal,0.5554136340255833
99,quarter_final,Netherlands,South Korea,0.006,0.6980918600321081,0.3019081399678919,12,Netherlands,0.6980918600321081
99,quarter_final,Norway,Colombia,0.006,0.453837430533565,0.5461625694664349,12,Colombia,0.5461625694664349
99,quarter_final,Brazil,Ecuador,0.0055,0.6320351563174995,0.3679648436825005,11,Brazil,0.6320351563174995
99,quarter_final,France,Germany,0.0055,0.5788050982885091,0.4211949017114909,11,France,0.5788050982885091
99,quarter_final,Norway,Croatia,0.0055,0.5871418293416865,0.4128581706583135,11,Norway,0.5871418293416865
99,quarter_final,Brazil,Croatia,0.005,0.6481040611405334,0.3518959388594666,10,Brazil,0.6481040611405334
99,quarter_final,Japan,Norway,0.005,0.5165817229429333,0.4834182770570667,10,Japan,0.5165817229429333
99,quarter_final,Japan,Portugal,0.005,0.454115644037336,0.5458843559626639,10,Portugal,0.5458843559626639
99,quarter_final,Norway,South Korea,0.005,0.693872403641225,0.3061275963587749,10,Norway,0.693872403641225
99,quarter_final,Senegal,Croatia,0.005,0.4270023129068198,0.5729976870931802,10,Croatia,0.5729976870931802
99,quarter_final,Brazil,France,0.0045,0.4327277405038423,0.5672722594961577,9,France,0.5672722594961577
99,quarter_final,Ecuador,Germany,0.0045,0.3847896290144285,0.6152103709855714,9,Germany,0.6152103709855714
99,quarter_final,Ivory Coast,Ecuador,0.0045,0.3995942533189633,0.6004057466810366,9,Ecuador,0.6004057466810366
99,quarter_final,Japan,Ecuador,0.0045,0.5755068478174742,0.4244931521825258,9,Japan,0.5755068478174742
99,quarter_final,Netherlands,Brazil,0.0045,0.4417286965171518,0.5582713034828481,9,Brazil,0.5582713034828481
99,quarter_final,Netherlands,Ecuador,0.0045,0.5721589868313772,0.4278410131686228,9,Netherlands,0.5721589868313772
99,quarter_final,Ivory Coast,France,0.004,0.2483688646551094,0.7516311353448906,8,France,0.7516311353448906
99,quarter_final,Japan,Brazil,0.004,0.4489178482080859,0.5510821517919141,8,Brazil,0.5510821517919141
99,quarter_final,Brazil,Colombia,0.0035,0.5191582659014742,0.4808417340985258,7,Brazil,0.5191582659014742
99,quarter_final,Germany,France,0.0035,0.4211949017114909,0.5788050982885091,7,France,0.5788050982885091
99,quarter_final,Ivory Coast,Colombia,0.0035,0.3089151334589625,0.6910848665410375,7,Colombia,0.6910848665410375
99,quarter_final,Japan,France,0.0035,0.3859328580126611,0.6140671419873389,7,France,0.6140671419873389
99,quarter_final,Japan,Spain,0.0035,0.2838325336943242,0.7161674663056758,7,Spain,0.7161674663056758
99,quarter_final,Netherlands,France,0.0035,0.3771078131301625,0.6228921868698374,7,France,0.6228921868698374
99,quarter_final,Netherlands,Senegal,0.0035,0.6574663641105823,0.3425336358894176,7,Netherlands,0.6574663641105823
99,quarter_final,Netherlands,Spain,0.0035,0.273151837060765,0.7268481629392349,7,Spain,0.7268481629392349
99,quarter_final,Netherlands,Uruguay,0.0035,0.6462895786769144,0.3537104213230856,7,Netherlands,0.6462895786769144
99,quarter_final,Norway,Ecuador,0.0035,0.5622737540597605,0.4377262459402394,7,Norway,0.5622737540597605
99,quarter_final,Norway,France,0.0035,0.3731989438321643,0.6268010561678357,7,France,0.6268010561678357
99,quarter_final,Scotland,Mexico,0.0035,0.3378501994775794,0.6621498005224206,7,Mexico,0.6621498005224206
99,quarter_final,Senegal,Mexico,0.0035,0.3964330785030985,0.6035669214969015,7,Mexico,0.6035669214969015
99,quarter_final,Ecuador,Ivory Coast,0.003,0.6004057466810365,0.3995942533189635,6,Ecuador,0.6004057466810365
99,quarter_final,France,Brazil,0.003,0.5672722594961577,0.4327277405038423,6,France,0.5672722594961577
99,quarter_final,France,Morocco,0.003,0.6025427783334902,0.3974572216665097,6,France,0.6025427783334902
99,quarter_final,Germany,Morocco,0.003,0.5211273502627868,0.4788726497372132,6,Germany,0.5211273502627868
99,quarter_final,Germany,Spain,0.003,0.3107016350764575,0.6892983649235425,6,Spain,0.6892983649235425
99,quarter_final,Ivory Coast,Brazil,0.003,0.2959018842559336,0.7040981157440664,6,Brazil,0.7040981157440664
99,quarter_final,Ivory Coast,Croatia,0.003,0.4261914682757377,0.5738085317242623,6,Croatia,0.5738085317242623
99,quarter_final,Ivory Coast,Portugal,0.003,0.2965167682252421,0.7034832317747579,6,Portugal,0.7034832317747579
99,quarter_final,Morocco,Spain,0.003,0.2999054838191679,0.7000945161808321,6,Spain,0.7000945161808321
99,quarter_final,Netherlands,Germany,0.003,0.4539848133013127,0.5460151866986873,6,Germany,0.5460151866986873
99,quarter_final,Norway,Portugal,0.003,0.4387997217118703,0.5612002782881297,6,Portugal,0.5612002782881297
99,quarter_final,Scotland,South Korea,0.003,0.4770079922487661,0.5229920077512338,6,South Korea,0.5229920077512338
99,quarter_final,Brazil,Germany,0.0025,0.5123837886936773,0.4876162113063227,5,Brazil,0.5123837886936773
99,quarter_final,Brazil,Scotland,0.0025,0.7599124266769467,0.2400875733230533,5,Brazil,0.7599124266769467
99,quarter_final,Brazil,Spain,0.0025,0.3211409970840203,0.6788590029159797,5,Spain,0.6788590029159797
99,quarter_final,Brazil,Uruguay,0.0025,0.6997484177052177,0.3002515822947823,5,Brazil,0.6997484177052177
99,quarter_final,Ecuador,Mexico,0.0025,0.4928786695863084,0.5071213304136916,5,Mexico,0.5071213304136916
99,quarter_final,France,Senegal,0.0025,0.7514608543810267,0.2485391456189732,5,France,0.7514608543810267
99,quarter_final,France,Spain,0.0025,0.3826772296872214,0.6173227703127786,5,Spain,0.6173227703127786
99,quarter_final,France,Uruguay,0.0025,0.7521619179742991,0.2478380820257009,5,France,0.7521619179742991
99,quarter_final,Germany,Brazil,0.0025,0.4876162113063225,0.5123837886936775,5,Brazil,0.5123837886936775
99,quarter_final,Germany,DR Congo,0.0025,0.8352431128294475,0.1647568871705524,5,Germany,0.8352431128294475
99,quarter_final,Germany,Norway,0.0025,0.5509906922313266,0.4490093077686734,5,Germany,0.5509906922313266
99,quarter_final,Ivory Coast,Uruguay,0.0025,0.4744909382311891,0.5255090617688108,5,Uruguay,0.5255090617688108
99,quarter_final,Japan,DR Congo,0.0025,0.8195784523298005,0.1804215476701994,5,Japan,0.8195784523298005
99,quarter_final,Morocco,Germany,0.0025,0.478872649737213,0.5211273502627869,5,Germany,0.5211273502627869
99,quarter_final,Morocco,Uzbekistan,0.0025,0.788450924454928,0.2115490755450719,5,Morocco,0.788450924454928
99,quarter_final,Norway,Germany,0.0025,0.4490093077686735,0.5509906922313265,5,Germany,0.5509906922313265
99,quarter_final,Norway,Spain,0.0025,0.2712914493733124,0.7287085506266875,5,Spain,0.7287085506266875
99,quarter_final,Scotland,Portugal,0.0025,0.238702541184395,0.761297458815605,5,Portugal,0.761297458815605
99,quarter_final,Senegal,Colombia,0.0025,0.3094309782877278,0.6905690217122722,5,Colombia,0.6905690217122722
99,quarter_final,Senegal,South Korea,0.0025,0.5420096181757108,0.4579903818242892,5,Senegal,0.5420096181757108
99,quarter_final,Sweden,Mexico,0.0025,0.3007771950922049,0.6992228049077951,5,Mexico,0.6992228049077951
99,quarter_final,Brazil,Czech Republic,0.002,0.7822833749682985,0.2177166250317015,4,Brazil,0.7822833749682985
99,quarter_final,Brazil,Morocco,0.002,0.5425992702828227,0.4574007297171772,4,Brazil,0.5425992702828227
99,quarter_final,France,Norway,0.002,0.6268010561678357,0.3731989438321643,4,France,0.6268010561678357
99,quarter_final,Germany,Czech Republic,0.002,0.7820687129277106,0.2179312870722893,4,Germany,0.7820687129277106
99,quarter_final,Japan,Uruguay,0.002,0.6493090205296457,0.3506909794703543,4,Japan,0.6493090205296457
99,quarter_final,Morocco,Senegal,0.002,0.6803439236165755,0.3196560763834245,4,Morocco,0.6803439236165755
99,quarter_final,Morocco,Uruguay,0.002,0.6513203764426287,0.3486796235573712,4,Morocco,0.6513203764426287
99,quarter_final,Netherlands,Scotland,0.002,0.7189154293640287,0.2810845706359712,4,Netherlands,0.7189154293640287
99,quarter_final,Norway,Uruguay,0.002,0.6376019105087947,0.3623980894912053,4,Norway,0.6376019105087947
99,quarter_final,Scotland,Brazil,0.002,0.2400875733230534,0.7599124266769466,4,Brazil,0.7599124266769466
99,quarter_final,Senegal,Norway,0.002,0.3475785084574729,0.652421491542527,4,Norway,0.652421491542527
99,quarter_final,Senegal,Spain,0.002,0.175792476901529,0.824207523098471,4,Spain,0.824207523098471
99,quarter_final,Sweden,Uruguay,0.002,0.3811117927750516,0.6188882072249484,4,Uruguay,0.6188882072249484
99,quarter_final,Brazil,Panama,0.0015,0.8369356098134075,0.1630643901865924,3,Brazil,0.8369356098134075
99,quarter_final,Brazil,Uzbekistan,0.0015,0.8063461258442225,0.1936538741557775,3,Brazil,0.8063461258442225
99,quarter_final,Ecuador,Morocco,0.0015,0.4219901537552374,0.5780098462447626,3,Morocco,0.5780098462447626
99,quarter_final,Ecuador,South Korea,0.0015,0.6343288001771614,0.3656711998228386,3,Ecuador,0.6343288001771614
99,quarter_final,Ecuador,Spain,0.0015,0.2205521535594985,0.7794478464405015,3,Spain,0.7794478464405015
99,quarter_final,France,Ivory Coast,0.0015,0.7516311353448907,0.2483688646551093,3,France,0.7516311353448907
99,quarter_final,France,Uzbekistan,0.0015,0.8424096824440547,0.1575903175559453,3,France,0.8424096824440547
99,quarter_final,Germany,Uruguay,0.0015,0.6868377826144028,0.3131622173855972,3,Germany,0.6868377826144028
99,quarter_final,Germany,Uzbekistan,0.0015,0.8042269917905271,0.1957730082094728,3,Germany,0.8042269917905271
99,quarter_final,Iraq,England,0.0015,0.1030285730979831,0.8969714269020169,3,England,0.8969714269020169
99,quarter_final,Ivory Coast,Norway,0.0015,0.3480488441110279,0.6519511558889721,3,Norway,0.6519511558889721
99,quarter_final,Japan,Austria,0.0015,0.594278257190124,0.405721742809876,3,Japan,0.594278257190124
99,quarter_final,Japan,Germany,0.0015,0.4647535316664071,0.5352464683335929,3,Germany,0.5352464683335929
99,quarter_final,Japan,Scotland,0.0015,0.7252664969380924,0.2747335030619076,3,Japan,0.7252664969380924
99,quarter_final,Morocco,DR Congo,0.0015,0.8299141007557784,0.1700858992442215,3,Morocco,0.8299141007557784
99,quarter_final,Morocco,Norway,0.0015,0.5305439637848259,0.469456036215174,3,Morocco,0.5305439637848259
99,quarter_final,Netherlands,Algeria,0.0015,0.605889073884342,0.394110926115658,3,Netherlands,0.605889073884342
99,quarter_final,Netherlands,Morocco,0.0015,0.4800069469996931,0.519993053000307,3,Morocco,0.519993053000307
99,quarter_final,Netherlands,Norway,0.0015,0.5058445537066099,0.4941554462933901,3,Netherlands,0.5058445537066099
99,quarter_final,Norway,Brazil,0.0015,0.4362416435307699,0.5637583564692301,3,Brazil,0.5637583564692301
99,quarter_final,Norway,Scotland,0.0015,0.7145967079197463,0.2854032920802537,3,Norway,0.7145967079197463
99,quarter_final,Norway,Senegal,0.0015,0.6524214915425269,0.347578508457473,3,Norway,0.6524214915425269
99,quarter_final,Norway,Uzbekistan,0.0015,0.7711032864553748,0.2288967135446251,3,Norway,0.7711032864553748
99,quarter_final,Scotland,Croatia,0.0015,0.3637232636623572,0.6362767363376427,3,Croatia,0.6362767363376427
99,quarter_final,Senegal,Brazil,0.0015,0.296544451945832,0.703455548054168,3,Brazil,0.703455548054168
99,quarter_final,Senegal,Ecuador,0.0015,0.400859302684152,0.599140697315848,3,Ecuador,0.599140697315848
99,quarter_final,Senegal,France,0.0015,0.2485391456189732,0.7514608543810268,3,France,0.7514608543810268
99,quarter_final,Senegal,Portugal,0.0015,0.2963383713454552,0.7036616286545447,3,Portugal,0.7036616286545447
99,quarter_final,Sweden,Brazil,0.0015,0.208523800851896,0.791476199148104,3,Brazil,0.791476199148104
99,quarter_final,Brazil,DR Congo,0.001,0.8353131541845118,0.1646868458154882,2,Brazil,0.8353131541845118
99,quarter_final,Brazil,Senegal,0.001,0.7034555480541679,0.2965444519458321,2,Brazil,0.7034555480541679
99,quarter_final,Ecuador,Austria,0.001,0.519843627727836,0.480156372272164,2,Ecuador,0.519843627727836
99,quarter_final,Ecuador,Croatia,0.001,0.5193225784438985,0.4806774215561015,2,Ecuador,0.5193225784438985
99,quarter_final,Ecuador,Norway,0.001,0.4377262459402396,0.5622737540597604,2,Norway,0.5622737540597604
99,quarter_final,France,Haiti,0.001,0.897256522300809,0.102743477699191,2,France,0.897256522300809
99,quarter_final,France,Scotland,0.001,0.8048823356560931,0.1951176643439068,2,France,0.8048823356560931
99,quarter_final,Germany,Senegal,0.001,0.6950693893429436,0.3049306106570564,2,Germany,0.6950693893429436
99,quarter_final,Iraq,Croatia,0.001,0.1902344088879414,0.8097655911120586,2,Croatia,0.8097655911120586
99,quarter_final,Iraq,Mexico,0.001,0.1728203457555173,0.8271796542444827,2,Mexico,0.8271796542444827
99,quarter_final,Ivory Coast,Morocco,0.001,0.3205262957305357,0.6794737042694643,2,Morocco,0.6794737042694643
99,quarter_final,Ivory Coast,Panama,0.001,0.6829126947301999,0.3170873052698001,2,Ivory Coast,0.6829126947301999
99,quarter_final,Ivory Coast,Scotland,0.001,0.563161672031212,0.4368383279687879,2,Ivory Coast,0.563161672031212
99,quarter_final,Ivory Coast,Senegal,0.001,0.500391281229019,0.499608718770981,2,Ivory Coast,0.500391281229019
99,quarter_final,Ivory Coast,Spain,0.001,0.1764558064505118,0.8235441935494883,2,Spain,0.8235441935494883
99,quarter_final,Ivory Coast,Uzbekistan,0.001,0.6375906257212475,0.3624093742787525,2,Ivory Coast,0.6375906257212475
99,quarter_final,Japan,Cape Verde,0.001,0.8963985785955302,0.1036014214044698,2,Japan,0.8963985785955302
99,quarter_final,Japan,Ivory Coast,0.001,0.6674284903892679,0.3325715096107321,2,Japan,0.6674284903892679
99,quarter_final,Japan,Morocco,0.001,0.4884458508633549,0.5115541491366451,2,Morocco,0.5115541491366451
99,quarter_final,Japan,Panama,0.001,0.8155621485085391,0.1844378514914608,2,Japan,0.8155621485085391
99,quarter_final,Japan,Uzbekistan,0.001,0.7808832179687338,0.2191167820312661,2,Japan,0.7808832179687338
99,quarter_final,Morocco,Cape Verde,0.001,0.9049800221579244,0.0950199778420756,2,Morocco,0.9049800221579244
99,quarter_final,Morocco,Haiti,0.001,0.8873822289755383,0.1126177710244616,2,Morocco,0.8873822289755383
99,quarter_final,Morocco,Ivory Coast,0.001,0.6794737042694644,0.3205262957305356,2,Morocco,0.6794737042694644
99,quarter_final,Morocco,Panama,0.001,0.8212733781475888,0.1787266218524111,2,Morocco,0.8212733781475888
99,quarter_final,Netherlands,DR Congo,0.001,0.810879643175457,0.1891203568245429,2,Netherlands,0.810879643175457
99,quarter_final,Netherlands,Uzbekistan,0.001,0.7739484716081765,0.2260515283918235,2,Netherlands,0.7739484716081765
99,quarter_final,Norway,Argentina,0.001,0.2682931865706414,0.7317068134293585,2,Argentina,0.7317068134293585
99,quarter_final,Norway,Austria,0.001,0.5778307506075687,0.4221692493924313,2,Norway,0.5778307506075687
99,quarter_final,Norway,Czech Republic,0.001,0.74636117411586,0.25363882588414,2,Norway,0.74636117411586
99,quarter_final,Norway,Morocco,0.001,0.469456036215174,0.5305439637848259,2,Morocco,0.5305439637848259
99,quarter_final,Scotland,Colombia,0.001,0.2523572418816424,0.7476427581183576,2,Colombia,0.7476427581183576
99,quarter_final,Scotland,Ecuador,0.001,0.3466836631045802,0.6533163368954198,2,Ecuador,0.6533163368954198
99,quarter_final,Scotland,France,0.001,0.1951176643439068,0.8048823356560931,2,France,0.8048823356560931
99,quarter_final,Scotland,Uruguay,0.001,0.4188473846597006,0.5811526153402993,2,Uruguay,0.5811526153402993
99,quarter_final,Scotland,Uzbekistan,0.001,0.5785710223710393,0.4214289776289607,2,Scotland,0.5785710223710393
99,quarter_final,Senegal,DR Congo,0.001,0.6988707989728803,0.3011292010271197,2,Senegal,0.6988707989728803
99,quarter_final,Senegal,Panama,0.001,0.6839201258822394,0.3160798741177606,2,Senegal,0.6839201258822394
99,quarter_final,Senegal,Uruguay,0.001,0.4759842185574694,0.5240157814425306,2,Uruguay,0.5240157814425306
99,quarter_final,Sweden,Colombia,0.001,0.2196895357791611,0.7803104642208388,2,Colombia,0.7803104642208388
99,quarter_final,Sweden,Croatia,0.001,0.3243812230257868,0.6756187769742131,2,Croatia,0.6756187769742131
99,quarter_final,Sweden,Czech Republic,0.001,0.495997262057227,0.504002737942773,2,Czech Republic,0.504002737942773
99,quarter_final,Sweden,Ivory Coast,0.001,0.3948353224585514,0.6051646775414485,2,Ivory Coast,0.6051646775414485
99,quarter_final,Sweden,South Korea,0.001,0.4340619262286887,0.5659380737713113,2,South Korea,0.5659380737713113
99,quarter_final,Sweden,Spain,0.001,0.1084994042687396,0.8915005957312603,2,Spain,0.8915005957312603
99,quarter_final,Brazil,Algeria,0.0005,0.6570703673675887,0.3429296326324113,1,Brazil,0.6570703673675887
99,quarter_final,Brazil,Cape Verde,0.0005,0.8994313713047216,0.1005686286952783,1,Brazil,0.8994313713047216
99,quarter_final,Brazil,Curaçao,0.0005,0.9281775343594536,0.0718224656405464,1,Brazil,0.9281775343594536
99,quarter_final,Brazil,Ivory Coast,0.0005,0.7040981157440663,0.2959018842559336,1,Brazil,0.7040981157440663
99,quarter_final,Brazil,Norway,0.0005,0.56375835646923,0.43624164353077,1,Brazil,0.56375835646923
99,quarter_final,Curaçao,Czech Republic,0.0005,0.1753110941862332,0.8246889058137667,1,Czech Republic,0.8246889058137667
99,quarter_final,Ecuador,Colombia,0.0005,0.38691123975755,0.61308876024245,1,Colombia,0.61308876024245
99,quarter_final,Ecuador,Czech Republic,0.0005,0.6886214188767781,0.3113785811232219,1,Ecuador,0.6886214188767781
99,quarter_final,Ecuador,France,0.0005,0.3094850096817192,0.6905149903182808,1,France,0.6905149903182808
99,quarter_final,Ecuador,Haiti,0.0005,0.8282424120994293,0.1717575879005707,1,Ecuador,0.8282424120994293
99,quarter_final,Ecuador,Portugal,0.0005,0.3758770006130358,0.6241229993869641,1,Portugal,0.6241229993869641
99,quarter_final,Ecuador,Uruguay,0.0005,0.5746236917087477,0.4253763082912523,1,Ecuador,0.5746236917087477
99,quarter_final,Ecuador,Uzbekistan,0.0005,0.7210775232153528,0.2789224767846472,1,Ecuador,0.7210775232153528
99,quarter_final,France,Algeria,0.0005,0.7083773545337946,0.2916226454662054,1,France,0.7083773545337946
99,quarter_final,France,Argentina,0.0005,0.3893396037988301,0.6106603962011699,1,Argentina,0.6106603962011699
99,quarter_final,France,Austria,0.0005,0.6937631089643165,0.3062368910356835,1,France,0.6937631089643165
99,quarter_final,France,Curaçao,0.0005,0.94400657192731,0.0559934280726899,1,France,0.94400657192731
99,quarter_final,France,Czech Republic,0.0005,0.8231154516141241,0.1768845483858758,1,France,0.8231154516141241
99,quarter_final,France,Ghana,0.0005,0.935422072895869,0.064577927104131,1,France,0.935422072895869
99,quarter_final,France,Panama,0.0005,0.8702116983595501,0.1297883016404498,1,France,0.8702116983595501
99,quarter_final,Germany,Algeria,0.0005,0.6446525051460171,0.3553474948539828,1,Germany,0.6446525051460171
99,quarter_final,Germany,Argentina,0.0005,0.3106139261937999,0.6893860738062001,1,Argentina,0.6893860738062001
99,quarter_final,Germany,Austria,0.0005,0.6260721754953177,0.3739278245046823,1,Germany,0.6260721754953177
99,quarter_final,Germany,Ghana,0.0005,0.9247713819910768,0.0752286180089231,1,Germany,0.9247713819910768
99,quarter_final,Germany,Iraq,0.0005,0.8805079838506095,0.1194920161493905,1,Germany,0.8805079838506095
99,quarter_final,Germany,Ivory Coast,0.0005,0.6946816091101021,0.3053183908898979,1,Germany,0.6946816091101021
99,quarter_final,Germany,Panama,0.0005,0.8382539557802245,0.1617460442197754,1,Germany,0.8382539557802245
99,quarter_final,Germany,Scotland,0.0005,0.7555409884958941,0.2444590115041058,1,Germany,0.7555409884958941
99,quarter_final,Germany,South Africa,0.0005,0.8947871525449819,0.1052128474550181,1,Germany,0.8947871525449819
99,quarter_final,Germany,Sweden,0.0005,0.7893691122294695,0.2106308877705305,1,Germany,0.7893691122294695
99,quarter_final,Haiti,Croatia,0.0005,0.1842045767021183,0.8157954232978817,1,Croatia,0.8157954232978817
99,quarter_final,Haiti,England,0.0005,0.0967452205405539,0.903254779459446,1,England,0.903254779459446
99,quarter_final,Haiti,Portugal,0.0005,0.11441095385022,0.88558904614978,1,Portugal,0.88558904614978
99,quarter_final,Haiti,Uruguay,0.0005,0.2168724508985797,0.7831275491014202,1,Uruguay,0.7831275491014202
99,quarter_final,Iraq,Cape Verde,0.0005,0.5781073063806662,0.4218926936193338,1,Iraq,0.5781073063806662
99,quarter_final,Iraq,Germany,0.0005,0.1194920161493906,0.8805079838506094,1,Germany,0.8805079838506094
99,quarter_final,Iraq,Panama,0.0005,0.3952476568823689,0.604752343117631,1,Panama,0.604752343117631
99,quarter_final,Iraq,South Korea,0.0005,0.2662888129903871,0.7337111870096129,1,South Korea,0.7337111870096129
99,quarter_final,Ivory Coast,Algeria,0.0005,0.4461823985585446,0.5538176014414554,1,Algeria,0.5538176014414554
99,quarter_final,Ivory Coast,Austria,0.0005,0.4209172042730025,0.5790827957269975,1,Austria,0.5790827957269975
99,quarter_final,Ivory Coast,DR Congo,0.0005,0.6990665019012415,0.3009334980987584,1,Ivory Coast,0.6990665019012415
99,quarter_final,Ivory Coast,Germany,0.0005,0.3053183908898979,0.694681609110102,1,Germany,0.694681609110102
99,quarter_final,Ivory Coast,South Africa,0.0005,0.802557287391566,0.197442712608434,1,Ivory Coast,0.802557287391566
99,quarter_final,Japan,Algeria,0.0005,0.6169532343531656,0.3830467656468344,1,Japan,0.6169532343531656
99,quarter_final,Japan,Czech Republic,0.0005,0.7568190917853489,0.2431809082146511,1,Japan,0.7568190917853489
99,quarter_final,Japan,Haiti,0.0005,0.8740795103234311,0.1259204896765688,1,Japan,0.8740795103234311
99,quarter_final,Japan,Iraq,0.0005,0.8658582702113462,0.1341417297886538,1,Japan,0.8658582702113462
99,quarter_final,Japan,Senegal,0.0005,0.6677208751677816,0.3322791248322184,1,Japan,0.6677208751677816
99,quarter_final,Morocco,Algeria,0.0005,0.6316829775356583,0.3683170224643417,1,Morocco,0.6316829775356583
99,quarter_final,Morocco,Argentina,0.0005,0.2949858198885928,0.7050141801114072,1,Argentina,0.7050141801114072
99,quarter_final,Morocco,Czech Republic,0.0005,0.7663985910446394,0.2336014089553606,1,Morocco,0.7663985910446394
99,quarter_final,Morocco,Iraq,0.0005,0.8731344145064154,0.1268655854935846,1,Morocco,0.8731344145064154
99,quarter_final,Morocco,Jordan,0.0005,0.849720259229524,0.150279740770476,1,Morocco,0.849720259229524
99,quarter_final,Morocco,Netherlands,0.0005,0.519993053000307,0.480006946999693,1,Morocco,0.519993053000307
99,quarter_final,Morocco,Scotland,0.0005,0.731594102761061,0.268405897238939,1,Morocco,0.731594102761061
99,quarter_final,Netherlands,Austria,0.0005,0.5841155731875947,0.4158844268124053,1,Netherlands,0.5841155731875947
99,quarter_final,Netherlands,Czech Republic,0.0005,0.7481126019693033,0.2518873980306967,1,Netherlands,0.7481126019693033
99,quarter_final,Netherlands,Ghana,0.0005,0.9090959673459068,0.0909040326540933,1,Netherlands,0.9090959673459068
99,quarter_final,Netherlands,Iraq,0.0005,0.8595274179701374,0.1404725820298625,1,Netherlands,0.8595274179701374
99,quarter_final,Netherlands,Ivory Coast,0.0005,0.6575808696164489,0.3424191303835511,1,Netherlands,0.6575808696164489
99,quarter_final,Netherlands,Panama,0.0005,0.8098101559412512,0.1901898440587488,1,Netherlands,0.8098101559412512
99,quarter_final,Netherlands,South Africa,0.0005,0.8764746151343549,0.1235253848656451,1,Netherlands,0.8764746151343549
99,quarter_final,Norway,Cape Verde,0.0005,0.8920292593344769,0.1079707406655231,1,Norway,0.8920292593344769
99,quarter_final,Norway,DR Congo,0.0005,0.8098680021497401,0.1901319978502599,1,Norway,0.8098680021497401
99,quarter_final,Norway,Iraq,0.0005,0.8598179603817784,0.1401820396182216,1,Norway,0.8598179603817784
99,quarter_final,Norway,Saudi Arabia,0.0005,0.8802070102300908,0.1197929897699091,1,Norway,0.8802070102300908
99,quarter_final,Scotland,Czech Republic,0.0005,0.5398672439113786,0.4601327560886213,1,Scotland,0.5398672439113786
99,quarter_final,Scotland,Germany,0.0005,0.2444590115041058,0.7555409884958941,1,Germany,0.7555409884958941
99,quarter_final,Scotland,Ghana,0.0005,0.8027464383049875,0.1972535616950125,1,Scotland,0.8027464383049875
99,quarter_final,Scotland,Saudi Arabia,0.0005,0.7483064287281599,0.2516935712718401,1,Scotland,0.7483064287281599
99,quarter_final,Scotland,Spain,0.0005,0.1306896493833094,0.8693103506166906,1,Spain,0.8693103506166906
99,quarter_final,Senegal,Austria,0.0005,0.4205184278143719,0.5794815721856281,1,Austria,0.5794815721856281
99,quarter_final,Senegal,Iraq,0.0005,0.7651199298914723,0.2348800701085277,1,Senegal,0.7651199298914723
99,quarter_final,Senegal,Ivory Coast,0.0005,0.4996087187709811,0.5003912812290189,1,Ivory Coast,0.5003912812290189
99,quarter_final,Senegal,Scotland,0.0005,0.5641035407073182,0.4358964592926818,1,Senegal,0.5641035407073182
99,quarter_final,Senegal,South Africa,0.0005,0.8024338521496561,0.1975661478503438,1,Senegal,0.8024338521496561
99,quarter_final,Senegal,Uzbekistan,0.0005,0.6381610802618297,0.3618389197381703,1,Senegal,0.6381610802618297
99,quarter_final,Sweden,Cape Verde,0.0005,0.7387949036669609,0.2612050963330391,1,Sweden,0.7387949036669609
99,quarter_final,Sweden,Ecuador,0.0005,0.3115842674643651,0.6884157325356348,1,Ecuador,0.6884157325356348
99,quarter_final,Sweden,France,0.0005,0.1666613636618711,0.8333386363381288,1,France,0.8333386363381288
99,quarter_final,Sweden,Germany,0.0005,0.2106308877705305,0.7893691122294695,1,Germany,0.7893691122294695
99,quarter_final,Sweden,Morocco,0.0005,0.235660359825345,0.7643396401746549,1,Morocco,0.7643396401746549
99,quarter_final,Sweden,Norway,0.0005,0.2489232988178104,0.7510767011821895,1,Norway,0.7510767011821895
99,quarter_final,Sweden,Portugal,0.0005,0.2060232804133542,0.7939767195866458,1,Portugal,0.7939767195866458
100,quarter_final,Argentina,Portugal,0.0585,0.6791157418053987,0.3208842581946013,117,Argentina,0.6791157418053987
100,quarter_final,Argentina,Colombia,0.041,0.6888374015598574,0.3111625984401426,82,Argentina,0.6888374015598574
100,quarter_final,Argentina,Switzerland,0.032,0.784958634656948,0.2150413653430519,64,Argentina,0.784958634656948
100,quarter_final,Algeria,Portugal,0.0245,0.3450448133055122,0.6549551866944878,49,Portugal,0.6549551866944878
100,quarter_final,Spain,Portugal,0.0245,0.6808348554203627,0.3191651445796373,49,Spain,0.6808348554203627
100,quarter_final,Belgium,Portugal,0.0195,0.4510737226102399,0.5489262773897601,39,Portugal,0.5489262773897601
100,quarter_final,Argentina,Croatia,0.0175,0.792560467814297,0.207439532185703,35,Argentina,0.792560467814297
100,quarter_final,Argentina,Austria,0.016,0.7864158627774342,0.2135841372225657,32,Argentina,0.7864158627774342
100,quarter_final,Argentina,Canada,0.016,0.8384034449357813,0.1615965550642186,32,Argentina,0.8384034449357813
100,quarter_final,Argentina,Belgium,0.0155,0.721763644621416,0.278236355378584,31,Argentina,0.721763644621416
100,quarter_final,Spain,Colombia,0.014,0.694699065299504,0.305300934700496,28,Spain,0.694699065299504
100,quarter_final,Algeria,Colombia,0.0125,0.3572736665123658,0.6427263334876341,25,Colombia,0.6427263334876341
100,quarter_final,Algeria,Switzerland,0.012,0.4695361000691926,0.5304638999308073,24,Switzerland,0.5304638999308073
100,quarter_final,Argentina,France,0.012,0.6106603962011699,0.3893396037988301,24,Argentina,0.6106603962011699
100,quarter_final,Argentina,Iran,0.012,0.8278198567650538,0.1721801432349462,24,Argentina,0.8278198567650538
100,quarter_final,Algeria,Argentina,0.0115,0.2018105974888968,0.7981894025111032,23,Argentina,0.7981894025111032
100,quarter_final,Argentina,Algeria,0.0115,0.7981894025111033,0.2018105974888967,23,Argentina,0.7981894025111033
100,quarter_final,Austria,Portugal,0.0115,0.3641639142184171,0.6358360857815829,23,Portugal,0.6358360857815829
100,quarter_final,Australia,Portugal,0.0105,0.3097211254833127,0.6902788745166872,21,Portugal,0.6902788745166872
100,quarter_final,Argentina,DR Congo,0.0095,0.9141928460439562,0.0858071539560437,19,Argentina,0.9141928460439562
100,quarter_final,Austria,Argentina,0.0095,0.2135841372225659,0.786415862777434,19,Argentina,0.786415862777434
100,quarter_final,Algeria,Croatia,0.009,0.4804139650808048,0.5195860349191952,18,Croatia,0.5195860349191952
100,quarter_final,Belgium,Colombia,0.009,0.4655304601782322,0.5344695398217678,18,Colombia,0.5344695398217678
100,quarter_final,Belgium,Switzerland,0.009,0.5875031518986895,0.4124968481013105,18,Belgium,0.5875031518986895
100,quarter_final,Spain,Switzerland,0.009,0.787841276349389,0.2121587236506109,18,Spain,0.787841276349389
100,quarter_final,United States,Portugal,0.009,0.2719450987081958,0.7280549012918042,18,Portugal,0.7280549012918042
100,quarter_final,Argentina,England,0.0085,0.6497466985839564,0.3502533014160436,17,Argentina,0.6497466985839564
100,quarter_final,Belgium,Canada,0.0085,0.6712118715923184,0.3287881284076815,17,Belgium,0.6712118715923184
100,quarter_final,Iran,Portugal,0.0085,0.3034223906996137,0.6965776093003863,17,Portugal,0.6965776093003863
100,quarter_final,Uruguay,Portugal,0.0085,0.3057148687683689,0.6942851312316312,17,Portugal,0.6942851312316312
100,quarter_final,Algeria,Canada,0.008,0.5559213036180897,0.4440786963819103,16,Algeria,0.5559213036180897
100,quarter_final,Argentina,Ecuador,0.008,0.7738105148741702,0.2261894851258298,16,Argentina,0.7738105148741702
100,quarter_final,Austria,Colombia,0.008,0.377870048579477,0.622129951420523,16,Colombia,0.622129951420523
100,quarter_final,Algeria,Belgium,0.0075,0.3888147081117306,0.6111852918882694,15,Belgium,0.6111852918882694
100,quarter_final,Argentina,Uzbekistan,0.0075,0.8978539317468417,0.1021460682531583,15,Argentina,0.8978539317468417
100,quarter_final,Iran,Colombia,0.0075,0.316842463255512,0.683157536744488,15,Colombia,0.683157536744488
100,quarter_final,Turkey,Portugal,0.0075,0.3178764052471557,0.6821235947528443,15,Portugal,0.6821235947528443
100,quarter_final,Argentina,Egypt,0.007,0.8905608299179243,0.1094391700820757,14,Argentina,0.8905608299179243
100,quarter_final,Argentina,Norway,0.007,0.7317068134293585,0.2682931865706415,14,Argentina,0.7317068134293585
100,quarter_final,Spain,Canada,0.007,0.8384086346551856,0.1615913653448144,14,Spain,0.8384086346551856
100,quarter_final,United States,Colombia,0.007,0.2863083959924568,0.7136916040075432,14,Colombia,0.7136916040075432
100,quarter_final,Belgium,Croatia,0.0065,0.5984824467077028,0.4015175532922972,13,Belgium,0.5984824467077028
100,quarter_final,Iran,Switzerland,0.0065,0.4261216377656815,0.5738783622343184,13,Switzerland,0.5738783622343184
100,quarter_final,Spain,Argentina,0.0065,0.5036411800878304,0.4963588199121695,13,Spain,0.5036411800878304
100,quarter_final,Spain,Belgium,0.0065,0.718245495628734,0.281754504371266,13,Spain,0.718245495628734
100,quarter_final,United States,Switzerland,0.0065,0.3959078473804804,0.6040921526195195,13,Switzerland,0.6040921526195195
100,quarter_final,Uruguay,Canada,0.0065,0.5275462939535338,0.4724537060464662,13,Uruguay,0.5275462939535338
100,quarter_final,Australia,Argentina,0.006,0.1768629494421313,0.8231370505578687,12,Argentina,0.8231370505578687
100,quarter_final,Australia,Colombia,0.006,0.3227051511796982,0.6772948488203018,12,Colombia,0.6772948488203018
100,quarter_final,Egypt,Portugal,0.006,0.2021138207915983,0.7978861792084017,12,Portugal,0.7978861792084017
100,quarter_final,Turkey,Colombia,0.006,0.3326123279092323,0.6673876720907677,12,Colombia,0.6673876720907677
100,quarter_final,Algeria,Austria,0.0055,0.475415851064603,0.5245841489353971,11,Austria,0.5245841489353971
100,quarter_final,Austria,Belgium,0.0055,0.4100496281578172,0.5899503718421828,11,Belgium,0.5899503718421828
100,quarter_final,Austria,Canada,0.0055,0.584119132503438,0.4158808674965619,11,Austria,0.584119132503438
100,quarter_final,Algeria,Iran,0.005,0.5445346105254557,0.4554653894745443,10,Algeria,0.5445346105254557
100,quarter_final,Australia,Canada,0.005,0.5276744806929915,0.4723255193070085,10,Australia,0.5276744806929915
100,quarter_final,Australia,Switzerland,0.005,0.4355906771382498,0.5644093228617502,10,Switzerland,0.5644093228617502
100,quarter_final,Austria,France,0.005,0.3062368910356836,0.6937631089643164,10,France,0.6937631089643164
100,quarter_final,Belgium,Austria,0.005,0.5899503718421828,0.4100496281578172,10,Belgium,0.5899503718421828
100,quarter_final,Spain,Algeria,0.005,0.7881408900851218,0.2118591099148782,10,Spain,0.7881408900851218
100,quarter_final,Uruguay,Colombia,0.005,0.3170509638127352,0.6829490361872648,10,Colombia,0.6829490361872648
100,quarter_final,Uruguay,Switzerland,0.005,0.4311543185120148,0.5688456814879852,10,Switzerland,0.5688456814879852
100,quarter_final,Algeria,France,0.0045,0.2916226454662053,0.7083773545337946,9,France,0.7083773545337946
100,quarter_final,Argentina,Panama,0.0045,0.9178928943011374,0.0821071056988625,9,Argentina,0.9178928943011374
100,quarter_final,Austria,Croatia,0.0045,0.5065642268531059,0.4934357731468941,9,Austria,0.5065642268531059
100,quarter_final,Belgium,Iran,0.0045,0.6554132619207047,0.3445867380792953,9,Belgium,0.6554132619207047
100,quarter_final,Spain,Austria,0.0045,0.7807493080650736,0.2192506919349264,9,Spain,0.7807493080650736
100,quarter_final,Spain,England,0.0045,0.6506132074153649,0.3493867925846351,9,Spain,0.6506132074153649
100,quarter_final,United States,Argentina,0.0045,0.1509487716496702,0.8490512283503298,9,Argentina,0.8490512283503298
100,quarter_final,United States,Belgium,0.0045,0.3135038835148105,0.6864961164851895,9,Belgium,0.6864961164851895
100,quarter_final,Uruguay,Argentina,0.0045,0.1759488899695264,0.8240511100304735,9,Argentina,0.8240511100304735
100,quarter_final,Uruguay,Belgium,0.0045,0.3524018562796728,0.6475981437203272,9,Belgium,0.6475981437203272
100,quarter_final,Uruguay,Croatia,0.0045,0.4426319299656845,0.5573680700343154,9,Croatia,0.5573680700343154
100,quarter_final,Algeria,England,0.004,0.3126335727182668,0.6873664272817331,8,England,0.6873664272817331
100,quarter_final,Australia,Belgium,0.004,0.3537260821589986,0.6462739178410013,8,Belgium,0.6462739178410013
100,quarter_final,Iran,Argentina,0.004,0.172180143234946,0.8278198567650539,8,Argentina,0.8278198567650539
100,quarter_final,Iran,Austria,0.004,0.4303685082179359,0.5696314917820642,8,Austria,0.5696314917820642
100,quarter_final,Spain,Ecuador,0.004,0.7794478464405015,0.2205521535594985,8,Spain,0.7794478464405015
100,quarter_final,United States,Canada,0.004,0.489983196634156,0.5100168033658439,8,Canada,0.5100168033658439
100,quarter_final,Argentina,Germany,0.0035,0.6893860738062,0.3106139261938,7,Argentina,0.6893860738062
100,quarter_final,Argentina,Senegal,0.0035,0.8321023248173701,0.1678976751826298,7,Argentina,0.8321023248173701
100,quarter_final,Austria,Algeria,0.0035,0.524584148935397,0.475415851064603,7,Austria,0.524584148935397
100,quarter_final,Austria,Switzerland,0.0035,0.4953655074381002,0.5046344925618997,7,Switzerland,0.5046344925618997
100,quarter_final,Belgium,France,0.0035,0.3845860565281475,0.6154139434718524,7,France,0.6154139434718524
100,quarter_final,Egypt,Switzerland,0.0035,0.2996637902766709,0.7003362097233291,7,Switzerland,0.7003362097233291
100,quarter_final,Iran,Canada,0.0035,0.5143162188119013,0.4856837811880987,7,Iran,0.5143162188119013
100,quarter_final,Algeria,Ecuador,0.003,0.4511269785385261,0.5488730214614739,6,Ecuador,0.5488730214614739
100,quarter_final,Argentina,Ghana,0.003,0.9626394627557284,0.0373605372442715,6,Argentina,0.9626394627557284
100,quarter_final,Australia,France,0.003,0.2557088366149584,0.7442911633850415,6,France,0.7442911633850415
100,quarter_final,Belgium,Argentina,0.003,0.2782363553785841,0.721763644621416,6,Argentina,0.721763644621416
100,quarter_final,Egypt,Belgium,0.003,0.232311705123228,0.767688294876772,6,Belgium,0.767688294876772
100,quarter_final,Egypt,Colombia,0.003,0.2138104934478848,0.7861895065521152,6,Colombia,0.7861895065521152
100,quarter_final,Iran,Egypt,0.003,0.6354711966943057,0.3645288033056942,6,Iran,0.6354711966943057
100,quarter_final,Spain,Egypt,0.003,0.8845975766478754,0.1154024233521245,6,Spain,0.8845975766478754
100,quarter_final,Spain,Germany,0.003,0.6892983649235424,0.3107016350764576,6,Spain,0.6892983649235424
100,quarter_final,Turkey,Switzerland,0.003,0.4489816369723252,0.5510183630276748,6,Switzerland,0.5510183630276748
100,quarter_final,United States,Croatia,0.003,0.4069908421431281,0.5930091578568719,6,Croatia,0.5930091578568719
100,quarter_final,Algeria,Egypt,0.0025,0.6744816914914235,0.3255183085085765,5,Algeria,0.6744816914914235
100,quarter_final,Algeria,Norway,0.0025,0.4007010050921404,0.5992989949078595,5,Norway,0.5992989949078595
100,quarter_final,Algeria,Panama,0.0025,0.7295579295299938,0.2704420704700062,5,Algeria,0.7295579295299938
100,quarter_final,Argentina,Bosnia and Herzegovina,0.0025,0.948093855870476,0.0519061441295238,5,Argentina,0.948093855870476
100,quarter_final,Australia,England,0.0025,0.2839853664620385,0.7160146335379616,5,England,0.7160146335379616
100,quarter_final,Austria,Uzbekistan,0.0025,0.7098006326823199,0.2901993673176801,5,Austria,0.7098006326823199
100,quarter_final,Belgium,Algeria,0.0025,0.6111852918882693,0.3888147081117307,5,Belgium,0.6111852918882693
100,quarter_final,Belgium,Ecuador,0.0025,0.5729551718799143,0.4270448281200857,5,Belgium,0.5729551718799143
100,quarter_final,Belgium,Norway,0.0025,0.5127226689216561,0.4872773310783439,5,Belgium,0.5127226689216561
100,quarter_final,Belgium,Uzbekistan,0.0025,0.7795508225672895,0.2204491774327105,5,Belgium,0.7795508225672895
100,quarter_final,Iran,Belgium,0.0025,0.3445867380792952,0.6554132619207047,5,Belgium,0.6554132619207047
100,quarter_final,Spain,Croatia,0.0025,0.7950172076861441,0.2049827923138558,5,Spain,0.7950172076861441
100,quarter_final,Spain,Norway,0.0025,0.7287085506266876,0.2712914493733124,5,Spain,0.7287085506266876
100,quarter_final,Turkey,Canada,0.0025,0.5435088589418432,0.4564911410581568,5,Turkey,0.5435088589418432
100,quarter_final,Turkey,Egypt,0.0025,0.6574944875602655,0.3425055124397345,5,Turkey,0.6574944875602655
100,quarter_final,United States,Uzbekistan,0.0025,0.6221754694716238,0.3778245305283761,5,United States,0.6221754694716238
100,quarter_final,Algeria,DR Congo,0.002,0.7422096710709036,0.2577903289290963,4,Algeria,0.7422096710709036
100,quarter_final,Algeria,Uzbekistan,0.002,0.6866539385588598,0.3133460614411402,4,Algeria,0.6866539385588598
100,quarter_final,Argentina,Ivory Coast,0.002,0.8313419487621282,0.1686580512378718,4,Argentina,0.8313419487621282
100,quarter_final,Argentina,New Zealand,0.002,0.9517944559149738,0.0482055440850262,4,Argentina,0.9517944559149738
100,quarter_final,Australia,Iran,0.002,0.5125654630764314,0.4874345369235686,4,Australia,0.5125654630764314
100,quarter_final,Australia,Uzbekistan,0.002,0.6591613815877219,0.3408386184122781,4,Australia,0.6591613815877219
100,quarter_final,Austria,Ecuador,0.002,0.4801563722721639,0.5198436277278361,4,Ecuador,0.5198436277278361
100,quarter_final,Belgium,DR Congo,0.002,0.8174405441863587,0.1825594558136413,4,Belgium,0.8174405441863587
100,quarter_final,Iran,France,0.002,0.2537580567546366,0.7462419432453634,4,France,0.7462419432453634
100,quarter_final,Iran,Uzbekistan,0.002,0.6482552461644786,0.3517447538355214,4,Iran,0.6482552461644786
100,quarter_final,Spain,France,0.002,0.6173227703127786,0.3826772296872214,4,Spain,0.6173227703127786
100,quarter_final,Turkey,Austria,0.002,0.4536137706752798,0.5463862293247201,4,Austria,0.5463862293247201
100,quarter_final,Turkey,Croatia,0.002,0.460397868520707,0.5396021314792929,4,Croatia,0.5396021314792929
100,quarter_final,United States,England,0.002,0.2501267757599836,0.7498732242400163,4,England,0.7498732242400163
100,quarter_final,United States,Panama,0.002,0.6663729643348083,0.3336270356651917,4,United States,0.6663729643348083
100,quarter_final,Uruguay,Algeria,0.002,0.4724473102496866,0.5275526897503133,4,Algeria,0.5275526897503133
100,quarter_final,Algeria,Germany,0.0015,0.355347494853983,0.644652505146017,3,Germany,0.644652505146017
100,quarter_final,Argentina,Turkey,0.0015,0.8182745857930724,0.1817254142069275,3,Argentina,0.8182745857930724
100,quarter_final,Australia,Algeria,0.0015,0.469461863357657,0.530538136642343,3,Algeria,0.530538136642343
100,quarter_final,Australia,Croatia,0.0015,0.4467735990033323,0.5532264009966676,3,Croatia,0.5532264009966676
100,quarter_final,Australia,DR Congo,0.0015,0.7172538211805518,0.2827461788194482,3,Australia,0.7172538211805518
100,quarter_final,Australia,Ecuador,0.0015,0.4246928917451411,0.5753071082548589,3,Ecuador,0.5753071082548589
100,quarter_final,Australia,Panama,0.0015,0.7016563111308146,0.2983436888691854,3,Australia,0.7016563111308146
100,quarter_final,Australia,Senegal,0.0015,0.5233155792079324,0.4766844207920676,3,Australia,0.5233155792079324
100,quarter_final,Australia,Turkey,0.0015,0.4858800066581931,0.5141199933418068,3,Turkey,0.5141199933418068
100,quarter_final,Austria,Egypt,0.0015,0.697446603227046,0.302553396772954,3,Austria,0.697446603227046
100,quarter_final,Austria,Germany,0.0015,0.3739278245046824,0.6260721754953176,3,Germany,0.6260721754953176
100,quarter_final,Austria,Iran,0.0015,0.5696314917820642,0.4303685082179358,3,Austria,0.5696314917820642
100,quarter_final,Egypt,Austria,0.0015,0.302553396772954,0.697446603227046,3,Austria,0.697446603227046
100,quarter_final,Egypt,Canada,0.0015,0.3776162905316276,0.6223837094683724,3,Canada,0.6223837094683724
100,quarter_final,Iran,Croatia,0.0015,0.4369254907460297,0.5630745092539703,3,Croatia,0.5630745092539703
100,quarter_final,Saudi Arabia,Portugal,0.0015,0.0997651602953808,0.9002348397046191,3,Portugal,0.9002348397046191
100,quarter_final,Spain,DR Congo,0.0015,0.906060815219514,0.0939391847804859,3,Spain,0.906060815219514
100,quarter_final,Spain,Iran,0.0015,0.8213146027386846,0.1786853972613153,3,Spain,0.8213146027386846
100,quarter_final,Spain,Uzbekistan,0.0015,0.8938714335253753,0.1061285664746246,3,Spain,0.8938714335253753
100,quarter_final,Turkey,Algeria,0.0015,0.4804573998739981,0.5195426001260018,3,Algeria,0.5195426001260018
100,quarter_final,Turkey,Argentina,0.0015,0.1817254142069276,0.8182745857930723,3,Argentina,0.8182745857930723
100,quarter_final,Turkey,DR Congo,0.0015,0.7235165516795664,0.2764834483204336,3,Turkey,0.7235165516795664
100,quarter_final,Turkey,Ecuador,0.0015,0.4428261235785437,0.5571738764214563,3,Ecuador,0.5571738764214563
100,quarter_final,Turkey,England,0.0015,0.2937033554540241,0.7062966445459758,3,England,0.7062966445459758
100,quarter_final,Turkey,France,0.0015,0.2611546330782895,0.7388453669217104,3,France,0.7388453669217104
100,quarter_final,Turkey,Senegal,0.0015,0.5341854859262324,0.4658145140737676,3,Turkey,0.5341854859262324
100,quarter_final,United States,Austria,0.0015,0.4004911595617028,0.5995088404382971,3,Austria,0.5995088404382971
100,quarter_final,United States,France,0.0015,0.2214933752293282,0.7785066247706718,3,France,0.7785066247706718
100,quarter_final,Uruguay,Austria,0.0015,0.4426292279562525,0.5573707720437475,3,Austria,0.5573707720437475
100,quarter_final,Uruguay,France,0.0015,0.2478380820257008,0.7521619179742991,3,France,0.7521619179742991
100,quarter_final,Uruguay,Uzbekistan,0.0015,0.6566547853441994,0.3433452146558006,3,Uruguay,0.6566547853441994
100,quarter_final,Algeria,Bosnia and Herzegovina,0.001,0.8208528657555473,0.1791471342444527,2,Algeria,0.8208528657555473
100,quarter_final,Algeria,Ivory Coast,0.001,0.5538176014414555,0.4461823985585444,2,Algeria,0.5538176014414555
100,quarter_final,Algeria,Senegal,0.001,0.5547442291805784,0.4452557708194216,2,Algeria,0.5547442291805784
100,quarter_final,Algeria,Turkey,0.001,0.5195426001260017,0.4804573998739982,2,Algeria,0.5195426001260017
100,quarter_final,Argentina,Jordan,0.001,0.9315794615649308,0.0684205384350691,2,Argentina,0.9315794615649308
100,quarter_final,Australia,Austria,0.001,0.4423709444718839,0.557629055528116,2,Austria,0.557629055528116
100,quarter_final,Australia,Egypt,0.001,0.6471947615626724,0.3528052384373276,2,Australia,0.6471947615626724
100,quarter_final,Australia,Norway,0.001,0.3646294800309768,0.6353705199690232,2,Norway,0.6353705199690232
100,quarter_final,Austria,DR Congo,0.001,0.7605291251426739,0.2394708748573261,2,Austria,0.7605291251426739
100,quarter_final,Austria,England,0.001,0.332777078114494,0.667222921885506,2,England,0.667222921885506
100,quarter_final,Austria,New Zealand,0.001,0.8498476518277628,0.1501523481722372,2,Austria,0.8498476518277628
100,quarter_final,Austria,Norway,0.001,0.4221692493924313,0.5778307506075686,2,Norway,0.5778307506075686
100,quarter_final,Austria,United States,0.001,0.5995088404382971,0.4004911595617029,2,Austria,0.5995088404382971
100,quarter_final,Belgium,Egypt,0.001,0.7676882948767721,0.2323117051232278,2,Belgium,0.7676882948767721
100,quarter_final,Belgium,England,0.001,0.4171969168967455,0.5828030831032545,2,England,0.5828030831032545
100,quarter_final,Belgium,Ghana,0.001,0.915466901113112,0.0845330988868878,2,Belgium,0.915466901113112
100,quarter_final,Belgium,Senegal,0.001,0.6636275305175622,0.3363724694824378,2,Belgium,0.6636275305175622
100,quarter_final,Egypt,Argentina,0.001,0.1094391700820758,0.8905608299179242,2,Argentina,0.8905608299179242
100,quarter_final,Egypt,Croatia,0.001,0.3086884630925113,0.6913115369074887,2,Croatia,0.6913115369074887
100,quarter_final,Egypt,Iran,0.001,0.3645288033056943,0.6354711966943056,2,Iran,0.6354711966943056
100,quarter_final,Iran,DR Congo,0.001,0.7075172898018052,0.2924827101981948,2,Iran,0.7075172898018052
100,quarter_final,Iran,Ecuador,0.001,0.4115986289405436,0.5884013710594564,2,Ecuador,0.5884013710594564
100,quarter_final,New Zealand,Argentina,0.001,0.0482055440850262,0.9517944559149738,2,Argentina,0.9517944559149738
100,quarter_final,New Zealand,Colombia,0.001,0.1074244680935678,0.8925755319064321,2,Colombia,0.8925755319064321
100,quarter_final,New Zealand,Iran,0.001,0.1903314972563865,0.8096685027436135,2,Iran,0.8096685027436135
100,quarter_final,Paraguay,Uzbekistan,0.001,0.5383788964670406,0.4616211035329594,2,Paraguay,0.5383788964670406
100,quarter_final,Spain,Panama,0.001,0.9161835482066168,0.0838164517933832,2,Spain,0.9161835482066168
100,quarter_final,Spain,Turkey,0.001,0.8209822422502993,0.1790177577497007,2,Spain,0.8209822422502993
100,quarter_final,Turkey,Belgium,0.001,0.3629854617131776,0.6370145382868224,2,Belgium,0.6370145382868224
100,quarter_final,Turkey,Bosnia and Herzegovina,0.001,0.804739737063763,0.195260262936237,2,Turkey,0.804739737063763
100,quarter_final,Turkey,Iran,0.001,0.5239032272095312,0.4760967727904688,2,Turkey,0.5239032272095312
100,quarter_final,Turkey,Uzbekistan,0.001,0.670279273552339,0.329720726447661,2,Turkey,0.670279273552339
100,quarter_final,United States,Algeria,0.001,0.427717599355426,0.5722824006445739,2,Algeria,0.5722824006445739
100,quarter_final,United States,Bosnia and Herzegovina,0.001,0.7700059052388557,0.2299940947611443,2,United States,0.7700059052388557
100,quarter_final,United States,Norway,0.001,0.3236191367629054,0.6763808632370946,2,Norway,0.6763808632370946
100,quarter_final,United States,Sweden,0.001,0.5882117559089164,0.4117882440910836,2,United States,0.5882117559089164
100,quarter_final,Uruguay,DR Congo,0.001,0.7158686036427907,0.2841313963572093,2,Uruguay,0.7158686036427907
100,quarter_final,Uruguay,England,0.001,0.2846146278609072,0.7153853721390928,2,England,0.7153853721390928
100,quarter_final,Uruguay,Germany,0.001,0.3131622173855973,0.6868377826144026,2,Germany,0.6868377826144026
100,quarter_final,Uruguay,Norway,0.001,0.3623980894912054,0.6376019105087947,2,Norway,0.6376019105087947
100,quarter_final,Uruguay,Panama,0.001,0.6946365067138265,0.3053634932861735,2,Uruguay,0.6946365067138265
100,quarter_final,Algeria,Ghana,0.0005,0.8719938941327243,0.1280061058672756,1,Algeria,0.8719938941327243
100,quarter_final,Algeria,New Zealand,0.0005,0.8372820368369848,0.1627179631630152,1,Algeria,0.8372820368369848
100,quarter_final,Algeria,Sweden,0.0005,0.6568373727611728,0.3431626272388272,1,Algeria,0.6568373727611728
100,quarter_final,Algeria,Tunisia,0.0005,0.8065487686867121,0.1934512313132879,1,Algeria,0.8065487686867121
100,quarter_final,Algeria,United States,0.0005,0.5722824006445741,0.4277175993554258,1,Algeria,0.5722824006445741
100,quarter_final,Argentina,Iraq,0.0005,0.9393173161528569,0.0606826838471431,1,Argentina,0.9393173161528569
100,quarter_final,Argentina,Japan,0.0005,0.7173472979969812,0.2826527020030188,1,Argentina,0.7173472979969812
100,quarter_final,Argentina,Qatar,0.0005,0.974836513561357,0.0251634864386429,1,Argentina,0.974836513561357
100,quarter_final,Australia,Bosnia and Herzegovina,0.0005,0.7980734914667618,0.2019265085332382,1,Australia,0.7980734914667618
100,quarter_final,Australia,Germany,0.0005,0.3177918549785908,0.6822081450214093,1,Germany,0.6822081450214093
100,quarter_final,Australia,Ivory Coast,0.0005,0.5238389687454257,0.4761610312545743,1,Australia,0.5238389687454257
100,quarter_final,Austria,Australia,0.0005,0.5576290555281159,0.4423709444718841,1,Austria,0.5576290555281159
100,quarter_final,Austria,Jordan,0.0005,0.7877092803687896,0.2122907196312103,1,Austria,0.7877092803687896
100,quarter_final,Austria,Panama,0.0005,0.7512898646316316,0.2487101353683684,1,Austria,0.7512898646316316
100,quarter_final,Austria,Paraguay,0.0005,0.6770465527622177,0.3229534472377823,1,Austria,0.6770465527622177
100,quarter_final,Austria,Sweden,0.0005,0.6826007198077124,0.3173992801922876,1,Austria,0.6826007198077124
100,quarter_final,Austria,Turkey,0.0005,0.5463862293247203,0.4536137706752797,1,Austria,0.5463862293247203
100,quarter_final,Belgium,Australia,0.0005,0.6462739178410014,0.3537260821589986,1,Belgium,0.6462739178410014
100,quarter_final,Belgium,Ivory Coast,0.0005,0.6630183309131692,0.3369816690868308,1,Belgium,0.6630183309131692
100,quarter_final,Belgium,New Zealand,0.0005,0.8910586351843044,0.1089413648156956,1,Belgium,0.8910586351843044
100,quarter_final,Belgium,Panama,0.0005,0.8156775228347246,0.1843224771652754,1,Belgium,0.8156775228347246
100,quarter_final,Belgium,Qatar,0.0005,0.943719429203794,0.056280570796206,1,Belgium,0.943719429203794
100,quarter_final,Belgium,Sweden,0.0005,0.759783852532241,0.240216147467759,1,Belgium,0.759783852532241
100,quarter_final,Cape Verde,Austria,0.0005,0.1401262981073946,0.8598737018926054,1,Austria,0.8598737018926054
100,quarter_final,Cape Verde,Belgium,0.0005,0.1028187811435064,0.8971812188564936,1,Belgium,0.8971812188564936
100,quarter_final,Cape Verde,Canada,0.0005,0.1922011442586314,0.8077988557413686,1,Canada,0.8077988557413686
100,quarter_final,Cape Verde,Colombia,0.0005,0.1030529738820657,0.8969470261179343,1,Colombia,0.8969470261179343
100,quarter_final,Cape Verde,Croatia,0.0005,0.1523515244427378,0.8476484755572622,1,Croatia,0.8476484755572622
100,quarter_final,Cape Verde,Ecuador,0.0005,0.1438974360633959,0.8561025639366041,1,Ecuador,0.8561025639366041
100,quarter_final,Cape Verde,Ghana,0.0005,0.5446027785548248,0.4553972214451752,1,Cape Verde,0.5446027785548248
100,quarter_final,Cape Verde,Switzerland,0.0005,0.1475502844062323,0.8524497155937677,1,Switzerland,0.8524497155937677
100,quarter_final,Cape Verde,Uzbekistan,0.0005,0.2847859021535968,0.7152140978464032,1,Uzbekistan,0.7152140978464032
100,quarter_final,Egypt,DR Congo,0.0005,0.5835823870681103,0.4164176129318897,1,Egypt,0.5835823870681103
100,quarter_final,Egypt,France,0.0005,0.1682046042453647,0.8317953957546352,1,France,0.8317953957546352
100,quarter_final,Egypt,Panama,0.0005,0.5602170743677687,0.4397829256322313,1,Egypt,0.5602170743677687
100,quarter_final,Egypt,Uzbekistan,0.0005,0.5124143325464479,0.4875856674535521,1,Egypt,0.5124143325464479
100,quarter_final,Iran,Algeria,0.0005,0.4554653894745443,0.5445346105254556,1,Algeria,0.5445346105254556
100,quarter_final,Iran,Bosnia and Herzegovina,0.0005,0.7928482124101999,0.2071517875898001,1,Iran,0.7928482124101999
100,quarter_final,Iran,Ghana,0.0005,0.8491625013157363,0.1508374986842636,1,Iran,0.8491625013157363
100,quarter_final,Iran,New Zealand,0.0005,0.8096685027436136,0.1903314972563864,1,Iran,0.8096685027436136
100,quarter_final,Iran,Qatar,0.0005,0.8974495517042015,0.1025504482957985,1,Iran,0.8974495517042015
100,quarter_final,Iran,Senegal,0.0005,0.5103965456748338,0.4896034543251661,1,Iran,0.5103965456748338
100,quarter_final,Jordan,Colombia,0.0005,0.1456014926351904,0.8543985073648096,1,Colombia,0.8543985073648096
100,quarter_final,Jordan,DR Congo,0.0005,0.4734172480523621,0.5265827519476378,1,DR Congo,0.5265827519476378
100,quarter_final,Jordan,Uzbekistan,0.0005,0.4027779263770774,0.5972220736229226,1,Uzbekistan,0.5972220736229226
100,quarter_final,New Zealand,Egypt,0.0005,0.2938344857240805,0.7061655142759194,1,Egypt,0.7061655142759194
100,quarter_final,New Zealand,England,0.0005,0.0836515929604703,0.9163484070395296,1,England,0.9163484070395296
100,quarter_final,Paraguay,Bosnia and Herzegovina,0.0005,0.698725302698141,0.3012746973018589,1,Paraguay,0.698725302698141
100,quarter_final,Paraguay,Egypt,0.0005,0.5275003000895706,0.4724996999104294,1,Paraguay,0.5275003000895706
100,quarter_final,Saudi Arabia,Argentina,0.0005,0.0510625221749197,0.9489374778250802,1,Argentina,0.9489374778250802
100,quarter_final,Saudi Arabia,Canada,0.0005,0.2122969015646192,0.7877030984353808,1,Canada,0.7877030984353808
100,quarter_final,Saudi Arabia,Colombia,0.0005,0.1097135402578959,0.8902864597421041,1,Colombia,0.8902864597421041
100,quarter_final,Saudi Arabia,Croatia,0.0005,0.1656026089709,0.8343973910290999,1,Croatia,0.8343973910290999
100,quarter_final,Saudi Arabia,Egypt,0.0005,0.3039497647008777,0.6960502352991222,1,Egypt,0.6960502352991222
100,quarter_final,Saudi Arabia,Panama,0.0005,0.3559363774345303,0.6440636225654697,1,Panama,0.6440636225654697
100,quarter_final,Saudi Arabia,Senegal,0.0005,0.2055493286901929,0.7944506713098071,1,Senegal,0.7944506713098071
100,quarter_final,Spain,Australia,0.0005,0.8217449156889214,0.1782550843110786,1,Spain,0.8217449156889214
100,quarter_final,Spain,Bosnia and Herzegovina,0.0005,0.9455595551593552,0.0544404448406449,1,Spain,0.9455595551593552
100,quarter_final,Spain,Ghana,0.0005,0.9593951963127192,0.0406048036872809,1,Spain,0.9593951963127192
100,quarter_final,Spain,Ivory Coast,0.0005,0.8235441935494884,0.1764558064505116,1,Spain,0.8235441935494884
100,quarter_final,Spain,Jordan,0.0005,0.9295169877233296,0.0704830122766703,1,Spain,0.9295169877233296
100,quarter_final,Spain,Netherlands,0.0005,0.7268481629392349,0.273151837060765,1,Spain,0.7268481629392349
100,quarter_final,Spain,Senegal,0.0005,0.8242075230984709,0.1757924769015291,1,Spain,0.8242075230984709
100,quarter_final,Turkey,Ghana,0.0005,0.853948180020944,0.146051819979056,1,Turkey,0.853948180020944
100,quarter_final,Turkey,Netherlands,0.0005,0.3678766279189346,0.6321233720810654,1,Netherlands,0.6321233720810654
100,quarter_final,United States,DR Congo,0.0005,0.6814368128785541,0.3185631871214459,1,United States,0.6814368128785541
100,quarter_final,United States,Ecuador,0.0005,0.3910927664986768,0.6089072335013233,1,Ecuador,0.6089072335013233
100,quarter_final,United States,Egypt,0.0005,0.6090636731622341,0.3909363268377659,1,United States,0.6090636731622341
100,quarter_final,United States,Iran,0.0005,0.4703353183336063,0.5296646816663937,1,Iran,0.5296646816663937
100,quarter_final,United States,Iraq,0.0005,0.7489045949651876,0.2510954050348124,1,United States,0.7489045949651876
100,quarter_final,United States,Senegal,0.0005,0.4809911174114998,0.5190088825885002,1,Senegal,0.5190088825885002
100,quarter_final,Uruguay,Bosnia and Herzegovina,0.0005,0.7903556590680113,0.2096443409319887,1,Uruguay,0.7903556590680113
100,quarter_final,Uruguay,Ecuador,0.0005,0.4253763082912523,0.5746236917087477,1,Ecuador,0.5746236917087477
100,quarter_final,Uruguay,Iran,0.0005,0.5126328788476102,0.4873671211523898,1,Uruguay,0.5126328788476102
100,quarter_final,Uruguay,Ivory Coast,0.0005,0.5255090617688108,0.4744909382311891,1,Uruguay,0.5255090617688108
101,semi_final,Germany,Spain,0.0365,0.3107016350764575,0.6892983649235425,73,Spain,0.6892983649235425
101,semi_final,Brazil,Spain,0.035,0.3211409970840203,0.6788590029159797,70,Spain,0.6788590029159797
101,semi_final,Japan,Spain,0.035,0.2838325336943242,0.7161674663056758,70,Spain,0.7161674663056758
101,semi_final,Norway,Spain,0.031,0.2712914493733124,0.7287085506266875,62,Spain,0.7287085506266875
101,semi_final,Netherlands,Spain,0.025,0.273151837060765,0.7268481629392349,50,Spain,0.7268481629392349
101,semi_final,Morocco,Spain,0.023,0.2999054838191679,0.7000945161808321,46,Spain,0.7000945161808321
101,semi_final,France,Spain,0.0225,0.3826772296872214,0.6173227703127786,45,Spain,0.6173227703127786
101,semi_final,Brazil,Argentina,0.02,0.3286788250287324,0.6713211749712675,40,Argentina,0.6713211749712675
101,semi_final,Mexico,Spain,0.0175,0.2272840583306689,0.7727159416693311,35,Spain,0.7727159416693311
101,semi_final,Netherlands,Argentina,0.017,0.2746512471607698,0.7253487528392302,34,Argentina,0.7253487528392302
101,semi_final,Japan,Argentina,0.015,0.2826527020030189,0.717347297996981,30,Argentina,0.717347297996981
101,semi_final,Germany,Argentina,0.0145,0.3106139261937999,0.6893860738062001,29,Argentina,0.6893860738062001
101,semi_final,Germany,Belgium,0.0125,0.5383278802447928,0.4616721197552071,25,Germany,0.5383278802447928
101,semi_final,Ivory Coast,Spain,0.0125,0.1764558064505118,0.8235441935494883,25,Spain,0.8235441935494883
101,semi_final,Morocco,Argentina,0.0125,0.2949858198885928,0.7050141801114072,25,Argentina,0.7050141801114072
101,semi_final,France,Argentina,0.012,0.3893396037988301,0.6106603962011699,24,Argentina,0.6106603962011699
101,semi_final,Germany,England,0.01,0.4567229250750212,0.5432770749249787,20,England,0.5432770749249787
101,semi_final,Senegal,Spain,0.01,0.175792476901529,0.824207523098471,20,Spain,0.824207523098471
101,semi_final,Netherlands,Belgium,0.0095,0.4935662923358206,0.5064337076641794,19,Belgium,0.5064337076641794
101,semi_final,Norway,Argentina,0.0095,0.2682931865706414,0.7317068134293585,19,Argentina,0.7317068134293585
101,semi_final,Japan,Belgium,0.0085,0.504326817326342,0.495673182673658,17,Japan,0.504326817326342
101,semi_final,Scotland,Spain,0.0085,0.1306896493833094,0.8693103506166906,17,Spain,0.8693103506166906
101,semi_final,South Korea,Spain,0.0085,0.14506762004103,0.85493237995897,17,Spain,0.85493237995897
101,semi_final,Switzerland,Argentina,0.0085,0.215041365343052,0.784958634656948,17,Argentina,0.784958634656948
101,semi_final,Turkey,Spain,0.0085,0.1790177577497007,0.8209822422502993,17,Spain,0.8209822422502993
101,semi_final,Germany,Algeria,0.008,0.6446525051460171,0.3553474948539828,16,Germany,0.6446525051460171
101,semi_final,Mexico,Argentina,0.008,0.2297014591065931,0.7702985408934069,16,Argentina,0.7702985408934069
101,semi_final,Switzerland,Spain,0.0075,0.2121587236506108,0.7878412763493892,15,Spain,0.7878412763493892
101,semi_final,Canada,Spain,0.007,0.1615913653448145,0.8384086346551854,14,Spain,0.8384086346551854
101,semi_final,Germany,Austria,0.007,0.6260721754953177,0.3739278245046823,14,Germany,0.6260721754953177
101,semi_final,Germany,Colombia,0.007,0.5058761411330285,0.4941238588669715,14,Germany,0.5058761411330285
101,semi_final,Netherlands,Colombia,0.007,0.4599701935700265,0.5400298064299736,14,Colombia,0.5400298064299736
101,semi_final,France,Australia,0.0065,0.7442911633850414,0.2557088366149586,13,France,0.7442911633850414
101,semi_final,Morocco,Belgium,0.0065,0.518664754706842,0.4813352452931579,13,Morocco,0.518664754706842
101,semi_final,Morocco,Colombia,0.0065,0.4760490749972408,0.5239509250027592,13,Colombia,0.5239509250027592
101,semi_final,Netherlands,England,0.0065,0.4138619339397386,0.5861380660602613,13,England,0.5861380660602613
101,semi_final,France,Belgium,0.006,0.6154139434718525,0.3845860565281475,12,France,0.6154139434718525
101,semi_final,France,Colombia,0.006,0.5856439509735623,0.4143560490264377,12,France,0.5856439509735623
101,semi_final,Japan,Australia,0.006,0.6490131339037692,0.3509868660962307,12,Japan,0.6490131339037692
101,semi_final,Japan,Portugal,0.006,0.454115644037336,0.5458843559626639,12,Portugal,0.5458843559626639
101,semi_final,Norway,Australia,0.006,0.6353705199690232,0.3646294800309768,12,Norway,0.6353705199690232
101,semi_final,Brazil,Australia,0.0055,0.6923720379244735,0.3076279620755264,11,Brazil,0.6923720379244735
101,semi_final,Brazil,Belgium,0.0055,0.5522777230228455,0.4477222769771545,11,Brazil,0.5522777230228455
101,semi_final,Brazil,Iran,0.0055,0.6966373075984648,0.3033626924015352,11,Brazil,0.6966373075984648
101,semi_final,Germany,Portugal,0.0055,0.4900563816683013,0.5099436183316988,11,Portugal,0.5099436183316988
101,semi_final,Sweden,Spain,0.0055,0.1084994042687396,0.8915005957312603,11,Spain,0.8915005957312603
101,semi_final,France,Portugal,0.005,0.5701869126483898,0.4298130873516101,10,France,0.5701869126483898
101,semi_final,Netherlands,Australia,0.005,0.6419140323797065,0.3580859676202935,10,Netherlands,0.6419140323797065
101,semi_final,Norway,Belgium,0.005,0.4872773310783438,0.5127226689216562,10,Belgium,0.5127226689216562
101,semi_final,Brazil,Portugal,0.0045,0.5038340158816202,0.4961659841183797,9,Brazil,0.5038340158816202
101,semi_final,Germany,Iran,0.0045,0.6880639544182081,0.3119360455817919,9,Germany,0.6880639544182081
101,semi_final,Germany,Switzerland,0.0045,0.6270822154320032,0.3729177845679968,9,Germany,0.6270822154320032
101,semi_final,Japan,England,0.0045,0.4221278680884,0.5778721319116,9,England,0.5778721319116
101,semi_final,Mexico,Belgium,0.0045,0.4327787218025992,0.5672212781974009,9,Belgium,0.5672212781974009
101,semi_final,Morocco,Austria,0.0045,0.6070412603372152,0.3929587396627848,9,Morocco,0.6070412603372152
101,semi_final,Netherlands,Croatia,0.0045,0.5936159980412593,0.4063840019587407,9,Netherlands,0.5936159980412593
101,semi_final,Norway,Portugal,0.0045,0.4387997217118703,0.5612002782881297,9,Portugal,0.5612002782881297
101,semi_final,Brazil,Austria,0.004,0.6378355718505213,0.3621644281494787,8,Brazil,0.6378355718505213
101,semi_final,Brazil,Colombia,0.004,0.5191582659014742,0.4808417340985258,8,Brazil,0.5191582659014742
101,semi_final,Germany,Australia,0.004,0.6822081450214091,0.3177918549785908,8,Germany,0.6822081450214091
101,semi_final,Germany,United States,0.004,0.7218320505053278,0.2781679494946721,8,Germany,0.7218320505053278
101,semi_final,Ivory Coast,Argentina,0.004,0.1686580512378718,0.8313419487621282,8,Argentina,0.8313419487621282
101,semi_final,Japan,Austria,0.004,0.594278257190124,0.405721742809876,8,Japan,0.594278257190124
101,semi_final,Japan,Colombia,0.004,0.4673406595429231,0.5326593404570769,8,Colombia,0.5326593404570769
101,semi_final,Mexico,Portugal,0.004,0.3832179900101784,0.6167820099898216,8,Portugal,0.6167820099898216
101,semi_final,Morocco,England,0.004,0.43326451114787,0.5667354888521299,8,England,0.5667354888521299
101,semi_final,Brazil,England,0.0035,0.4758916732593793,0.5241083267406206,7,England,0.5241083267406206
101,semi_final,Brazil,France,0.0035,0.4327277405038423,0.5672722594961577,7,France,0.5672722594961577
101,semi_final,Canada,Argentina,0.0035,0.1615965550642187,0.8384034449357813,7,Argentina,0.8384034449357813
101,semi_final,France,Croatia,0.0035,0.7065132092150861,0.2934867907849139,7,France,0.7065132092150861
101,semi_final,Germany,Croatia,0.0035,0.6376517400981994,0.3623482599018006,7,Germany,0.6376517400981994
101,semi_final,Ivory Coast,Belgium,0.0035,0.3369816690868308,0.6630183309131692,7,Belgium,0.6630183309131692
101,semi_final,Morocco,Algeria,0.0035,0.6316829775356583,0.3683170224643417,7,Morocco,0.6316829775356583
101,semi_final,Morocco,Australia,0.0035,0.6566832781146792,0.3433167218853208,7,Morocco,0.6566832781146792
101,semi_final,Netherlands,Iran,0.0035,0.6493329625539129,0.350667037446087,7,Netherlands,0.6493329625539129
101,semi_final,South Korea,Argentina,0.0035,0.1420312711509165,0.8579687288490835,7,Argentina,0.8579687288490835
101,semi_final,Sweden,Argentina,0.0035,0.1094867435088094,0.8905132564911906,7,Argentina,0.8905132564911906
101,semi_final,France,Algeria,0.003,0.7083773545337946,0.2916226454662054,6,France,0.7083773545337946
101,semi_final,Mexico,Austria,0.003,0.5249656374499652,0.4750343625500348,6,Mexico,0.5249656374499652
101,semi_final,Morocco,Portugal,0.003,0.4664412203511948,0.5335587796488053,6,Portugal,0.5335587796488053
101,semi_final,Netherlands,Austria,0.003,0.5841155731875947,0.4158844268124053,6,Netherlands,0.5841155731875947
101,semi_final,Netherlands,Portugal,0.003,0.4445863659744167,0.5554136340255833,6,Portugal,0.5554136340255833
101,semi_final,Senegal,Argentina,0.003,0.1678976751826298,0.8321023248173701,6,Argentina,0.8321023248173701
101,semi_final,Brazil,Croatia,0.0025,0.6481040611405334,0.3518959388594666,5,Brazil,0.6481040611405334
101,semi_final,Brazil,Switzerland,0.0025,0.6377952462037213,0.3622047537962787,5,Brazil,0.6377952462037213
101,semi_final,Czech Republic,Argentina,0.0025,0.1133839709862982,0.8866160290137017,5,Argentina,0.8866160290137017
101,semi_final,France,South Korea,0.0025,0.7870414207244212,0.2129585792755788,5,France,0.7870414207244212
101,semi_final,Japan,Croatia,0.0025,0.6002750789326254,0.3997249210673745,5,Japan,0.6002750789326254
101,semi_final,Japan,Iran,0.0025,0.659147901148298,0.340852098851702,5,Japan,0.659147901148298
101,semi_final,Mexico,England,0.0025,0.3564193561485932,0.6435806438514067,5,England,0.6435806438514067
101,semi_final,Morocco,Croatia,0.0025,0.607184798951727,0.392815201048273,5,Morocco,0.607184798951727
101,semi_final,Morocco,Ecuador,0.0025,0.5780098462447626,0.4219901537552374,5,Morocco,0.5780098462447626
101,semi_final,Netherlands,Algeria,0.0025,0.605889073884342,0.394110926115658,5,Netherlands,0.605889073884342
101,semi_final,Netherlands,Mexico,0.0025,0.5639852294431389,0.4360147705568611,5,Netherlands,0.5639852294431389
101,semi_final,Netherlands,United States,0.0025,0.6817448769526157,0.3182551230473843,5,Netherlands,0.6817448769526157
101,semi_final,Norway,Colombia,0.0025,0.453837430533565,0.5461625694664349,5,Colombia,0.5461625694664349
101,semi_final,Norway,England,0.0025,0.405433527760985,0.5945664722390149,5,England,0.5945664722390149
101,semi_final,Norway,Iran,0.0025,0.6441188672606941,0.3558811327393059,5,Norway,0.6441188672606941
101,semi_final,Scotland,England,0.0025,0.2173613592619826,0.7826386407380174,5,England,0.7826386407380174
101,semi_final,Senegal,England,0.0025,0.2673609845637714,0.7326390154362286,5,England,0.7326390154362286
101,semi_final,Senegal,Portugal,0.0025,0.2963383713454552,0.7036616286545447,5,Portugal,0.7036616286545447
101,semi_final,Turkey,England,0.0025,0.2937033554540241,0.7062966445459758,5,England,0.7062966445459758
101,semi_final,United States,Spain,0.0025,0.1487453562875507,0.8512546437124493,5,Spain,0.8512546437124493
101,semi_final,Brazil,Algeria,0.002,0.6570703673675887,0.3429296326324113,4,Brazil,0.6570703673675887
101,semi_final,Brazil,United States,0.002,0.7279930256645144,0.2720069743354856,4,Brazil,0.7279930256645144
101,semi_final,Czech Republic,Spain,0.002,0.1179037121470512,0.8820962878529488,4,Spain,0.8820962878529488
101,semi_final,France,Austria,0.002,0.6937631089643165,0.3062368910356835,4,France,0.6937631089643165
101,semi_final,France,England,0.002,0.5407125759294871,0.4592874240705129,4,France,0.5407125759294871
101,semi_final,France,Mexico,0.002,0.6813287066420032,0.3186712933579968,4,France,0.6813287066420032
101,semi_final,France,Switzerland,0.002,0.6972541121743829,0.302745887825617,4,France,0.6972541121743829
101,semi_final,France,United States,0.002,0.7785066247706719,0.2214933752293281,4,France,0.7785066247706719
101,semi_final,Ivory Coast,Colombia,0.002,0.3089151334589625,0.6910848665410375,4,Colombia,0.6910848665410375
101,semi_final,Ivory Coast,France,0.002,0.2483688646551094,0.7516311353448906,4,France,0.7516311353448906
101,semi_final,Ivory Coast,United States,0.002,0.5178188590487883,0.4821811409512117,4,Ivory Coast,0.5178188590487883
101,semi_final,Japan,France,0.002,0.3859328580126611,0.6140671419873389,4,France,0.6140671419873389
101,semi_final,Japan,Mexico,0.002,0.5700583716406403,0.4299416283593597,4,Japan,0.5700583716406403
101,semi_final,Morocco,Mexico,0.002,0.576461009302996,0.4235389906970039,4,Morocco,0.576461009302996
101,semi_final,Norway,Algeria,0.002,0.5992989949078595,0.4007010050921404,4,Norway,0.5992989949078595
101,semi_final,Norway,Croatia,0.002,0.5871418293416865,0.4128581706583135,4,Norway,0.5871418293416865
101,semi_final,South Korea,Colombia,0.002,0.2718021137617313,0.7281978862382688,4,Colombia,0.7281978862382688
101,semi_final,South Korea,Croatia,0.002,0.3858546050120519,0.6141453949879481,4,Croatia,0.6141453949879481
101,semi_final,Switzerland,Australia,0.002,0.56440932286175,0.4355906771382499,4,Switzerland,0.56440932286175
101,semi_final,Switzerland,Colombia,0.002,0.3794847102843234,0.6205152897156766,4,Colombia,0.6205152897156766
101,semi_final,Brazil,Uruguay,0.0015,0.6997484177052177,0.3002515822947823,3,Brazil,0.6997484177052177
101,semi_final,Canada,Belgium,0.0015,0.3287881284076815,0.6712118715923184,3,Belgium,0.6712118715923184
101,semi_final,Canada,Croatia,0.0015,0.4183193362015456,0.5816806637984544,3,Croatia,0.5816806637984544
101,semi_final,Canada,Iran,0.0015,0.4856837811880987,0.5143162188119013,3,Iran,0.5143162188119013
101,semi_final,Canada,Switzerland,0.0015,0.4072463328637016,0.5927536671362984,3,Switzerland,0.5927536671362984
101,semi_final,France,Iran,0.0015,0.7462419432453634,0.2537580567546366,3,France,0.7462419432453634
101,semi_final,France,Norway,0.0015,0.6268010561678357,0.3731989438321643,3,France,0.6268010561678357
101,semi_final,Germany,Czech Republic,0.0015,0.7820687129277106,0.2179312870722893,3,Germany,0.7820687129277106
101,semi_final,Germany,Ecuador,0.0015,0.6152103709855715,0.3847896290144285,3,Germany,0.6152103709855715
101,semi_final,Germany,France,0.0015,0.4211949017114909,0.5788050982885091,3,France,0.5788050982885091
101,semi_final,Germany,Mexico,0.0015,0.6076798355921814,0.3923201644078186,3,Germany,0.6076798355921814
101,semi_final,Germany,South Korea,0.0015,0.7355023979403271,0.2644976020596729,3,Germany,0.7355023979403271
101,semi_final,Germany,Uruguay,0.0015,0.6868377826144028,0.3131622173855972,3,Germany,0.6868377826144028
101,semi_final,Ivory Coast,Algeria,0.0015,0.4461823985585446,0.5538176014414554,3,Algeria,0.5538176014414554
101,semi_final,Ivory Coast,Austria,0.0015,0.4209172042730025,0.5790827957269975,3,Austria,0.5790827957269975
101,semi_final,Ivory Coast,Portugal,0.0015,0.2965167682252421,0.7034832317747579,3,Portugal,0.7034832317747579
101,semi_final,Japan,Switzerland,0.0015,0.5892634409750469,0.4107365590249531,3,Japan,0.5892634409750469
101,semi_final,Japan,Uruguay,0.0015,0.6493090205296457,0.3506909794703543,3,Japan,0.6493090205296457
101,semi_final,Mexico,Algeria,0.0015,0.551676448389302,0.448323551610698,3,Mexico,0.551676448389302
101,semi_final,Mexico,Czech Republic,0.0015,0.6968819768820911,0.3031180231179089,3,Mexico,0.6968819768820911
101,semi_final,Mexico,United States,0.0015,0.6194006260531819,0.3805993739468181,3,Mexico,0.6194006260531819
101,semi_final,Morocco,Czech Republic,0.0015,0.7663985910446394,0.2336014089553606,3,Morocco,0.7663985910446394
101,semi_final,Morocco,France,0.0015,0.3974572216665097,0.6025427783334902,3,France,0.6025427783334902
101,semi_final,Morocco,Panama,0.0015,0.8212733781475888,0.1787266218524111,3,Morocco,0.8212733781475888
101,semi_final,Morocco,South Korea,0.0015,0.7146010931899043,0.2853989068100957,3,Morocco,0.7146010931899043
101,semi_final,Morocco,United States,0.0015,0.6922952120368675,0.3077047879631325,3,Morocco,0.6922952120368675
101,semi_final,Netherlands,Uruguay,0.0015,0.6462895786769144,0.3537104213230856,3,Netherlands,0.6462895786769144
101,semi_final,Norway,South Korea,0.0015,0.693872403641225,0.3061275963587749,3,Norway,0.693872403641225
101,semi_final,Norway,Uruguay,0.0015,0.6376019105087947,0.3623980894912053,3,Norway,0.6376019105087947
101,semi_final,Paraguay,Spain,0.0015,0.1089839396096677,0.8910160603903323,3,Spain,0.8910160603903323
101,semi_final,Scotland,Argentina,0.0015,0.1299639808350928,0.8700360191649072,3,Argentina,0.8700360191649072
101,semi_final,Scotland,Belgium,0.0015,0.2757700936342468,0.7242299063657531,3,Belgium,0.7242299063657531
101,semi_final,Senegal,Algeria,0.0015,0.4452557708194215,0.5547442291805784,3,Algeria,0.5547442291805784
101,semi_final,Senegal,Australia,0.0015,0.4766844207920677,0.5233155792079323,3,Australia,0.5233155792079323
101,semi_final,Senegal,Austria,0.0015,0.4205184278143719,0.5794815721856281,3,Austria,0.5794815721856281
101,semi_final,Senegal,Croatia,0.0015,0.4270023129068198,0.5729976870931802,3,Croatia,0.5729976870931802
101,semi_final,South Korea,Algeria,0.0015,0.4042349429482656,0.5957650570517343,3,Algeria,0.5957650570517343
101,semi_final,South Korea,Austria,0.0015,0.3787292114233195,0.6212707885766804,3,Austria,0.6212707885766804
101,semi_final,Sweden,Belgium,0.0015,0.2402161474677589,0.759783852532241,3,Belgium,0.759783852532241
101,semi_final,Sweden,England,0.0015,0.1878173239356582,0.8121826760643418,3,England,0.8121826760643418
101,semi_final,Sweden,Portugal,0.0015,0.2060232804133542,0.7939767195866458,3,Portugal,0.7939767195866458
101,semi_final,Switzerland,Belgium,0.0015,0.4124968481013105,0.5875031518986895,3,Belgium,0.5875031518986895
101,semi_final,Switzerland,England,0.0015,0.3384388198346133,0.6615611801653867,3,England,0.6615611801653867
101,semi_final,Switzerland,United States,0.0015,0.6040921526195197,0.3959078473804803,3,Switzerland,0.6040921526195197
101,semi_final,Turkey,Argentina,0.0015,0.1817254142069276,0.8182745857930723,3,Argentina,0.8182745857930723
101,semi_final,Turkey,Belgium,0.0015,0.3629854617131776,0.6370145382868224,3,Belgium,0.6370145382868224
101,semi_final,Australia,England,0.001,0.2839853664620385,0.7160146335379616,2,England,0.7160146335379616
101,semi_final,Belgium,Argentina,0.001,0.2782363553785841,0.721763644621416,2,Argentina,0.721763644621416
101,semi_final,Belgium,Spain,0.001,0.281754504371266,0.718245495628734,2,Spain,0.718245495628734
101,semi_final,Brazil,Egypt,0.001,0.7953653053297043,0.2046346946702957,2,Brazil,0.7953653053297043
101,semi_final,Brazil,Turkey,0.001,0.6833414227541355,0.3166585772458645,2,Brazil,0.6833414227541355
101,semi_final,Canada,Australia,0.001,0.4723255193070085,0.5276744806929915,2,Australia,0.5276744806929915
101,semi_final,Canada,Ecuador,0.001,0.3978873957778374,0.6021126042221626,2,Ecuador,0.6021126042221626
101,semi_final,Canada,England,0.001,0.2625536751077609,0.737446324892239,2,England,0.737446324892239
101,semi_final,Czech Republic,Canada,0.001,0.4023507594094049,0.5976492405905951,2,Canada,0.5976492405905951
101,semi_final,Ecuador,Argentina,0.001,0.2261894851258298,0.7738105148741702,2,Argentina,0.7738105148741702
101,semi_final,Ecuador,Spain,0.001,0.2205521535594985,0.7794478464405015,2,Spain,0.7794478464405015
101,semi_final,France,Canada,0.001,0.7662779802306469,0.2337220197693531,2,France,0.7662779802306469
101,semi_final,France,Uruguay,0.001,0.7521619179742991,0.2478380820257009,2,France,0.7521619179742991
101,semi_final,France,Uzbekistan,0.001,0.8424096824440547,0.1575903175559453,2,France,0.8424096824440547
101,semi_final,Ivory Coast,Australia,0.001,0.4761610312545742,0.5238389687454257,2,Australia,0.5238389687454257
101,semi_final,Ivory Coast,Canada,0.001,0.5022540288645849,0.4977459711354151,2,Ivory Coast,0.5022540288645849
101,semi_final,Ivory Coast,England,0.001,0.2678165969328401,0.7321834030671599,2,England,0.7321834030671599
101,semi_final,Ivory Coast,Iran,0.001,0.4898157923198761,0.5101842076801238,2,Iran,0.5101842076801238
101,semi_final,Ivory Coast,Switzerland,0.001,0.4155776500850098,0.5844223499149901,2,Switzerland,0.5844223499149901
101,semi_final,Japan,Canada,0.001,0.6735771735247679,0.3264228264752321,2,Japan,0.6735771735247679
101,semi_final,Japan,Germany,0.001,0.4647535316664071,0.5352464683335929,2,Germany,0.5352464683335929
101,semi_final,Japan,United States,0.001,0.6873175255689746,0.3126824744310253,2,Japan,0.6873175255689746
101,semi_final,Mexico,Colombia,0.001,0.3960137450839815,0.6039862549160184,2,Colombia,0.6039862549160184
101,semi_final,Mexico,Iran,0.001,0.5935191234546143,0.4064808765453856,2,Mexico,0.5935191234546143
101,semi_final,Morocco,Egypt,0.001,0.7790286590357367,0.2209713409642633,2,Morocco,0.7790286590357367
101,semi_final,Morocco,Iran,0.001,0.6710029891539699,0.32899701084603,2,Morocco,0.6710029891539699
101,semi_final,Morocco,Turkey,0.001,0.6441239117528219,0.3558760882471781,2,Morocco,0.6441239117528219
101,semi_final,Netherlands,Czech Republic,0.001,0.7481126019693033,0.2518873980306967,2,Netherlands,0.7481126019693033
101,semi_final,Netherlands,France,0.001,0.3771078131301625,0.6228921868698374,2,France,0.6228921868698374
101,semi_final,Netherlands,Norway,0.001,0.5058445537066099,0.4941554462933901,2,Netherlands,0.5058445537066099
101,semi_final,Netherlands,Turkey,0.001,0.6321233720810654,0.3678766279189346,2,Netherlands,0.6321233720810654
101,semi_final,Netherlands,Uzbekistan,0.001,0.7739484716081765,0.2260515283918235,2,Netherlands,0.7739484716081765
101,semi_final,Norway,France,0.001,0.3731989438321643,0.6268010561678357,2,France,0.6268010561678357
101,semi_final,Norway,Mexico,0.001,0.5558563954497464,0.4441436045502536,2,Norway,0.5558563954497464
101,semi_final,Norway,Senegal,0.001,0.6524214915425269,0.347578508457473,2,Norway,0.6524214915425269
101,semi_final,Norway,Switzerland,0.001,0.5760801599693844,0.4239198400306155,2,Norway,0.5760801599693844
101,semi_final,Paraguay,Argentina,0.001,0.112545900343019,0.887454099656981,2,Argentina,0.887454099656981
101,semi_final,Scotland,Australia,0.001,0.4144453026056769,0.5855546973943231,2,Australia,0.5855546973943231
101,semi_final,Scotland,Portugal,0.001,0.238702541184395,0.761297458815605,2,Portugal,0.761297458815605
101,semi_final,Scotland,United States,0.001,0.4538044703587821,0.546195529641218,2,United States,0.546195529641218
101,semi_final,Senegal,Belgium,0.001,0.3363724694824379,0.6636275305175621,2,Belgium,0.6636275305175621
101,semi_final,Senegal,Colombia,0.001,0.3094309782877278,0.6905690217122722,2,Colombia,0.6905690217122722
101,semi_final,Senegal,Netherlands,0.001,0.3425336358894176,0.6574663641105825,2,Netherlands,0.6574663641105825
101,semi_final,Senegal,Panama,0.001,0.6839201258822394,0.3160798741177606,2,Senegal,0.6839201258822394
101,semi_final,South Korea,England,0.001,0.2338573987254907,0.7661426012745093,2,England,0.7661426012745093
101,semi_final,South Korea,Iran,0.001,0.4474483049004146,0.5525516950995855,2,Iran,0.5525516950995855
101,semi_final,South Korea,United States,0.001,0.477221588487129,0.522778411512871,2,United States,0.522778411512871
101,semi_final,Sweden,Algeria,0.001,0.3431626272388272,0.6568373727611728,2,Algeria,0.6568373727611728
101,semi_final,Sweden,Australia,0.001,0.3735916268938322,0.6264083731061678,2,Australia,0.6264083731061678
101,semi_final,Switzerland,Iran,0.001,0.5738783622343185,0.4261216377656814,2,Switzerland,0.5738783622343185
101,semi_final,Switzerland,Portugal,0.001,0.3647835987928265,0.6352164012071735,2,Portugal,0.6352164012071735
101,semi_final,Turkey,Austria,0.001,0.4536137706752798,0.5463862293247201,2,Austria,0.5463862293247201
101,semi_final,Turkey,Croatia,0.001,0.460397868520707,0.5396021314792929,2,Croatia,0.5396021314792929
101,semi_final,Turkey,Iran,0.001,0.5239032272095312,0.4760967727904688,2,Turkey,0.5239032272095312
101,semi_final,Turkey,Mexico,0.001,0.432728605381443,0.567271394618557,2,Mexico,0.567271394618557
101,semi_final,Turkey,Portugal,0.001,0.3178764052471557,0.6821235947528443,2,Portugal,0.6821235947528443
101,semi_final,Turkey,United States,0.001,0.5542391701035746,0.4457608298964254,2,Turkey,0.5542391701035746
101,semi_final,United States,Australia,0.001,0.4602536676776663,0.5397463323223337,2,Australia,0.5397463323223337
101,semi_final,United States,England,0.001,0.2501267757599836,0.7498732242400163,2,England,0.7498732242400163
101,semi_final,United States,Iran,0.001,0.4703353183336063,0.5296646816663937,2,Iran,0.5296646816663937
101,semi_final,United States,Switzerland,0.001,0.3959078473804804,0.6040921526195195,2,Switzerland,0.6040921526195195
101,semi_final,Uruguay,Spain,0.001,0.1713331380407215,0.8286668619592785,2,Spain,0.8286668619592785
101,semi_final,Australia,Algeria,0.0005,0.469461863357657,0.530538136642343,1,Algeria,0.530538136642343
101,semi_final,Australia,Argentina,0.0005,0.1768629494421313,0.8231370505578687,1,Argentina,0.8231370505578687
101,semi_final,Australia,Belgium,0.0005,0.3537260821589986,0.6462739178410013,1,Belgium,0.6462739178410013
101,semi_final,Australia,Canada,0.0005,0.5276744806929915,0.4723255193070085,1,Australia,0.5276744806929915
101,semi_final,Australia,Mexico,0.0005,0.4180524860611988,0.5819475139388012,1,Mexico,0.5819475139388012
101,semi_final,Belgium,Australia,0.0005,0.6462739178410014,0.3537260821589986,1,Belgium,0.6462739178410014
101,semi_final,Belgium,Austria,0.0005,0.5899503718421828,0.4100496281578172,1,Belgium,0.5899503718421828
101,semi_final,Belgium,Colombia,0.0005,0.4655304601782322,0.5344695398217678,1,Colombia,0.5344695398217678
101,semi_final,Belgium,England,0.0005,0.4171969168967455,0.5828030831032545,1,England,0.5828030831032545
101,semi_final,Belgium,France,0.0005,0.3845860565281475,0.6154139434718524,1,France,0.6154139434718524
101,semi_final,Belgium,United States,0.0005,0.6864961164851896,0.3135038835148104,1,Belgium,0.6864961164851896
101,semi_final,Bosnia and Herzegovina,Belgium,0.0005,0.1184062461923366,0.8815937538076634,1,Belgium,0.8815937538076634
101,semi_final,Bosnia and Herzegovina,Colombia,0.0005,0.1128834527800909,0.8871165472199091,1,Colombia,0.8871165472199091
101,semi_final,Brazil,Canada,0.0005,0.717031088050959,0.2829689119490409,1,Brazil,0.717031088050959
101,semi_final,Brazil,DR Congo,0.0005,0.8353131541845118,0.1646868458154882,1,Brazil,0.8353131541845118
101,semi_final,Brazil,Jordan,0.0005,0.8608531575729634,0.1391468424270365,1,Brazil,0.8608531575729634
101,semi_final,Brazil,Mexico,0.0005,0.6220052765120422,0.3779947234879578,1,Brazil,0.6220052765120422
101,semi_final,Brazil,Norway,0.0005,0.56375835646923,0.43624164353077,1,Brazil,0.56375835646923
101,semi_final,Brazil,Panama,0.0005,0.8369356098134075,0.1630643901865924,1,Brazil,0.8369356098134075
101,semi_final,Brazil,South Korea,0.0005,0.7406361037936467,0.2593638962063532,1,Brazil,0.7406361037936467
101,semi_final,Canada,Austria,0.0005,0.4158808674965618,0.5841191325034383,1,Austria,0.5841191325034383
101,semi_final,Canada,Colombia,0.0005,0.29773216405143,0.7022678359485699,1,Colombia,0.7022678359485699
101,semi_final,Canada,France,0.0005,0.2337220197693532,0.7662779802306467,1,France,0.7662779802306467
101,semi_final,Canada,Ivory Coast,0.0005,0.497745971135415,0.5022540288645849,1,Ivory Coast,0.5022540288645849
101,semi_final,Canada,Mexico,0.0005,0.3911705487467609,0.6088294512532391,1,Mexico,0.6088294512532391
101,semi_final,Canada,Portugal,0.0005,0.2857480466961521,0.7142519533038478,1,Portugal,0.7142519533038478
101,semi_final,Canada,South Korea,0.0005,0.535775846535397,0.464224153464603,1,Canada,0.535775846535397
101,semi_final,Canada,United States,0.0005,0.510016803365844,0.489983196634156,1,Canada,0.510016803365844
101,semi_final,Czech Republic,Belgium,0.0005,0.2441533176223485,0.7558466823776515,1,Belgium,0.7558466823776515
101,semi_final,Czech Republic,Croatia,0.0005,0.3292243923200137,0.6707756076799862,1,Croatia,0.6707756076799862
101,semi_final,Czech Republic,Egypt,0.0005,0.5237473666023983,0.4762526333976017,1,Czech Republic,0.5237473666023983
101,semi_final,Czech Republic,Mexico,0.0005,0.303118023117909,0.696881976882091,1,Mexico,0.696881976882091
101,semi_final,Czech Republic,Switzerland,0.0005,0.319659939553636,0.6803400604463641,1,Switzerland,0.6803400604463641
101,semi_final,Czech Republic,United States,0.0005,0.4162702950918588,0.5837297049081411,1,United States,0.5837297049081411
101,semi_final,Ecuador,Algeria,0.0005,0.5488730214614739,0.4511269785385261,1,Ecuador,0.5488730214614739
101,semi_final,Ecuador,Austria,0.0005,0.519843627727836,0.480156372272164,1,Ecuador,0.519843627727836
101,semi_final,Ecuador,France,0.0005,0.3094850096817192,0.6905149903182808,1,France,0.6905149903182808
101,semi_final,Ecuador,Germany,0.0005,0.3847896290144285,0.6152103709855714,1,Germany,0.6152103709855714
101,semi_final,Ecuador,Mexico,0.0005,0.4928786695863084,0.5071213304136916,1,Mexico,0.5071213304136916
101,semi_final,Ecuador,Uruguay,0.0005,0.5746236917087477,0.4253763082912523,1,Ecuador,0.5746236917087477
101,semi_final,Egypt,Spain,0.0005,0.1154024233521245,0.8845975766478755,1,Spain,0.8845975766478755
101,semi_final,France,Curaçao,0.0005,0.94400657192731,0.0559934280726899,1,France,0.94400657192731
101,semi_final,France,Egypt,0.0005,0.8317953957546352,0.1682046042453647,1,France,0.8317953957546352
101,semi_final,France,Germany,0.0005,0.5788050982885091,0.4211949017114909,1,France,0.5788050982885091
101,semi_final,France,Panama,0.0005,0.8702116983595501,0.1297883016404498,1,France,0.8702116983595501
101,semi_final,France,Saudi Arabia,0.0005,0.9157929781313726,0.0842070218686273,1,France,0.9157929781313726
101,semi_final,France,Senegal,0.0005,0.7514608543810267,0.2485391456189732,1,France,0.7514608543810267
101,semi_final,Germany,Canada,0.0005,0.7067558501415132,0.2932441498584868,1,Germany,0.7067558501415132
101,semi_final,Germany,DR Congo,0.0005,0.8352431128294475,0.1647568871705524,1,Germany,0.8352431128294475
101,semi_final,Germany,Egypt,0.0005,0.7921898642673407,0.2078101357326592,1,Germany,0.7921898642673407
101,semi_final,Germany,Japan,0.0005,0.535246468333593,0.464753531666407,1,Germany,0.535246468333593
101,semi_final,Germany,Netherlands,0.0005,0.5460151866986873,0.4539848133013127,1,Germany,0.5460151866986873
101,semi_final,Germany,Panama,0.0005,0.8382539557802245,0.1617460442197754,1,Germany,0.8382539557802245
101,semi_final,Germany,Uzbekistan,0.0005,0.8042269917905271,0.1957730082094728,1,Germany,0.8042269917905271
101,semi_final,Haiti,Belgium,0.0005,0.125584954200782,0.8744150457992179,1,Belgium,0.8744150457992179
101,semi_final,Haiti,Portugal,0.0005,0.11441095385022,0.88558904614978,1,Portugal,0.88558904614978
101,semi_final,Iran,Argentina,0.0005,0.172180143234946,0.8278198567650539,1,Argentina,0.8278198567650539
101,semi_final,Iran,Austria,0.0005,0.4303685082179359,0.5696314917820642,1,Austria,0.5696314917820642
101,semi_final,Iran,Portugal,0.0005,0.3034223906996137,0.6965776093003863,1,Portugal,0.6965776093003863
101,semi_final,Iraq,Portugal,0.0005,0.1170863267459138,0.8829136732540861,1,Portugal,0.8829136732540861
101,semi_final,Ivory Coast,Croatia,0.0005,0.4261914682757377,0.5738085317242623,1,Croatia,0.5738085317242623
101,semi_final,Ivory Coast,Czech Republic,0.0005,0.6055726963485344,0.3944273036514656,1,Ivory Coast,0.6055726963485344
101,semi_final,Ivory Coast,Mexico,0.0005,0.3957504660290157,0.6042495339709844,1,Mexico,0.6042495339709844
101,semi_final,Japan,Algeria,0.0005,0.6169532343531656,0.3830467656468344,1,Japan,0.6169532343531656
101,semi_final,Japan,Czech Republic,0.0005,0.7568190917853489,0.2431809082146511,1,Japan,0.7568190917853489
101,semi_final,Japan,Norway,0.0005,0.5165817229429333,0.4834182770570667,1,Japan,0.5165817229429333
101,semi_final,Japan,Turkey,0.0005,0.6382429855033853,0.3617570144966147,1,Japan,0.6382429855033853
101,semi_final,Japan,Uzbekistan,0.0005,0.7808832179687338,0.2191167820312661,1,Japan,0.7808832179687338
101,semi_final,Mexico,Australia,0.0005,0.5819475139388012,0.4180524860611988,1,Mexico,0.5819475139388012
101,semi_final,Mexico,Croatia,0.0005,0.5284493774578728,0.4715506225421272,1,Mexico,0.5284493774578728
101,semi_final,Mexico,Egypt,0.0005,0.7165408716781707,0.2834591283218293,1,Mexico,0.7165408716781707
101,semi_final,Mexico,France,0.0005,0.3186712933579968,0.6813287066420032,1,France,0.6813287066420032
101,semi_final,Mexico,Japan,0.0005,0.4299416283593597,0.5700583716406402,1,Japan,0.5700583716406402
101,semi_final,Mexico,Senegal,0.0005,0.6035669214969015,0.3964330785030985,1,Mexico,0.6035669214969015
101,semi_final,Mexico,South Korea,0.0005,0.6418398825977074,0.3581601174022926,1,Mexico,0.6418398825977074
101,semi_final,Mexico,Switzerland,0.0005,0.5169743915568549,0.4830256084431451,1,Mexico,0.5169743915568549
101,semi_final,Mexico,Uruguay,0.0005,0.5827992089002594,0.4172007910997406,1,Mexico,0.5827992089002594
101,semi_final,Morocco,Canada,0.0005,0.6790624791977216,0.3209375208022784,1,Morocco,0.6790624791977216
101,semi_final,Morocco,Japan,0.0005,0.5115541491366451,0.4884458508633549,1,Morocco,0.5115541491366451
101,semi_final,Morocco,Switzerland,0.0005,0.5962380899205528,0.4037619100794472,1,Morocco,0.5962380899205528
101,semi_final,Netherlands,DR Congo,0.0005,0.810879643175457,0.1891203568245429,1,Netherlands,0.810879643175457
101,semi_final,Netherlands,Egypt,0.0005,0.7619250637977878,0.2380749362022122,1,Netherlands,0.7619250637977878
101,semi_final,Netherlands,Switzerland,0.0005,0.582572556015393,0.4174274439846069,1,Netherlands,0.582572556015393
101,semi_final,Norway,Austria,0.0005,0.5778307506075687,0.4221692493924313,1,Norway,0.5778307506075687
101,semi_final,Norway,Bosnia and Herzegovina,0.0005,0.8762580352407181,0.1237419647592819,1,Norway,0.8762580352407181
101,semi_final,Norway,Canada,0.0005,0.6609814789276468,0.3390185210723532,1,Norway,0.6609814789276468
101,semi_final,Norway,United States,0.0005,0.6763808632370946,0.3236191367629054,1,Norway,0.6763808632370946
101,semi_final,Norway,Uzbekistan,0.0005,0.7711032864553748,0.2288967135446251,1,Norway,0.7711032864553748
101,semi_final,Paraguay,Belgium,0.0005,0.2447198443729697,0.7552801556270302,1,Belgium,0.7552801556270302
101,semi_final,Paraguay,Croatia,0.0005,0.3232417772285877,0.6767582227714122,1,Croatia,0.6767582227714122
101,semi_final,Paraguay,England,0.0005,0.1920114445082039,0.807988555491796,1,England,0.807988555491796
101,semi_final,Paraguay,Norway,0.0005,0.2528021448700891,0.7471978551299109,1,Norway,0.7471978551299109
101,semi_final,Paraguay,United States,0.0005,0.4078371166744859,0.5921628833255141,1,United States,0.5921628833255141
101,semi_final,Scotland,Algeria,0.0005,0.3833621032970921,0.6166378967029079,1,Algeria,0.6166378967029079
101,semi_final,Scotland,Austria,0.0005,0.3572680115313867,0.6427319884686133,1,Austria,0.6427319884686133
101,semi_final,Scotland,Canada,0.0005,0.4429167710322584,0.5570832289677415,1,Canada,0.5570832289677415
101,semi_final,Scotland,Croatia,0.0005,0.3637232636623572,0.6362767363376427,1,Croatia,0.6362767363376427
101,semi_final,Scotland,Czech Republic,0.0005,0.5398672439113786,0.4601327560886213,1,Scotland,0.5398672439113786
101,semi_final,Scotland,Ecuador,0.0005,0.3466836631045802,0.6533163368954198,1,Ecuador,0.6533163368954198
101,semi_final,Scotland,France,0.0005,0.1951176643439068,0.8048823356560931,1,France,0.8048823356560931
101,semi_final,Scotland,Jordan,0.0005,0.6710937412044788,0.3289062587955211,1,Scotland,0.6710937412044788
101,semi_final,Scotland,Norway,0.0005,0.2854032920802536,0.7145967079197464,1,Norway,0.7145967079197464
101,semi_final,Senegal,Canada,0.0005,0.50312026938785,0.4968797306121499,1,Senegal,0.50312026938785
101,semi_final,Senegal,Egypt,0.0005,0.6253567545147501,0.3746432454852498,1,Senegal,0.6253567545147501
101,semi_final,Senegal,Iran,0.0005,0.4896034543251663,0.5103965456748337,1,Iran,0.5103965456748337
101,semi_final,Senegal,Mexico,0.0005,0.3964330785030985,0.6035669214969015,1,Mexico,0.6035669214969015
101,semi_final,Senegal,Norway,0.0005,0.3475785084574729,0.652421491542527,1,Norway,0.652421491542527
101,semi_final,Senegal,South Korea,0.0005,0.5420096181757108,0.4579903818242892,1,Senegal,0.5420096181757108
101,semi_final,Senegal,Switzerland,0.0005,0.4163841144684161,0.5836158855315838,1,Switzerland,0.5836158855315838
101,semi_final,South Africa,Austria,0.0005,0.1536264262135545,0.8463735737864455,1,Austria,0.8463735737864455
101,semi_final,South Africa,Spain,0.0005,0.0611023415650401,0.93889765843496,1,Spain,0.93889765843496
101,semi_final,South Korea,Australia,0.0005,0.4362340228634425,0.5637659771365575,1,Australia,0.5637659771365575
101,semi_final,South Korea,Bosnia and Herzegovina,0.0005,0.7555221285344624,0.2444778714655375,1,South Korea,0.7555221285344624
101,semi_final,South Korea,Czech Republic,0.0005,0.5635060654311812,0.4364939345688188,1,South Korea,0.5635060654311812
101,semi_final,South Korea,Ecuador,0.0005,0.3656711998228385,0.6343288001771614,1,Ecuador,0.6343288001771614
101,semi_final,South Korea,France,0.0005,0.2129585792755789,0.7870414207244211,1,France,0.7870414207244211
101,semi_final,South Korea,Germany,0.0005,0.2644976020596729,0.7355023979403271,1,Germany,0.7355023979403271
101,semi_final,South Korea,Mexico,0.0005,0.3581601174022926,0.6418398825977074,1,Mexico,0.6418398825977074
101,semi_final,South Korea,Netherlands,0.0005,0.3019081399678917,0.6980918600321082,1,Netherlands,0.6980918600321082
101,semi_final,South Korea,Panama,0.0005,0.6464897841058481,0.3535102158941519,1,South Korea,0.6464897841058481
101,semi_final,South Korea,Portugal,0.0005,0.2579104049370596,0.7420895950629404,1,Portugal,0.7420895950629404
101,semi_final,South Korea,Uruguay,0.0005,0.4391951388213507,0.5608048611786494,1,Uruguay,0.5608048611786494
101,semi_final,Spain,Argentina,0.0005,0.5036411800878304,0.4963588199121695,1,Spain,0.5036411800878304
101,semi_final,Spain,Portugal,0.0005,0.6808348554203627,0.3191651445796373,1,Spain,0.6808348554203627
101,semi_final,Spain,United States,0.0005,0.8512546437124492,0.1487453562875508,1,Spain,0.8512546437124492
101,semi_final,Sweden,Austria,0.0005,0.3173992801922876,0.6826007198077124,1,Austria,0.6826007198077124
101,semi_final,Sweden,Colombia,0.0005,0.2196895357791611,0.7803104642208388,1,Colombia,0.7803104642208388
101,semi_final,Sweden,Croatia,0.0005,0.3243812230257868,0.6756187769742131,1,Croatia,0.6756187769742131
101,semi_final,Sweden,Mexico,0.0005,0.3007771950922049,0.6992228049077951,1,Mexico,0.6992228049077951
101,semi_final,Sweden,Norway,0.0005,0.2489232988178104,0.7510767011821895,1,Norway,0.7510767011821895
101,semi_final,Sweden,Switzerland,0.0005,0.3143930376716579,0.6856069623283421,1,Switzerland,0.6856069623283421
101,semi_final,Sweden,United States,0.0005,0.4117882440910836,0.5882117559089164,1,United States,0.5882117559089164
101,semi_final,Sweden,Uruguay,0.0005,0.3811117927750516,0.6188882072249484,1,Uruguay,0.6188882072249484
101,semi_final,Switzerland,Algeria,0.0005,0.5304638999308073,0.4695361000691926,1,Switzerland,0.5304638999308073
101,semi_final,Switzerland,Canada,0.0005,0.5927536671362984,0.4072463328637016,1,Switzerland,0.5927536671362984
101,semi_final,Switzerland,Croatia,0.0005,0.5114766299486746,0.4885233700513254,1,Switzerland,0.5114766299486746
101,semi_final,Switzerland,Czech Republic,0.0005,0.680340060446364,0.319659939553636,1,Switzerland,0.680340060446364
101,semi_final,Switzerland,France,0.0005,0.302745887825617,0.6972541121743829,1,France,0.6972541121743829
101,semi_final,Switzerland,Germany,0.0005,0.3729177845679968,0.6270822154320033,1,Germany,0.6270822154320033
101,semi_final,Switzerland,Turkey,0.0005,0.5510183630276749,0.448981636972325,1,Switzerland,0.5510183630276749
101,semi_final,Switzerland,Uzbekistan,0.0005,0.7125533399250342,0.2874466600749658,1,Switzerland,0.7125533399250342
101,semi_final,Tunisia,Algeria,0.0005,0.1934512313132878,0.8065487686867121,1,Algeria,0.8065487686867121
101,semi_final,Turkey,Algeria,0.0005,0.4804573998739981,0.5195426001260018,1,Algeria,0.5195426001260018
101,semi_final,Turkey,Colombia,0.0005,0.3326123279092323,0.6673876720907677,1,Colombia,0.6673876720907677
101,semi_final,Turkey,Germany,0.0005,0.3250632573468024,0.6749367426531976,1,Germany,0.6749367426531976
101,semi_final,Turkey,South Korea,0.0005,0.5760471343909548,0.4239528656090452,1,Turkey,0.5760471343909548
101,semi_final,United States,Algeria,0.0005,0.427717599355426,0.5722824006445739,1,Algeria,0.5722824006445739
101,semi_final,United States,Argentina,0.0005,0.1509487716496702,0.8490512283503298,1,Argentina,0.8490512283503298
101,semi_final,United States,Austria,0.0005,0.4004911595617028,0.5995088404382971,1,Austria,0.5995088404382971
101,semi_final,United States,Belgium,0.0005,0.3135038835148105,0.6864961164851895,1,Belgium,0.6864961164851895
101,semi_final,United States,Ecuador,0.0005,0.3910927664986768,0.6089072335013233,1,Ecuador,0.6089072335013233
101,semi_final,United States,Egypt,0.0005,0.6090636731622341,0.3909363268377659,1,United States,0.6090636731622341
101,semi_final,United States,Mexico,0.0005,0.3805993739468181,0.6194006260531819,1,Mexico,0.6194006260531819
101,semi_final,Uruguay,Croatia,0.0005,0.4426319299656845,0.5573680700343154,1,Croatia,0.5573680700343154
101,semi_final,Uruguay,Portugal,0.0005,0.3057148687683689,0.6942851312316312,1,Portugal,0.6942851312316312
102,semi_final,England,Argentina,0.044,0.3502533014160435,0.6497466985839565,88,Argentina,0.6497466985839565
102,semi_final,France,Argentina,0.023,0.3893396037988301,0.6106603962011699,46,Argentina,0.6106603962011699
102,semi_final,Morocco,Argentina,0.0225,0.2949858198885928,0.7050141801114072,45,Argentina,0.7050141801114072
102,semi_final,Germany,Argentina,0.022,0.3106139261937999,0.6893860738062001,44,Argentina,0.6893860738062001
102,semi_final,Mexico,Argentina,0.019,0.2297014591065931,0.7702985408934069,38,Argentina,0.7702985408934069
102,semi_final,Brazil,Argentina,0.0175,0.3286788250287324,0.6713211749712675,35,Argentina,0.6713211749712675
102,semi_final,Norway,Argentina,0.017,0.2682931865706414,0.7317068134293585,34,Argentina,0.7317068134293585
102,semi_final,England,Portugal,0.0165,0.5319558927499513,0.4680441072500487,33,England,0.5319558927499513
102,semi_final,Netherlands,Argentina,0.015,0.2746512471607698,0.7253487528392302,30,Argentina,0.7253487528392302
102,semi_final,England,Belgium,0.0135,0.5828030831032546,0.4171969168967454,27,England,0.5828030831032546
102,semi_final,England,Colombia,0.0135,0.5435005704795601,0.4564994295204398,27,England,0.5435005704795601
102,semi_final,Japan,Argentina,0.0135,0.2826527020030189,0.717347297996981,27,Argentina,0.717347297996981
102,semi_final,Croatia,Argentina,0.0115,0.2074395321857029,0.7925604678142971,23,Argentina,0.7925604678142971
102,semi_final,Ecuador,Argentina,0.0115,0.2261894851258298,0.7738105148741702,23,Argentina,0.7738105148741702
102,semi_final,Morocco,Spain,0.0115,0.2999054838191679,0.7000945161808321,23,Spain,0.7000945161808321
102,semi_final,England,Algeria,0.011,0.6873664272817332,0.3126335727182667,22,England,0.6873664272817332
102,semi_final,England,Spain,0.011,0.349386792584635,0.650613207415365,22,Spain,0.650613207415365
102,semi_final,France,Portugal,0.011,0.5701869126483898,0.4298130873516101,22,France,0.5701869126483898
102,semi_final,Germany,Portugal,0.009,0.4900563816683013,0.5099436183316988,18,Portugal,0.5099436183316988
102,semi_final,Morocco,Portugal,0.009,0.4664412203511948,0.5335587796488053,18,Portugal,0.5335587796488053
102,semi_final,Colombia,Argentina,0.0085,0.3111625984401425,0.6888374015598575,17,Argentina,0.6888374015598575
102,semi_final,France,Belgium,0.0085,0.6154139434718525,0.3845860565281475,17,France,0.6154139434718525
102,semi_final,Portugal,Argentina,0.0085,0.3208842581946012,0.6791157418053988,17,Argentina,0.6791157418053988
102,semi_final,England,Austria,0.008,0.667222921885506,0.332777078114494,16,England,0.667222921885506
102,semi_final,Morocco,Austria,0.008,0.6070412603372152,0.3929587396627848,16,Morocco,0.6070412603372152
102,semi_final,Spain,Argentina,0.008,0.5036411800878304,0.4963588199121695,16,Spain,0.5036411800878304
102,semi_final,Brazil,Portugal,0.0075,0.5038340158816202,0.4961659841183797,15,Brazil,0.5038340158816202
102,semi_final,France,Spain,0.0075,0.3826772296872214,0.6173227703127786,15,Spain,0.6173227703127786
102,semi_final,France,Algeria,0.007,0.7083773545337946,0.2916226454662054,14,France,0.7083773545337946
102,semi_final,Germany,Spain,0.007,0.3107016350764575,0.6892983649235425,14,Spain,0.6892983649235425
102,semi_final,Ivory Coast,Argentina,0.007,0.1686580512378718,0.8313419487621282,14,Argentina,0.8313419487621282
102,semi_final,Morocco,Algeria,0.007,0.6316829775356583,0.3683170224643417,14,Morocco,0.6316829775356583
102,semi_final,Netherlands,Spain,0.007,0.273151837060765,0.7268481629392349,14,Spain,0.7268481629392349
102,semi_final,Germany,Belgium,0.0065,0.5383278802447928,0.4616721197552071,13,Germany,0.5383278802447928
102,semi_final,England,Switzerland,0.006,0.6615611801653867,0.3384388198346133,12,England,0.6615611801653867
102,semi_final,France,Switzerland,0.006,0.6972541121743829,0.302745887825617,12,France,0.6972541121743829
102,semi_final,Germany,Colombia,0.006,0.5058761411330285,0.4941238588669715,12,Germany,0.5058761411330285
102,semi_final,Morocco,Belgium,0.006,0.518664754706842,0.4813352452931579,12,Morocco,0.518664754706842
102,semi_final,Senegal,Argentina,0.006,0.1678976751826298,0.8321023248173701,12,Argentina,0.8321023248173701
102,semi_final,Brazil,Belgium,0.0055,0.5522777230228455,0.4477222769771545,11,Brazil,0.5522777230228455
102,semi_final,Ecuador,Portugal,0.0055,0.3758770006130358,0.6241229993869641,11,Portugal,0.6241229993869641
102,semi_final,England,United States,0.0055,0.7498732242400163,0.2501267757599836,11,England,0.7498732242400163
102,semi_final,Norway,Spain,0.0055,0.2712914493733124,0.7287085506266875,11,Spain,0.7287085506266875
102,semi_final,England,Canada,0.005,0.737446324892239,0.2625536751077609,10,England,0.737446324892239
102,semi_final,England,Turkey,0.005,0.7062966445459758,0.2937033554540241,10,England,0.7062966445459758
102,semi_final,England,Uruguay,0.005,0.7153853721390928,0.2846146278609072,10,England,0.7153853721390928
102,semi_final,France,Austria,0.005,0.6937631089643165,0.3062368910356835,10,France,0.6937631089643165
102,semi_final,France,Colombia,0.005,0.5856439509735623,0.4143560490264377,10,France,0.5856439509735623
102,semi_final,Germany,Algeria,0.005,0.6446525051460171,0.3553474948539828,10,Germany,0.6446525051460171
102,semi_final,Ivory Coast,Belgium,0.005,0.3369816690868308,0.6630183309131692,10,Belgium,0.6630183309131692
102,semi_final,Ivory Coast,Portugal,0.005,0.2965167682252421,0.7034832317747579,10,Portugal,0.7034832317747579
102,semi_final,Mexico,Algeria,0.005,0.551676448389302,0.448323551610698,10,Mexico,0.551676448389302
102,semi_final,Mexico,Portugal,0.005,0.3832179900101784,0.6167820099898216,10,Portugal,0.6167820099898216
102,semi_final,Netherlands,Algeria,0.005,0.605889073884342,0.394110926115658,10,Netherlands,0.605889073884342
102,semi_final,Netherlands,Belgium,0.005,0.4935662923358206,0.5064337076641794,10,Belgium,0.5064337076641794
102,semi_final,Colombia,Belgium,0.0045,0.5344695398217677,0.4655304601782323,9,Colombia,0.5344695398217677
102,semi_final,Colombia,Portugal,0.0045,0.4851277415658507,0.5148722584341493,9,Portugal,0.5148722584341493
102,semi_final,England,Australia,0.0045,0.7160146335379615,0.2839853664620385,9,England,0.7160146335379615
102,semi_final,England,Croatia,0.0045,0.6717770142524859,0.3282229857475141,9,England,0.6717770142524859
102,semi_final,England,Iran,0.0045,0.7252487156592942,0.2747512843407058,9,England,0.7252487156592942
102,semi_final,Germany,Iran,0.0045,0.6880639544182081,0.3119360455817919,9,Germany,0.6880639544182081
102,semi_final,Japan,Portugal,0.0045,0.454115644037336,0.5458843559626639,9,Portugal,0.5458843559626639
102,semi_final,Mexico,Spain,0.0045,0.2272840583306689,0.7727159416693311,9,Spain,0.7727159416693311
102,semi_final,South Korea,Argentina,0.0045,0.1420312711509165,0.8579687288490835,9,Argentina,0.8579687288490835
102,semi_final,Brazil,Colombia,0.004,0.5191582659014742,0.4808417340985258,8,Brazil,0.5191582659014742
102,semi_final,England,France,0.004,0.4592874240705129,0.5407125759294871,8,France,0.5407125759294871
102,semi_final,France,Canada,0.004,0.7662779802306469,0.2337220197693531,8,France,0.7662779802306469
102,semi_final,Germany,Austria,0.004,0.6260721754953177,0.3739278245046823,8,Germany,0.6260721754953177
102,semi_final,Japan,Algeria,0.004,0.6169532343531656,0.3830467656468344,8,Japan,0.6169532343531656
102,semi_final,Japan,Belgium,0.004,0.504326817326342,0.495673182673658,8,Japan,0.504326817326342
102,semi_final,Mexico,Belgium,0.004,0.4327787218025992,0.5672212781974009,8,Belgium,0.5672212781974009
102,semi_final,Norway,Portugal,0.004,0.4387997217118703,0.5612002782881297,8,Portugal,0.5612002782881297
102,semi_final,Croatia,Spain,0.0035,0.2049827923138558,0.7950172076861441,7,Spain,0.7950172076861441
102,semi_final,Germany,Switzerland,0.0035,0.6270822154320032,0.3729177845679968,7,Germany,0.6270822154320032
102,semi_final,Mexico,Colombia,0.0035,0.3960137450839815,0.6039862549160184,7,Colombia,0.6039862549160184
102,semi_final,Mexico,Switzerland,0.0035,0.5169743915568549,0.4830256084431451,7,Mexico,0.5169743915568549
102,semi_final,Netherlands,Portugal,0.0035,0.4445863659744167,0.5554136340255833,7,Portugal,0.5554136340255833
102,semi_final,Portugal,Algeria,0.0035,0.6549551866944877,0.3450448133055123,7,Portugal,0.6549551866944877
102,semi_final,Senegal,Portugal,0.0035,0.2963383713454552,0.7036616286545447,7,Portugal,0.7036616286545447
102,semi_final,Uruguay,Argentina,0.0035,0.1759488899695264,0.8240511100304735,7,Argentina,0.8240511100304735
102,semi_final,Brazil,Spain,0.003,0.3211409970840203,0.6788590029159797,6,Spain,0.6788590029159797
102,semi_final,Ecuador,Spain,0.003,0.2205521535594985,0.7794478464405015,6,Spain,0.7794478464405015
102,semi_final,France,Iran,0.003,0.7462419432453634,0.2537580567546366,6,France,0.7462419432453634
102,semi_final,Japan,Canada,0.003,0.6735771735247679,0.3264228264752321,6,Japan,0.6735771735247679
102,semi_final,Japan,France,0.003,0.3859328580126611,0.6140671419873389,6,France,0.6140671419873389
102,semi_final,Japan,Spain,0.003,0.2838325336943242,0.7161674663056758,6,Spain,0.7161674663056758
102,semi_final,Morocco,Australia,0.003,0.6566832781146792,0.3433167218853208,6,Morocco,0.6566832781146792
102,semi_final,Morocco,Canada,0.003,0.6790624791977216,0.3209375208022784,6,Morocco,0.6790624791977216
102,semi_final,Morocco,Colombia,0.003,0.4760490749972408,0.5239509250027592,6,Colombia,0.5239509250027592
102,semi_final,Morocco,Switzerland,0.003,0.5962380899205528,0.4037619100794472,6,Morocco,0.5962380899205528
102,semi_final,Morocco,Uruguay,0.003,0.6513203764426287,0.3486796235573712,6,Morocco,0.6513203764426287
102,semi_final,Netherlands,Colombia,0.003,0.4599701935700265,0.5400298064299736,6,Colombia,0.5400298064299736
102,semi_final,Brazil,Algeria,0.0025,0.6570703673675887,0.3429296326324113,5,Brazil,0.6570703673675887
102,semi_final,Brazil,Austria,0.0025,0.6378355718505213,0.3621644281494787,5,Brazil,0.6378355718505213
102,semi_final,Brazil,France,0.0025,0.4327277405038423,0.5672722594961577,5,France,0.5672722594961577
102,semi_final,Colombia,Spain,0.0025,0.3053009347004959,0.6946990652995041,5,Spain,0.6946990652995041
102,semi_final,England,Egypt,0.0025,0.8194161835465419,0.1805838164534581,5,England,0.8194161835465419
102,semi_final,France,England,0.0025,0.5407125759294871,0.4592874240705129,5,France,0.5407125759294871
102,semi_final,France,Turkey,0.0025,0.7388453669217105,0.2611546330782894,5,France,0.7388453669217105
102,semi_final,Ivory Coast,Algeria,0.0025,0.4461823985585446,0.5538176014414554,5,Algeria,0.5538176014414554
102,semi_final,Ivory Coast,Colombia,0.0025,0.3089151334589625,0.6910848665410375,5,Colombia,0.6910848665410375
102,semi_final,Ivory Coast,Spain,0.0025,0.1764558064505118,0.8235441935494883,5,Spain,0.8235441935494883
102,semi_final,Japan,Austria,0.0025,0.594278257190124,0.405721742809876,5,Japan,0.594278257190124
102,semi_final,Japan,Colombia,0.0025,0.4673406595429231,0.5326593404570769,5,Colombia,0.5326593404570769
102,semi_final,Mexico,Canada,0.0025,0.6088294512532392,0.3911705487467608,5,Mexico,0.6088294512532392
102,semi_final,Morocco,France,0.0025,0.3974572216665097,0.6025427783334902,5,France,0.6025427783334902
102,semi_final,Morocco,Iran,0.0025,0.6710029891539699,0.32899701084603,5,Morocco,0.6710029891539699
102,semi_final,Netherlands,Austria,0.0025,0.5841155731875947,0.4158844268124053,5,Netherlands,0.5841155731875947
102,semi_final,Netherlands,Croatia,0.0025,0.5936159980412593,0.4063840019587407,5,Netherlands,0.5936159980412593
102,semi_final,Norway,Algeria,0.0025,0.5992989949078595,0.4007010050921404,5,Norway,0.5992989949078595
102,semi_final,Norway,Croatia,0.0025,0.5871418293416865,0.4128581706583135,5,Norway,0.5871418293416865
102,semi_final,Norway,France,0.0025,0.3731989438321643,0.6268010561678357,5,France,0.6268010561678357
102,semi_final,Norway,Uruguay,0.0025,0.6376019105087947,0.3623980894912053,5,Norway,0.6376019105087947
102,semi_final,Portugal,Spain,0.0025,0.3191651445796372,0.6808348554203627,5,Spain,0.6808348554203627
102,semi_final,South Korea,Belgium,0.0025,0.295852014686533,0.7041479853134669,5,Belgium,0.7041479853134669
102,semi_final,Spain,Colombia,0.0025,0.694699065299504,0.305300934700496,5,Spain,0.694699065299504
102,semi_final,Brazil,Iran,0.002,0.6966373075984648,0.3033626924015352,4,Brazil,0.6966373075984648
102,semi_final,Ecuador,Belgium,0.002,0.4270448281200856,0.5729551718799144,4,Belgium,0.5729551718799144
102,semi_final,Ecuador,Iran,0.002,0.5884013710594564,0.4115986289405435,4,Ecuador,0.5884013710594564
102,semi_final,England,DR Congo,0.002,0.8594971183416609,0.1405028816583391,4,England,0.8594971183416609
102,semi_final,England,Uzbekistan,0.002,0.8287599520787244,0.1712400479212755,4,England,0.8287599520787244
102,semi_final,France,Australia,0.002,0.7442911633850414,0.2557088366149586,4,France,0.7442911633850414
102,semi_final,France,Egypt,0.002,0.8317953957546352,0.1682046042453647,4,France,0.8317953957546352
102,semi_final,France,United States,0.002,0.7785066247706719,0.2214933752293281,4,France,0.7785066247706719
102,semi_final,Germany,Croatia,0.002,0.6376517400981994,0.3623482599018006,4,Germany,0.6376517400981994
102,semi_final,Germany,United States,0.002,0.7218320505053278,0.2781679494946721,4,Germany,0.7218320505053278
102,semi_final,Germany,Uruguay,0.002,0.6868377826144028,0.3131622173855972,4,Germany,0.6868377826144028
102,semi_final,Iraq,Colombia,0.002,0.1275281170852301,0.8724718829147698,4,Colombia,0.8724718829147698
102,semi_final,Japan,Australia,0.002,0.6490131339037692,0.3509868660962307,4,Japan,0.6490131339037692
102,semi_final,Japan,Croatia,0.002,0.6002750789326254,0.3997249210673745,4,Japan,0.6002750789326254
102,semi_final,Japan,England,0.002,0.4221278680884,0.5778721319116,4,England,0.5778721319116
102,semi_final,Mexico,Austria,0.002,0.5249656374499652,0.4750343625500348,4,Mexico,0.5249656374499652
102,semi_final,Mexico,Ecuador,0.002,0.5071213304136917,0.4928786695863083,4,Mexico,0.5071213304136917
102,semi_final,Mexico,Turkey,0.002,0.5672713946185571,0.4327286053814428,4,Mexico,0.5672713946185571
102,semi_final,Mexico,Uruguay,0.002,0.5827992089002594,0.4172007910997406,4,Mexico,0.5827992089002594
102,semi_final,Morocco,United States,0.002,0.6922952120368675,0.3077047879631325,4,Morocco,0.6922952120368675
102,semi_final,Netherlands,Iran,0.002,0.6493329625539129,0.350667037446087,4,Netherlands,0.6493329625539129
102,semi_final,Netherlands,Norway,0.002,0.5058445537066099,0.4941554462933901,4,Netherlands,0.5058445537066099
102,semi_final,Netherlands,United States,0.002,0.6817448769526157,0.3182551230473843,4,Netherlands,0.6817448769526157
102,semi_final,Norway,Austria,0.002,0.5778307506075687,0.4221692493924313,4,Norway,0.5778307506075687
102,semi_final,Norway,Belgium,0.002,0.4872773310783438,0.5127226689216562,4,Belgium,0.5127226689216562
102,semi_final,Norway,Colombia,0.002,0.453837430533565,0.5461625694664349,4,Colombia,0.5461625694664349
102,semi_final,Norway,Switzerland,0.002,0.5760801599693844,0.4239198400306155,4,Norway,0.5760801599693844
102,semi_final,Scotland,Argentina,0.002,0.1299639808350928,0.8700360191649072,4,Argentina,0.8700360191649072
102,semi_final,Scotland,Portugal,0.002,0.238702541184395,0.761297458815605,4,Portugal,0.761297458815605
102,semi_final,South Korea,Portugal,0.002,0.2579104049370596,0.7420895950629404,4,Portugal,0.7420895950629404
102,semi_final,Uruguay,Spain,0.002,0.1713331380407215,0.8286668619592785,4,Spain,0.8286668619592785
102,semi_final,Brazil,Canada,0.0015,0.717031088050959,0.2829689119490409,3,Brazil,0.717031088050959
102,semi_final,Brazil,Switzerland,0.0015,0.6377952462037213,0.3622047537962787,3,Brazil,0.6377952462037213
102,semi_final,Brazil,Turkey,0.0015,0.6833414227541355,0.3166585772458645,3,Brazil,0.6833414227541355
102,semi_final,Colombia,Austria,0.0015,0.622129951420523,0.377870048579477,3,Colombia,0.622129951420523
102,semi_final,Colombia,Egypt,0.0015,0.7861895065521152,0.2138104934478848,3,Colombia,0.7861895065521152
102,semi_final,Colombia,United States,0.0015,0.7136916040075432,0.2863083959924568,3,Colombia,0.7136916040075432
102,semi_final,Croatia,Belgium,0.0015,0.4015175532922971,0.5984824467077028,3,Belgium,0.5984824467077028
102,semi_final,Croatia,Colombia,0.0015,0.3688691427214712,0.6311308572785288,3,Colombia,0.6311308572785288
102,semi_final,Croatia,France,0.0015,0.2934867907849141,0.7065132092150859,3,France,0.7065132092150859
102,semi_final,Croatia,Switzerland,0.0015,0.4885233700513253,0.5114766299486747,3,Switzerland,0.5114766299486747
102,semi_final,Croatia,United States,0.0015,0.5930091578568719,0.4069908421431281,3,Croatia,0.5930091578568719
102,semi_final,Ecuador,Colombia,0.0015,0.38691123975755,0.61308876024245,3,Colombia,0.61308876024245
102,semi_final,Ecuador,Croatia,0.0015,0.5193225784438985,0.4806774215561015,3,Ecuador,0.5193225784438985
102,semi_final,Ecuador,Egypt,0.0015,0.7116629094613313,0.2883370905386687,3,Ecuador,0.7116629094613313
102,semi_final,Ecuador,France,0.0015,0.3094850096817192,0.6905149903182808,3,France,0.6905149903182808
102,semi_final,Ecuador,Switzerland,0.0015,0.5076933501333292,0.4923066498666708,3,Ecuador,0.5076933501333292
102,semi_final,France,Croatia,0.0015,0.7065132092150861,0.2934867907849139,3,France,0.7065132092150861
102,semi_final,France,Uruguay,0.0015,0.7521619179742991,0.2478380820257009,3,France,0.7521619179742991
102,semi_final,Ivory Coast,England,0.0015,0.2678165969328401,0.7321834030671599,3,England,0.7321834030671599
102,semi_final,Ivory Coast,United States,0.0015,0.5178188590487883,0.4821811409512117,3,Ivory Coast,0.5178188590487883
102,semi_final,Japan,Uruguay,0.0015,0.6493090205296457,0.3506909794703543,3,Japan,0.6493090205296457
102,semi_final,Morocco,Croatia,0.0015,0.607184798951727,0.392815201048273,3,Morocco,0.607184798951727
102,semi_final,Morocco,Egypt,0.0015,0.7790286590357367,0.2209713409642633,3,Morocco,0.7790286590357367
102,semi_final,Morocco,Turkey,0.0015,0.6441239117528219,0.3558760882471781,3,Morocco,0.6441239117528219
102,semi_final,Netherlands,England,0.0015,0.4138619339397386,0.5861380660602613,3,England,0.5861380660602613
102,semi_final,Netherlands,Switzerland,0.0015,0.582572556015393,0.4174274439846069,3,Netherlands,0.582572556015393
102,semi_final,Netherlands,Uruguay,0.0015,0.6462895786769144,0.3537104213230856,3,Netherlands,0.6462895786769144
102,semi_final,Portugal,Austria,0.0015,0.6358360857815829,0.3641639142184171,3,Portugal,0.6358360857815829
102,semi_final,Portugal,Iran,0.0015,0.6965776093003863,0.3034223906996137,3,Portugal,0.6965776093003863
102,semi_final,Portugal,Switzerland,0.0015,0.6352164012071734,0.3647835987928266,3,Portugal,0.6352164012071734
102,semi_final,Portugal,Uruguay,0.0015,0.6942851312316312,0.3057148687683688,3,Portugal,0.6942851312316312
102,semi_final,Scotland,Colombia,0.0015,0.2523572418816424,0.7476427581183576,3,Colombia,0.7476427581183576
102,semi_final,Scotland,Spain,0.0015,0.1306896493833094,0.8693103506166906,3,Spain,0.8693103506166906
102,semi_final,Senegal,Austria,0.0015,0.4205184278143719,0.5794815721856281,3,Austria,0.5794815721856281
102,semi_final,Senegal,Spain,0.0015,0.175792476901529,0.824207523098471,3,Spain,0.824207523098471
102,semi_final,South Korea,Canada,0.0015,0.464224153464603,0.535775846535397,3,Canada,0.535775846535397
102,semi_final,South Korea,Iran,0.0015,0.4474483049004146,0.5525516950995855,3,Iran,0.5525516950995855
102,semi_final,Spain,Australia,0.0015,0.8217449156889214,0.1782550843110786,3,Spain,0.8217449156889214
102,semi_final,Spain,Turkey,0.0015,0.8209822422502993,0.1790177577497007,3,Spain,0.8209822422502993
102,semi_final,Sweden,Portugal,0.0015,0.2060232804133542,0.7939767195866458,3,Portugal,0.7939767195866458
102,semi_final,Uruguay,Portugal,0.0015,0.3057148687683689,0.6942851312316312,3,Portugal,0.6942851312316312
102,semi_final,Argentina,Iran,0.001,0.8278198567650538,0.1721801432349462,2,Argentina,0.8278198567650538
102,semi_final,Brazil,Croatia,0.001,0.6481040611405334,0.3518959388594666,2,Brazil,0.6481040611405334
102,semi_final,Brazil,Ecuador,0.001,0.6320351563174995,0.3679648436825005,2,Brazil,0.6320351563174995
102,semi_final,Brazil,Uruguay,0.001,0.6997484177052177,0.3002515822947823,2,Brazil,0.6997484177052177
102,semi_final,Colombia,Canada,0.001,0.7022678359485699,0.2977321640514301,2,Colombia,0.7022678359485699
102,semi_final,Colombia,Croatia,0.001,0.6311308572785289,0.3688691427214711,2,Colombia,0.6311308572785289
102,semi_final,Colombia,DR Congo,0.001,0.8291632629374568,0.1708367370625432,2,Colombia,0.8291632629374568
102,semi_final,Colombia,England,0.001,0.4564994295204398,0.5435005704795601,2,England,0.5435005704795601
102,semi_final,Colombia,France,0.001,0.4143560490264377,0.5856439509735623,2,France,0.5856439509735623
102,semi_final,Colombia,Iran,0.001,0.6831575367444881,0.3168424632555119,2,Colombia,0.6831575367444881
102,semi_final,Croatia,Australia,0.001,0.5532264009966676,0.4467735990033323,2,Croatia,0.5532264009966676
102,semi_final,Croatia,Portugal,0.001,0.3543087552310293,0.6456912447689707,2,Portugal,0.6456912447689707
102,semi_final,Croatia,Uruguay,0.001,0.5573680700343154,0.4426319299656845,2,Croatia,0.5573680700343154
102,semi_final,Czech Republic,Argentina,0.001,0.1133839709862982,0.8866160290137017,2,Argentina,0.8866160290137017
102,semi_final,Czech Republic,Switzerland,0.001,0.319659939553636,0.6803400604463641,2,Switzerland,0.6803400604463641
102,semi_final,DR Congo,Argentina,0.001,0.0858071539560437,0.9141928460439562,2,Argentina,0.9141928460439562
102,semi_final,Ecuador,Algeria,0.001,0.5488730214614739,0.4511269785385261,2,Ecuador,0.5488730214614739
102,semi_final,Ecuador,Australia,0.001,0.575307108254859,0.424692891745141,2,Ecuador,0.575307108254859
102,semi_final,Ecuador,Austria,0.001,0.519843627727836,0.480156372272164,2,Ecuador,0.519843627727836
102,semi_final,Ecuador,Canada,0.001,0.6021126042221626,0.3978873957778374,2,Ecuador,0.6021126042221626
102,semi_final,Ecuador,Germany,0.001,0.3847896290144285,0.6152103709855714,2,Germany,0.6152103709855714
102,semi_final,England,Ecuador,0.001,0.6478847036733667,0.3521152963266333,2,England,0.6478847036733667
102,semi_final,England,Panama,0.001,0.8576779259257524,0.1423220740742475,2,England,0.8576779259257524
102,semi_final,England,Paraguay,0.001,0.8079885554917959,0.192011444508204,2,England,0.8079885554917959
102,semi_final,Germany,Australia,0.001,0.6822081450214091,0.3177918549785908,2,Germany,0.6822081450214091
102,semi_final,Germany,Ecuador,0.001,0.6152103709855715,0.3847896290144285,2,Germany,0.6152103709855715
102,semi_final,Germany,England,0.001,0.4567229250750212,0.5432770749249787,2,England,0.5432770749249787
102,semi_final,Germany,Norway,0.001,0.5509906922313266,0.4490093077686734,2,Germany,0.5509906922313266
102,semi_final,Ivory Coast,Australia,0.001,0.4761610312545742,0.5238389687454257,2,Australia,0.5238389687454257
102,semi_final,Ivory Coast,Switzerland,0.001,0.4155776500850098,0.5844223499149901,2,Switzerland,0.5844223499149901
102,semi_final,Ivory Coast,Turkey,0.001,0.4647815858978095,0.5352184141021905,2,Turkey,0.5352184141021905
102,semi_final,Ivory Coast,Uruguay,0.001,0.4744909382311891,0.5255090617688108,2,Uruguay,0.5255090617688108
102,semi_final,Ivory Coast,Uzbekistan,0.001,0.6375906257212475,0.3624093742787525,2,Ivory Coast,0.6375906257212475
102,semi_final,Japan,Switzerland,0.001,0.5892634409750469,0.4107365590249531,2,Japan,0.5892634409750469
102,semi_final,Japan,Turkey,0.001,0.6382429855033853,0.3617570144966147,2,Japan,0.6382429855033853
102,semi_final,Mexico,Croatia,0.001,0.5284493774578728,0.4715506225421272,2,Mexico,0.5284493774578728
102,semi_final,Mexico,Egypt,0.001,0.7165408716781707,0.2834591283218293,2,Mexico,0.7165408716781707
102,semi_final,Mexico,United States,0.001,0.6194006260531819,0.3805993739468181,2,Mexico,0.6194006260531819
102,semi_final,Netherlands,Australia,0.001,0.6419140323797065,0.3580859676202935,2,Netherlands,0.6419140323797065
102,semi_final,Netherlands,Canada,0.001,0.6680100079052506,0.3319899920947494,2,Netherlands,0.6680100079052506
102,semi_final,Netherlands,Egypt,0.001,0.7619250637977878,0.2380749362022122,2,Netherlands,0.7619250637977878
102,semi_final,Norway,Canada,0.001,0.6609814789276468,0.3390185210723532,2,Norway,0.6609814789276468
102,semi_final,Norway,Egypt,0.001,0.7588695240965712,0.2411304759034288,2,Norway,0.7588695240965712
102,semi_final,Norway,United States,0.001,0.6763808632370946,0.3236191367629054,2,Norway,0.6763808632370946
102,semi_final,Portugal,Belgium,0.001,0.5489262773897602,0.4510737226102398,2,Portugal,0.5489262773897602
102,semi_final,Portugal,Canada,0.001,0.7142519533038479,0.285748046696152,2,Portugal,0.7142519533038479
102,semi_final,Portugal,Croatia,0.001,0.6456912447689706,0.3543087552310294,2,Portugal,0.6456912447689706
102,semi_final,Portugal,Ecuador,0.001,0.624122999386964,0.3758770006130359,2,Portugal,0.624122999386964
102,semi_final,Scotland,Algeria,0.001,0.3833621032970921,0.6166378967029079,2,Algeria,0.6166378967029079
102,semi_final,Senegal,Algeria,0.001,0.4452557708194215,0.5547442291805784,2,Algeria,0.5547442291805784
102,semi_final,Senegal,Belgium,0.001,0.3363724694824379,0.6636275305175621,2,Belgium,0.6636275305175621
102,semi_final,Senegal,Colombia,0.001,0.3094309782877278,0.6905690217122722,2,Colombia,0.6905690217122722
102,semi_final,Senegal,England,0.001,0.2673609845637714,0.7326390154362286,2,England,0.7326390154362286
102,semi_final,Senegal,Iran,0.001,0.4896034543251663,0.5103965456748337,2,Iran,0.5103965456748337
102,semi_final,Senegal,Turkey,0.001,0.4658145140737675,0.5341854859262325,2,Turkey,0.5341854859262325
102,semi_final,South Korea,Algeria,0.001,0.4042349429482656,0.5957650570517343,2,Algeria,0.5957650570517343
102,semi_final,South Korea,Colombia,0.001,0.2718021137617313,0.7281978862382688,2,Colombia,0.7281978862382688
102,semi_final,South Korea,France,0.001,0.2129585792755789,0.7870414207244211,2,France,0.7870414207244211
102,semi_final,South Korea,Spain,0.001,0.14506762004103,0.85493237995897,2,Spain,0.85493237995897
102,semi_final,South Korea,Switzerland,0.001,0.3753266834019272,0.6246733165980727,2,Switzerland,0.6246733165980727
102,semi_final,Spain,Algeria,0.001,0.7881408900851218,0.2118591099148782,2,Spain,0.7881408900851218
102,semi_final,Spain,Austria,0.001,0.7807493080650736,0.2192506919349264,2,Spain,0.7807493080650736
102,semi_final,Spain,Belgium,0.001,0.718245495628734,0.281754504371266,2,Spain,0.718245495628734
102,semi_final,Spain,Iran,0.001,0.8213146027386846,0.1786853972613153,2,Spain,0.8213146027386846
102,semi_final,Spain,Uruguay,0.001,0.8286668619592784,0.1713331380407216,2,Spain,0.8286668619592784
102,semi_final,Sweden,Argentina,0.001,0.1094867435088094,0.8905132564911906,2,Argentina,0.8905132564911906
102,semi_final,Sweden,Austria,0.001,0.3173992801922876,0.6826007198077124,2,Austria,0.6826007198077124
102,semi_final,Uruguay,Algeria,0.001,0.4724473102496866,0.5275526897503133,2,Algeria,0.5275526897503133
102,semi_final,Uruguay,Germany,0.001,0.3131622173855973,0.6868377826144026,2,Germany,0.6868377826144026
102,semi_final,Uzbekistan,Algeria,0.001,0.3133460614411402,0.6866539385588598,2,Algeria,0.6866539385588598
102,semi_final,Uzbekistan,Argentina,0.001,0.1021460682531583,0.8978539317468417,2,Argentina,0.8978539317468417
102,semi_final,Algeria,Colombia,0.0005,0.3572736665123658,0.6427263334876341,1,Colombia,0.6427263334876341
102,semi_final,Algeria,Spain,0.0005,0.2118591099148783,0.7881408900851217,1,Spain,0.7881408900851217
102,semi_final,Argentina,Ecuador,0.0005,0.7738105148741702,0.2261894851258298,1,Argentina,0.7738105148741702
102,semi_final,Argentina,Turkey,0.0005,0.8182745857930724,0.1817254142069275,1,Argentina,0.8182745857930724
102,semi_final,Austria,Argentina,0.0005,0.2135841372225659,0.786415862777434,1,Argentina,0.786415862777434
102,semi_final,Austria,Portugal,0.0005,0.3641639142184171,0.6358360857815829,1,Portugal,0.6358360857815829
102,semi_final,Austria,Switzerland,0.0005,0.4953655074381002,0.5046344925618997,1,Switzerland,0.5046344925618997
102,semi_final,Brazil,Australia,0.0005,0.6923720379244735,0.3076279620755264,1,Brazil,0.6923720379244735
102,semi_final,Brazil,DR Congo,0.0005,0.8353131541845118,0.1646868458154882,1,Brazil,0.8353131541845118
102,semi_final,Brazil,Egypt,0.0005,0.7953653053297043,0.2046346946702957,1,Brazil,0.7953653053297043
102,semi_final,Brazil,England,0.0005,0.4758916732593793,0.5241083267406206,1,England,0.5241083267406206
102,semi_final,Brazil,Germany,0.0005,0.5123837886936773,0.4876162113063227,1,Brazil,0.5123837886936773
102,semi_final,Brazil,Ivory Coast,0.0005,0.7040981157440663,0.2959018842559336,1,Brazil,0.7040981157440663
102,semi_final,Brazil,Norway,0.0005,0.56375835646923,0.43624164353077,1,Brazil,0.56375835646923
102,semi_final,Brazil,Paraguay,0.0005,0.7945700661042926,0.2054299338957074,1,Brazil,0.7945700661042926
102,semi_final,Brazil,Sweden,0.0005,0.7914761991481041,0.2085238008518959,1,Brazil,0.7914761991481041
102,semi_final,Brazil,Uzbekistan,0.0005,0.8063461258442225,0.1936538741557775,1,Brazil,0.8063461258442225
102,semi_final,Cape Verde,Spain,0.0005,0.052212378500412,0.947787621499588,1,Spain,0.947787621499588
102,semi_final,Colombia,Algeria,0.0005,0.642726333487634,0.357273666512366,1,Colombia,0.642726333487634
102,semi_final,Colombia,Sweden,0.0005,0.7803104642208388,0.2196895357791611,1,Colombia,0.7803104642208388
102,semi_final,Colombia,Switzerland,0.0005,0.6205152897156765,0.3794847102843235,1,Colombia,0.6205152897156765
102,semi_final,Croatia,Algeria,0.0005,0.5195860349191952,0.4804139650808048,1,Croatia,0.5195860349191952
102,semi_final,Croatia,England,0.0005,0.3282229857475139,0.671777014252486,1,England,0.671777014252486
102,semi_final,Croatia,Iran,0.0005,0.5630745092539704,0.4369254907460296,1,Croatia,0.5630745092539704
102,semi_final,Croatia,Iraq,0.0005,0.8097655911120586,0.1902344088879414,1,Croatia,0.8097655911120586
102,semi_final,Croatia,Turkey,0.0005,0.539602131479293,0.4603978685207069,1,Croatia,0.539602131479293
102,semi_final,Croatia,Uzbekistan,0.0005,0.7035666360534755,0.2964333639465245,1,Croatia,0.7035666360534755
102,semi_final,Czech Republic,Austria,0.0005,0.3190944078534833,0.6809055921465167,1,Austria,0.6809055921465167
102,semi_final,Czech Republic,Belgium,0.0005,0.2441533176223485,0.7558466823776515,1,Belgium,0.7558466823776515
102,semi_final,DR Congo,England,0.0005,0.1405028816583391,0.8594971183416609,1,England,0.8594971183416609
102,semi_final,DR Congo,Spain,0.0005,0.0939391847804858,0.9060608152195142,1,Spain,0.9060608152195142
102,semi_final,Ecuador,Norway,0.0005,0.4377262459402396,0.5622737540597604,1,Norway,0.5622737540597604
102,semi_final,Ecuador,Senegal,0.0005,0.5991406973158481,0.4008593026841519,1,Ecuador,0.5991406973158481
102,semi_final,Ecuador,Turkey,0.0005,0.5571738764214563,0.4428261235785437,1,Ecuador,0.5571738764214563
102,semi_final,Ecuador,United States,0.0005,0.6089072335013233,0.3910927664986767,1,Ecuador,0.6089072335013233
102,semi_final,England,Bosnia and Herzegovina,0.0005,0.9092378122894984,0.0907621877105017,1,England,0.9092378122894984
102,semi_final,England,Cape Verde,0.0005,0.9208433699039956,0.0791566300960043,1,England,0.9208433699039956
102,semi_final,England,Germany,0.0005,0.5432770749249787,0.4567229250750213,1,England,0.5432770749249787
102,semi_final,England,Ivory Coast,0.0005,0.73218340306716,0.26781659693284,1,England,0.73218340306716
102,semi_final,England,Netherlands,0.0005,0.5861380660602613,0.4138619339397387,1,England,0.5861380660602613
102,semi_final,France,DR Congo,0.0005,0.8640967832557233,0.1359032167442767,1,France,0.8640967832557233
102,semi_final,France,Ecuador,0.0005,0.6905149903182806,0.3094850096817194,1,France,0.6905149903182806
102,semi_final,France,Germany,0.0005,0.5788050982885091,0.4211949017114909,1,France,0.5788050982885091
102,semi_final,France,Ivory Coast,0.0005,0.7516311353448907,0.2483688646551093,1,France,0.7516311353448907
102,semi_final,France,Senegal,0.0005,0.7514608543810267,0.2485391456189732,1,France,0.7514608543810267
102,semi_final,France,Uzbekistan,0.0005,0.8424096824440547,0.1575903175559453,1,France,0.8424096824440547
102,semi_final,Germany,Bosnia and Herzegovina,0.0005,0.8959941162071208,0.1040058837928792,1,Germany,0.8959941162071208
102,semi_final,Germany,Canada,0.0005,0.7067558501415132,0.2932441498584868,1,Germany,0.7067558501415132
102,semi_final,Germany,France,0.0005,0.4211949017114909,0.5788050982885091,1,France,0.5788050982885091
102,semi_final,Germany,Ivory Coast,0.0005,0.6946816091101021,0.3053183908898979,1,Germany,0.6946816091101021
102,semi_final,Haiti,Argentina,0.0005,0.0583216745906649,0.941678325409335,1,Argentina,0.941678325409335
102,semi_final,Haiti,Norway,0.0005,0.1321438986179131,0.8678561013820869,1,Norway,0.8678561013820869
102,semi_final,Haiti,Portugal,0.0005,0.11441095385022,0.88558904614978,1,Portugal,0.88558904614978
102,semi_final,Iraq,Algeria,0.0005,0.1976204521085849,0.8023795478914151,1,Algeria,0.8023795478914151
102,semi_final,Iraq,Belgium,0.0005,0.1342263112305145,0.8657736887694855,1,Belgium,0.8657736887694855
102,semi_final,Ivory Coast,Austria,0.0005,0.4209172042730025,0.5790827957269975,1,Austria,0.5790827957269975
102,semi_final,Ivory Coast,Canada,0.0005,0.5022540288645849,0.4977459711354151,1,Ivory Coast,0.5022540288645849
102,semi_final,Ivory Coast,Croatia,0.0005,0.4261914682757377,0.5738085317242623,1,Croatia,0.5738085317242623
102,semi_final,Ivory Coast,France,0.0005,0.2483688646551094,0.7516311353448906,1,France,0.7516311353448906
102,semi_final,Ivory Coast,Norway,0.0005,0.3480488441110279,0.6519511558889721,1,Norway,0.6519511558889721
102,semi_final,Japan,DR Congo,0.0005,0.8195784523298005,0.1804215476701994,1,Japan,0.8195784523298005
102,semi_final,Japan,Germany,0.0005,0.4647535316664071,0.5352464683335929,1,Germany,0.5352464683335929
102,semi_final,Japan,Iran,0.0005,0.659147901148298,0.340852098851702,1,Japan,0.659147901148298
102,semi_final,Japan,New Zealand,0.0005,0.8900594875954996,0.1099405124045004,1,Japan,0.8900594875954996
102,semi_final,Japan,Norway,0.0005,0.5165817229429333,0.4834182770570667,1,Japan,0.5165817229429333
102,semi_final,Japan,Senegal,0.0005,0.6677208751677816,0.3322791248322184,1,Japan,0.6677208751677816
102,semi_final,Japan,United States,0.0005,0.6873175255689746,0.3126824744310253,1,Japan,0.6873175255689746
102,semi_final,Mexico,Australia,0.0005,0.5819475139388012,0.4180524860611988,1,Mexico,0.5819475139388012
102,semi_final,Mexico,England,0.0005,0.3564193561485932,0.6435806438514067,1,England,0.6435806438514067
102,semi_final,Mexico,France,0.0005,0.3186712933579968,0.6813287066420032,1,France,0.6813287066420032
102,semi_final,Mexico,Germany,0.0005,0.3923201644078186,0.6076798355921814,1,Germany,0.6076798355921814
102,semi_final,Mexico,Ivory Coast,0.0005,0.6042495339709844,0.3957504660290156,1,Mexico,0.6042495339709844
102,semi_final,Mexico,Norway,0.0005,0.4441436045502537,0.5558563954497463,1,Norway,0.5558563954497463
102,semi_final,Mexico,Saudi Arabia,0.0005,0.8494942489588053,0.1505057510411946,1,Mexico,0.8494942489588053
102,semi_final,Morocco,Cape Verde,0.0005,0.9049800221579244,0.0950199778420756,1,Morocco,0.9049800221579244
102,semi_final,Morocco,DR Congo,0.0005,0.8299141007557784,0.1700858992442215,1,Morocco,0.8299141007557784
102,semi_final,Morocco,Ecuador,0.0005,0.5780098462447626,0.4219901537552374,1,Morocco,0.5780098462447626
102,semi_final,Morocco,Norway,0.0005,0.5305439637848259,0.469456036215174,1,Morocco,0.5305439637848259
102,semi_final,Morocco,Sweden,0.0005,0.7643396401746549,0.235660359825345,1,Morocco,0.7643396401746549
102,semi_final,Morocco,Uzbekistan,0.0005,0.788450924454928,0.2115490755450719,1,Morocco,0.788450924454928
102,semi_final,Netherlands,France,0.0005,0.3771078131301625,0.6228921868698374,1,France,0.6228921868698374
102,semi_final,Netherlands,Germany,0.0005,0.4539848133013127,0.5460151866986873,1,Germany,0.5460151866986873
102,semi_final,Netherlands,Jordan,0.0005,0.8386248419789849,0.1613751580210151,1,Netherlands,0.8386248419789849
102,semi_final,Norway,Australia,0.0005,0.6353705199690232,0.3646294800309768,1,Norway,0.6353705199690232
102,semi_final,Norway,DR Congo,0.0005,0.8098680021497401,0.1901319978502599,1,Norway,0.8098680021497401
102,semi_final,Norway,Ecuador,0.0005,0.5622737540597605,0.4377262459402394,1,Norway,0.5622737540597605
102,semi_final,Norway,Germany,0.0005,0.4490093077686735,0.5509906922313265,1,Germany,0.5509906922313265
102,semi_final,Norway,Senegal,0.0005,0.6524214915425269,0.347578508457473,1,Norway,0.6524214915425269
102,semi_final,Norway,Sweden,0.0005,0.7510767011821896,0.2489232988178104,1,Norway,0.7510767011821896
102,semi_final,Norway,Turkey,0.0005,0.6261466685747529,0.3738533314252471,1,Norway,0.6261466685747529
102,semi_final,Panama,Argentina,0.0005,0.0821071056988626,0.9178928943011372,1,Argentina,0.9178928943011372
102,semi_final,Panama,England,0.0005,0.1423220740742475,0.8576779259257525,1,England,0.8576779259257525
102,semi_final,Panama,Portugal,0.0005,0.1584076599172752,0.8415923400827248,1,Portugal,0.8415923400827248
102,semi_final,Portugal,Australia,0.0005,0.6902788745166872,0.3097211254833127,1,Portugal,0.6902788745166872
102,semi_final,Portugal,Bosnia and Herzegovina,0.0005,0.89759621175281,0.1024037882471899,1,Portugal,0.89759621175281
102,semi_final,Portugal,Colombia,0.0005,0.5148722584341492,0.4851277415658508,1,Portugal,0.5148722584341492
102,semi_final,Portugal,DR Congo,0.0005,0.8398757349267443,0.1601242650732557,1,Portugal,0.8398757349267443
102,semi_final,Portugal,Egypt,0.0005,0.7978861792084017,0.2021138207915983,1,Portugal,0.7978861792084017
102,semi_final,Portugal,England,0.0005,0.4680441072500487,0.5319558927499513,1,England,0.5319558927499513
102,semi_final,Portugal,France,0.0005,0.4298130873516101,0.5701869126483898,1,France,0.5701869126483898
102,semi_final,Portugal,Germany,0.0005,0.5099436183316988,0.4900563816683012,1,Portugal,0.5099436183316988
102,semi_final,Portugal,Uzbekistan,0.0005,0.8091564162325191,0.1908435837674809,1,Portugal,0.8091564162325191
102,semi_final,Saudi Arabia,Argentina,0.0005,0.0510625221749197,0.9489374778250802,1,Argentina,0.9489374778250802
102,semi_final,Scotland,Australia,0.0005,0.4144453026056769,0.5855546973943231,1,Australia,0.5855546973943231
102,semi_final,Scotland,Belgium,0.0005,0.2757700936342468,0.7242299063657531,1,Belgium,0.7242299063657531
102,semi_final,Scotland,England,0.0005,0.2173613592619826,0.7826386407380174,1,England,0.7826386407380174
102,semi_final,Scotland,France,0.0005,0.1951176643439068,0.8048823356560931,1,France,0.8048823356560931
102,semi_final,Scotland,Switzerland,0.0005,0.3532980960955659,0.6467019039044342,1,Switzerland,0.6467019039044342
102,semi_final,Senegal,Bosnia and Herzegovina,0.0005,0.7856617182157977,0.2143382817842023,1,Senegal,0.7856617182157977
102,semi_final,Senegal,Canada,0.0005,0.50312026938785,0.4968797306121499,1,Senegal,0.50312026938785
102,semi_final,Senegal,Croatia,0.0005,0.4270023129068198,0.5729976870931802,1,Croatia,0.5729976870931802
102,semi_final,Senegal,Germany,0.0005,0.3049306106570564,0.6950693893429436,1,Germany,0.6950693893429436
102,semi_final,Senegal,Jordan,0.0005,0.7265749097719539,0.273425090228046,1,Senegal,0.7265749097719539
102,semi_final,Senegal,United States,0.0005,0.5190088825885003,0.4809911174114997,1,Senegal,0.5190088825885003
102,semi_final,South Africa,Portugal,0.0005,0.1033940958107679,0.896605904189232,1,Portugal,0.896605904189232
102,semi_final,South Korea,Australia,0.0005,0.4362340228634425,0.5637659771365575,1,Australia,0.5637659771365575
102,semi_final,South Korea,Ecuador,0.0005,0.3656711998228385,0.6343288001771614,1,Ecuador,0.6343288001771614
102,semi_final,South Korea,England,0.0005,0.2338573987254907,0.7661426012745093,1,England,0.7661426012745093
102,semi_final,South Korea,Norway,0.0005,0.306127596358775,0.6938724036412249,1,Norway,0.6938724036412249
102,semi_final,South Korea,Uruguay,0.0005,0.4391951388213507,0.5608048611786494,1,Uruguay,0.5608048611786494
102,semi_final,Spain,Cape Verde,0.0005,0.947787621499588,0.052212378500412,1,Spain,0.947787621499588
102,semi_final,Spain,Croatia,0.0005,0.7950172076861441,0.2049827923138558,1,Spain,0.7950172076861441
102,semi_final,Spain,Egypt,0.0005,0.8845975766478754,0.1154024233521245,1,Spain,0.8845975766478754
102,semi_final,Spain,England,0.0005,0.6506132074153649,0.3493867925846351,1,Spain,0.6506132074153649
102,semi_final,Spain,Portugal,0.0005,0.6808348554203627,0.3191651445796373,1,Spain,0.6808348554203627
102,semi_final,Spain,Senegal,0.0005,0.8242075230984709,0.1757924769015291,1,Spain,0.8242075230984709
102,semi_final,Spain,Switzerland,0.0005,0.787841276349389,0.2121587236506109,1,Spain,0.787841276349389
102,semi_final,Spain,United States,0.0005,0.8512546437124492,0.1487453562875508,1,Spain,0.8512546437124492
102,semi_final,Sweden,Iran,0.0005,0.3830506734551839,0.616949326544816,1,Iran,0.616949326544816
102,semi_final,Sweden,Switzerland,0.0005,0.3143930376716579,0.6856069623283421,1,Switzerland,0.6856069623283421
102,semi_final,Uruguay,Iran,0.0005,0.5126328788476102,0.4873671211523898,1,Uruguay,0.5126328788476102
102,semi_final,Uruguay,Panama,0.0005,0.6946365067138265,0.3053634932861735,1,Uruguay,0.6946365067138265
102,semi_final,Uruguay,Switzerland,0.0005,0.4311543185120148,0.5688456814879852,1,Switzerland,0.5688456814879852
102,semi_final,Uruguay,Turkey,0.0005,0.480458760468184,0.519541239531816,1,Turkey,0.519541239531816
102,semi_final,Uzbekistan,Colombia,0.0005,0.2028209584153669,0.797179041584633,1,Colombia,0.797179041584633
102,semi_final,Uzbekistan,Norway,0.0005,0.228896713544625,0.771103286455375,1,Norway,0.771103286455375
102,semi_final,Uzbekistan,Portugal,0.0005,0.1908435837674809,0.8091564162325191,1,Portugal,0.8091564162325191
103,final,Spain,Argentina,0.0535,0.5036411800878304,0.4963588199121695,107,Spain,0.5036411800878304
103,final,Spain,England,0.029,0.6506132074153649,0.3493867925846351,58,Spain,0.6506132074153649
103,final,Argentina,England,0.0165,0.6497466985839564,0.3502533014160436,33,Argentina,0.6497466985839564
103,final,France,Argentina,0.016,0.3893396037988301,0.6106603962011699,32,Argentina,0.6106603962011699
103,final,Argentina,Spain,0.0145,0.4963588199121695,0.5036411800878304,29,Spain,0.5036411800878304
103,final,Germany,Argentina,0.0145,0.3106139261937999,0.6893860738062001,29,Argentina,0.6893860738062001
103,final,Spain,Morocco,0.014,0.7000945161808321,0.2999054838191679,28,Spain,0.7000945161808321
103,final,Spain,Portugal,0.0135,0.6808348554203627,0.3191651445796373,27,Spain,0.6808348554203627
103,final,Spain,France,0.012,0.6173227703127786,0.3826772296872214,24,Spain,0.6173227703127786
103,final,Spain,Germany,0.011,0.6892983649235424,0.3107016350764576,22,Spain,0.6892983649235424
103,final,Argentina,France,0.01,0.6106603962011699,0.3893396037988301,20,Argentina,0.6106603962011699
103,final,Spain,Colombia,0.01,0.694699065299504,0.305300934700496,20,Spain,0.694699065299504
103,final,Belgium,Argentina,0.009,0.2782363553785841,0.721763644621416,18,Argentina,0.721763644621416
103,final,Netherlands,Argentina,0.0085,0.2746512471607698,0.7253487528392302,17,Argentina,0.7253487528392302
103,final,Spain,Belgium,0.0085,0.718245495628734,0.281754504371266,17,Spain,0.718245495628734
103,final,Norway,Argentina,0.0075,0.2682931865706414,0.7317068134293585,15,Argentina,0.7317068134293585
103,final,England,Argentina,0.007,0.3502533014160435,0.6497466985839565,14,Argentina,0.6497466985839565
103,final,Spain,Brazil,0.007,0.6788590029159796,0.3211409970840204,14,Spain,0.6788590029159796
103,final,Germany,England,0.0065,0.4567229250750212,0.5432770749249787,13,England,0.5432770749249787
103,final,Japan,Argentina,0.0065,0.2826527020030189,0.717347297996981,13,Argentina,0.717347297996981
103,final,Germany,Portugal,0.006,0.4900563816683013,0.5099436183316988,12,Portugal,0.5099436183316988
103,final,Algeria,Argentina,0.0055,0.2018105974888968,0.7981894025111032,11,Argentina,0.7981894025111032
103,final,Argentina,Colombia,0.0055,0.6888374015598574,0.3111625984401426,11,Argentina,0.6888374015598574
103,final,Colombia,Spain,0.0055,0.3053009347004959,0.6946990652995041,11,Spain,0.6946990652995041
103,final,Morocco,Argentina,0.0055,0.2949858198885928,0.7050141801114072,11,Argentina,0.7050141801114072
103,final,Netherlands,Portugal,0.0055,0.4445863659744167,0.5554136340255833,11,Portugal,0.5554136340255833
103,final,Netherlands,Spain,0.0055,0.273151837060765,0.7268481629392349,11,Spain,0.7268481629392349
103,final,Portugal,Argentina,0.0055,0.3208842581946012,0.6791157418053988,11,Argentina,0.6791157418053988
103,final,Spain,Algeria,0.0055,0.7881408900851218,0.2118591099148782,11,Spain,0.7881408900851218
103,final,Spain,Japan,0.0055,0.7161674663056758,0.2838325336943241,11,Spain,0.7161674663056758
103,final,Spain,Mexico,0.0055,0.7727159416693311,0.2272840583306689,11,Spain,0.7727159416693311
103,final,Spain,Norway,0.0055,0.7287085506266876,0.2712914493733124,11,Spain,0.7287085506266876
103,final,Brazil,Argentina,0.005,0.3286788250287324,0.6713211749712675,10,Argentina,0.6713211749712675
103,final,France,Portugal,0.005,0.5701869126483898,0.4298130873516101,10,France,0.5701869126483898
103,final,France,Spain,0.005,0.3826772296872214,0.6173227703127786,10,Spain,0.6173227703127786
103,final,Germany,France,0.005,0.4211949017114909,0.5788050982885091,10,France,0.5788050982885091
103,final,Japan,England,0.005,0.4221278680884,0.5778721319116,10,England,0.5778721319116
103,final,Netherlands,England,0.005,0.4138619339397386,0.5861380660602613,10,England,0.5861380660602613
103,final,Spain,Austria,0.005,0.7807493080650736,0.2192506919349264,10,Spain,0.7807493080650736
103,final,Argentina,Morocco,0.0045,0.7050141801114073,0.2949858198885927,9,Argentina,0.7050141801114073
103,final,Argentina,Portugal,0.0045,0.6791157418053987,0.3208842581946013,9,Argentina,0.6791157418053987
103,final,Brazil,Morocco,0.0045,0.5425992702828227,0.4574007297171772,9,Brazil,0.5425992702828227
103,final,Colombia,Argentina,0.0045,0.3111625984401425,0.6888374015598575,9,Argentina,0.6888374015598575
103,final,Japan,France,0.0045,0.3859328580126611,0.6140671419873389,9,France,0.6140671419873389
103,final,Japan,Portugal,0.0045,0.454115644037336,0.5458843559626639,9,Portugal,0.5458843559626639
103,final,Mexico,Argentina,0.0045,0.2297014591065931,0.7702985408934069,9,Argentina,0.7702985408934069
103,final,Mexico,Spain,0.0045,0.2272840583306689,0.7727159416693311,9,Spain,0.7727159416693311
103,final,Norway,France,0.0045,0.3731989438321643,0.6268010561678357,9,France,0.6268010561678357
103,final,Spain,Croatia,0.0045,0.7950172076861441,0.2049827923138558,9,Spain,0.7950172076861441
103,final,Spain,Switzerland,0.0045,0.787841276349389,0.2121587236506109,9,Spain,0.787841276349389
103,final,Argentina,Algeria,0.004,0.7981894025111033,0.2018105974888967,8,Argentina,0.7981894025111033
103,final,Argentina,Belgium,0.004,0.721763644621416,0.278236355378584,8,Argentina,0.721763644621416
103,final,Argentina,Japan,0.004,0.7173472979969812,0.2826527020030188,8,Argentina,0.7173472979969812
103,final,Austria,Argentina,0.004,0.2135841372225659,0.786415862777434,8,Argentina,0.786415862777434
103,final,Belgium,Colombia,0.004,0.4655304601782322,0.5344695398217678,8,Colombia,0.5344695398217678
103,final,Germany,Colombia,0.004,0.5058761411330285,0.4941238588669715,8,Germany,0.5058761411330285
103,final,Germany,Morocco,0.004,0.5211273502627868,0.4788726497372132,8,Germany,0.5211273502627868
103,final,Germany,Spain,0.004,0.3107016350764575,0.6892983649235425,8,Spain,0.6892983649235425
103,final,Morocco,Brazil,0.004,0.4574007297171774,0.5425992702828226,8,Brazil,0.5425992702828226
103,final,Morocco,Portugal,0.004,0.4664412203511948,0.5335587796488053,8,Portugal,0.5335587796488053
103,final,Morocco,Spain,0.004,0.2999054838191679,0.7000945161808321,8,Spain,0.7000945161808321
103,final,Senegal,Argentina,0.004,0.1678976751826298,0.8321023248173701,8,Argentina,0.8321023248173701
103,final,Spain,Ecuador,0.004,0.7794478464405015,0.2205521535594985,8,Spain,0.7794478464405015
103,final,Spain,Netherlands,0.004,0.7268481629392349,0.273151837060765,8,Spain,0.7268481629392349
103,final,Argentina,Brazil,0.0035,0.6713211749712676,0.3286788250287323,7,Argentina,0.6713211749712676
103,final,Argentina,Germany,0.0035,0.6893860738062,0.3106139261938,7,Argentina,0.6893860738062
103,final,Argentina,Iran,0.0035,0.8278198567650538,0.1721801432349462,7,Argentina,0.8278198567650538
103,final,Brazil,Colombia,0.0035,0.5191582659014742,0.4808417340985258,7,Brazil,0.5191582659014742
103,final,Brazil,Germany,0.0035,0.5123837886936773,0.4876162113063227,7,Brazil,0.5123837886936773
103,final,Colombia,England,0.0035,0.4564994295204398,0.5435005704795601,7,England,0.5435005704795601
103,final,France,England,0.0035,0.5407125759294871,0.4592874240705129,7,France,0.5407125759294871
103,final,France,Germany,0.0035,0.5788050982885091,0.4211949017114909,7,France,0.5788050982885091
103,final,Germany,Belgium,0.0035,0.5383278802447928,0.4616721197552071,7,Germany,0.5383278802447928
103,final,Morocco,England,0.0035,0.43326451114787,0.5667354888521299,7,England,0.5667354888521299
103,final,Morocco,France,0.0035,0.3974572216665097,0.6025427783334902,7,France,0.6025427783334902
103,final,Netherlands,France,0.0035,0.3771078131301625,0.6228921868698374,7,France,0.6228921868698374
103,final,Norway,England,0.0035,0.405433527760985,0.5945664722390149,7,England,0.5945664722390149
103,final,Senegal,England,0.0035,0.2673609845637714,0.7326390154362286,7,England,0.7326390154362286
103,final,Spain,Ivory Coast,0.0035,0.8235441935494884,0.1764558064505116,7,Spain,0.8235441935494884
103,final,Argentina,Austria,0.003,0.7864158627774342,0.2135841372225657,6,Argentina,0.7864158627774342
103,final,Argentina,Ecuador,0.003,0.7738105148741702,0.2261894851258298,6,Argentina,0.7738105148741702
103,final,Argentina,Netherlands,0.003,0.7253487528392303,0.2746512471607697,6,Argentina,0.7253487528392303
103,final,Belgium,Spain,0.003,0.281754504371266,0.718245495628734,6,Spain,0.718245495628734
103,final,Brazil,England,0.003,0.4758916732593793,0.5241083267406206,6,England,0.5241083267406206
103,final,Brazil,France,0.003,0.4327277405038423,0.5672722594961577,6,France,0.5672722594961577
103,final,Brazil,Portugal,0.003,0.5038340158816202,0.4961659841183797,6,Brazil,0.5038340158816202
103,final,Brazil,Spain,0.003,0.3211409970840203,0.6788590029159797,6,Spain,0.6788590029159797
103,final,England,Spain,0.003,0.349386792584635,0.650613207415365,6,Spain,0.650613207415365
103,final,France,Colombia,0.003,0.5856439509735623,0.4143560490264377,6,France,0.5856439509735623
103,final,France,Croatia,0.003,0.7065132092150861,0.2934867907849139,6,France,0.7065132092150861
103,final,Japan,Netherlands,0.003,0.5090408419490422,0.4909591580509578,6,Japan,0.5090408419490422
103,final,Japan,Spain,0.003,0.2838325336943242,0.7161674663056758,6,Spain,0.7161674663056758
103,final,Netherlands,Belgium,0.003,0.4935662923358206,0.5064337076641794,6,Belgium,0.5064337076641794
103,final,Portugal,England,0.003,0.4680441072500487,0.5319558927499513,6,England,0.5319558927499513
103,final,Portugal,France,0.003,0.4298130873516101,0.5701869126483898,6,France,0.5701869126483898
103,final,Portugal,Germany,0.003,0.5099436183316988,0.4900563816683012,6,Portugal,0.5099436183316988
103,final,Switzerland,Argentina,0.003,0.215041365343052,0.784958634656948,6,Argentina,0.784958634656948
103,final,Argentina,Ivory Coast,0.0025,0.8313419487621282,0.1686580512378718,5,Argentina,0.8313419487621282
103,final,Argentina,Norway,0.0025,0.7317068134293585,0.2682931865706415,5,Argentina,0.7317068134293585
103,final,Argentina,Uruguay,0.0025,0.8240511100304735,0.1759488899695265,5,Argentina,0.8240511100304735
103,final,Austria,Spain,0.0025,0.2192506919349263,0.7807493080650737,5,Spain,0.7807493080650737
103,final,Belgium,England,0.0025,0.4171969168967455,0.5828030831032545,5,England,0.5828030831032545
103,final,Belgium,France,0.0025,0.3845860565281475,0.6154139434718524,5,France,0.6154139434718524
103,final,Canada,Spain,0.0025,0.1615913653448145,0.8384086346551854,5,Spain,0.8384086346551854
103,final,Croatia,Argentina,0.0025,0.2074395321857029,0.7925604678142971,5,Argentina,0.7925604678142971
103,final,Croatia,Portugal,0.0025,0.3543087552310293,0.6456912447689707,5,Portugal,0.6456912447689707
103,final,France,Norway,0.0025,0.6268010561678357,0.3731989438321643,5,France,0.6268010561678357
103,final,Japan,Germany,0.0025,0.4647535316664071,0.5352464683335929,5,Germany,0.5352464683335929
103,final,Japan,Morocco,0.0025,0.4884458508633549,0.5115541491366451,5,Morocco,0.5115541491366451
103,final,Mexico,England,0.0025,0.3564193561485932,0.6435806438514067,5,England,0.6435806438514067
103,final,Morocco,Algeria,0.0025,0.6316829775356583,0.3683170224643417,5,Morocco,0.6316829775356583
103,final,Norway,Spain,0.0025,0.2712914493733124,0.7287085506266875,5,Spain,0.7287085506266875
103,final,South Korea,Argentina,0.0025,0.1420312711509165,0.8579687288490835,5,Argentina,0.8579687288490835
103,final,Spain,Iran,0.0025,0.8213146027386846,0.1786853972613153,5,Spain,0.8213146027386846
103,final,Spain,Turkey,0.0025,0.8209822422502993,0.1790177577497007,5,Spain,0.8209822422502993
103,final,United States,Argentina,0.0025,0.1509487716496702,0.8490512283503298,5,Argentina,0.8490512283503298
103,final,Argentina,Mexico,0.002,0.7702985408934068,0.2297014591065932,4,Argentina,0.7702985408934068
103,final,Australia,Spain,0.002,0.1782550843110787,0.8217449156889213,4,Spain,0.8217449156889213
103,final,Belgium,Netherlands,0.002,0.5064337076641794,0.4935662923358206,4,Belgium,0.5064337076641794
103,final,Belgium,Portugal,0.002,0.4510737226102399,0.5489262773897601,4,Portugal,0.5489262773897601
103,final,Brazil,Austria,0.002,0.6378355718505213,0.3621644281494787,4,Brazil,0.6378355718505213
103,final,Brazil,Japan,0.002,0.5510821517919142,0.4489178482080858,4,Brazil,0.5510821517919142
103,final,Brazil,Netherlands,0.002,0.5582713034828483,0.4417286965171517,4,Brazil,0.5582713034828483
103,final,Canada,Argentina,0.002,0.1615965550642187,0.8384034449357813,4,Argentina,0.8384034449357813
103,final,England,Belgium,0.002,0.5828030831032546,0.4171969168967454,4,England,0.5828030831032546
103,final,England,Brazil,0.002,0.5241083267406205,0.4758916732593795,4,England,0.5241083267406205
103,final,England,Colombia,0.002,0.5435005704795601,0.4564994295204398,4,England,0.5435005704795601
103,final,England,Croatia,0.002,0.6717770142524859,0.3282229857475141,4,England,0.6717770142524859
103,final,France,Iran,0.002,0.7462419432453634,0.2537580567546366,4,France,0.7462419432453634
103,final,France,Japan,0.002,0.614067141987339,0.385932858012661,4,France,0.614067141987339
103,final,France,Netherlands,0.002,0.6228921868698374,0.3771078131301626,4,France,0.6228921868698374
103,final,Germany,Algeria,0.002,0.6446525051460171,0.3553474948539828,4,Germany,0.6446525051460171
103,final,Germany,Mexico,0.002,0.6076798355921814,0.3923201644078186,4,Germany,0.6076798355921814
103,final,Japan,Croatia,0.002,0.6002750789326254,0.3997249210673745,4,Japan,0.6002750789326254
103,final,Mexico,France,0.002,0.3186712933579968,0.6813287066420032,4,France,0.6813287066420032
103,final,Mexico,Netherlands,0.002,0.4360147705568612,0.5639852294431388,4,Netherlands,0.5639852294431388
103,final,Morocco,Croatia,0.002,0.607184798951727,0.392815201048273,4,Morocco,0.607184798951727
103,final,Norway,Morocco,0.002,0.469456036215174,0.5305439637848259,4,Morocco,0.5305439637848259
103,final,Norway,Portugal,0.002,0.4387997217118703,0.5612002782881297,4,Portugal,0.5612002782881297
103,final,Portugal,Colombia,0.002,0.5148722584341492,0.4851277415658508,4,Portugal,0.5148722584341492
103,final,Portugal,Spain,0.002,0.3191651445796372,0.6808348554203627,4,Spain,0.6808348554203627
103,final,Senegal,France,0.002,0.2485391456189732,0.7514608543810268,4,France,0.7514608543810268
103,final,Spain,Canada,0.002,0.8384086346551856,0.1615913653448144,4,Spain,0.8384086346551856
103,final,Spain,United States,0.002,0.8512546437124492,0.1487453562875508,4,Spain,0.8512546437124492
103,final,Spain,Uruguay,0.002,0.8286668619592784,0.1713331380407216,4,Spain,0.8286668619592784
103,final,Switzerland,Spain,0.002,0.2121587236506108,0.7878412763493892,4,Spain,0.7878412763493892
103,final,United States,Morocco,0.002,0.3077047879631326,0.6922952120368674,4,Morocco,0.6922952120368674
103,final,Uruguay,Argentina,0.002,0.1759488899695264,0.8240511100304735,4,Argentina,0.8240511100304735
103,final,Argentina,Canada,0.0015,0.8384034449357813,0.1615965550642186,3,Argentina,0.8384034449357813
103,final,Argentina,Switzerland,0.0015,0.784958634656948,0.2150413653430519,3,Argentina,0.784958634656948
103,final,Australia,Argentina,0.0015,0.1768629494421313,0.8231370505578687,3,Argentina,0.8231370505578687
103,final,Austria,France,0.0015,0.3062368910356836,0.6937631089643164,3,France,0.6937631089643164
103,final,Austria,Portugal,0.0015,0.3641639142184171,0.6358360857815829,3,Portugal,0.6358360857815829
103,final,Belgium,Brazil,0.0015,0.4477222769771544,0.5522777230228455,3,Brazil,0.5522777230228455
103,final,Belgium,Mexico,0.0015,0.5672212781974009,0.4327787218025991,3,Belgium,0.5672212781974009
103,final,Brazil,Mexico,0.0015,0.6220052765120422,0.3779947234879578,3,Brazil,0.6220052765120422
103,final,Brazil,Switzerland,0.0015,0.6377952462037213,0.3622047537962787,3,Brazil,0.6377952462037213
103,final,Brazil,Uruguay,0.0015,0.6997484177052177,0.3002515822947823,3,Brazil,0.6997484177052177
103,final,Colombia,France,0.0015,0.4143560490264377,0.5856439509735623,3,France,0.5856439509735623
103,final,Croatia,France,0.0015,0.2934867907849141,0.7065132092150859,3,France,0.7065132092150859
103,final,Croatia,Morocco,0.0015,0.3928152010482729,0.6071847989517271,3,Morocco,0.6071847989517271
103,final,Croatia,Spain,0.0015,0.2049827923138558,0.7950172076861441,3,Spain,0.7950172076861441
103,final,Czech Republic,Argentina,0.0015,0.1133839709862982,0.8866160290137017,3,Argentina,0.8866160290137017
103,final,Ecuador,Brazil,0.0015,0.3679648436825006,0.6320351563174994,3,Brazil,0.6320351563174994
103,final,England,Germany,0.0015,0.5432770749249787,0.4567229250750213,3,England,0.5432770749249787
103,final,England,Japan,0.0015,0.5778721319115999,0.4221278680884001,3,England,0.5778721319115999
103,final,England,Mexico,0.0015,0.6435806438514068,0.3564193561485932,3,England,0.6435806438514068
103,final,England,Morocco,0.0015,0.56673548885213,0.43326451114787,3,England,0.56673548885213
103,final,France,Algeria,0.0015,0.7083773545337946,0.2916226454662054,3,France,0.7083773545337946
103,final,France,Belgium,0.0015,0.6154139434718525,0.3845860565281475,3,France,0.6154139434718525
103,final,France,Brazil,0.0015,0.5672722594961577,0.4327277405038423,3,France,0.5672722594961577
103,final,France,Mexico,0.0015,0.6813287066420032,0.3186712933579968,3,France,0.6813287066420032
103,final,Germany,Brazil,0.0015,0.4876162113063225,0.5123837886936775,3,Brazil,0.5123837886936775
103,final,Germany,Croatia,0.0015,0.6376517400981994,0.3623482599018006,3,Germany,0.6376517400981994
103,final,Germany,Ivory Coast,0.0015,0.6946816091101021,0.3053183908898979,3,Germany,0.6946816091101021
103,final,Germany,Japan,0.0015,0.535246468333593,0.464753531666407,3,Germany,0.535246468333593
103,final,Germany,Senegal,0.0015,0.6950693893429436,0.3049306106570564,3,Germany,0.6950693893429436
103,final,Germany,Switzerland,0.0015,0.6270822154320032,0.3729177845679968,3,Germany,0.6270822154320032
103,final,Iran,Argentina,0.0015,0.172180143234946,0.8278198567650539,3,Argentina,0.8278198567650539
103,final,Iran,Belgium,0.0015,0.3445867380792952,0.6554132619207047,3,Belgium,0.6554132619207047
103,final,Iran,England,0.0015,0.2747512843407059,0.7252487156592942,3,England,0.7252487156592942
103,final,Iran,Germany,0.0015,0.3119360455817918,0.6880639544182081,3,Germany,0.6880639544182081
103,final,Iran,Morocco,0.0015,0.3289970108460299,0.67100298915397,3,Morocco,0.67100298915397
103,final,Ivory Coast,Argentina,0.0015,0.1686580512378718,0.8313419487621282,3,Argentina,0.8313419487621282
103,final,Ivory Coast,Brazil,0.0015,0.2959018842559336,0.7040981157440664,3,Brazil,0.7040981157440664
103,final,Ivory Coast,Portugal,0.0015,0.2965167682252421,0.7034832317747579,3,Portugal,0.7034832317747579
103,final,Japan,Colombia,0.0015,0.4673406595429231,0.5326593404570769,3,Colombia,0.5326593404570769
103,final,Japan,Norway,0.0015,0.5165817229429333,0.4834182770570667,3,Japan,0.5165817229429333
103,final,Mexico,Belgium,0.0015,0.4327787218025992,0.5672212781974009,3,Belgium,0.5672212781974009
103,final,Morocco,Belgium,0.0015,0.518664754706842,0.4813352452931579,3,Morocco,0.518664754706842
103,final,Morocco,Norway,0.0015,0.5305439637848259,0.469456036215174,3,Morocco,0.5305439637848259
103,final,Netherlands,Algeria,0.0015,0.605889073884342,0.394110926115658,3,Netherlands,0.605889073884342
103,final,Netherlands,Brazil,0.0015,0.4417286965171518,0.5582713034828481,3,Brazil,0.5582713034828481
103,final,Netherlands,Colombia,0.0015,0.4599701935700265,0.5400298064299736,3,Colombia,0.5400298064299736
103,final,Netherlands,Japan,0.0015,0.4909591580509577,0.5090408419490422,3,Japan,0.5090408419490422
103,final,Netherlands,Mexico,0.0015,0.5639852294431389,0.4360147705568611,3,Netherlands,0.5639852294431389
103,final,Norway,Algeria,0.0015,0.5992989949078595,0.4007010050921404,3,Norway,0.5992989949078595
103,final,Norway,Colombia,0.0015,0.453837430533565,0.5461625694664349,3,Colombia,0.5461625694664349
103,final,Norway,Japan,0.0015,0.4834182770570667,0.5165817229429333,3,Japan,0.5165817229429333
103,final,Norway,Netherlands,0.0015,0.4941554462933903,0.5058445537066096,3,Netherlands,0.5058445537066096
103,final,Portugal,Croatia,0.0015,0.6456912447689706,0.3543087552310294,3,Portugal,0.6456912447689706
103,final,Scotland,Algeria,0.0015,0.3833621032970921,0.6166378967029079,3,Algeria,0.6166378967029079
103,final,South Korea,England,0.0015,0.2338573987254907,0.7661426012745093,3,England,0.7661426012745093
103,final,South Korea,Spain,0.0015,0.14506762004103,0.85493237995897,3,Spain,0.85493237995897
103,final,Spain,Australia,0.0015,0.8217449156889214,0.1782550843110786,3,Spain,0.8217449156889214
103,final,Switzerland,Netherlands,0.0015,0.4174274439846069,0.5825725560153932,3,Netherlands,0.5825725560153932
103,final,Turkey,Argentina,0.0015,0.1817254142069276,0.8182745857930723,3,Argentina,0.8182745857930723
103,final,Turkey,Spain,0.0015,0.1790177577497007,0.8209822422502993,3,Spain,0.8209822422502993
103,final,United States,Norway,0.0015,0.3236191367629054,0.6763808632370946,3,Norway,0.6763808632370946
103,final,Algeria,Colombia,0.001,0.3572736665123658,0.6427263334876341,2,Colombia,0.6427263334876341
103,final,Algeria,England,0.001,0.3126335727182668,0.6873664272817331,2,England,0.6873664272817331
103,final,Algeria,France,0.001,0.2916226454662053,0.7083773545337946,2,France,0.7083773545337946
103,final,Algeria,Morocco,0.001,0.3683170224643418,0.6316829775356583,2,Morocco,0.6316829775356583
103,final,Algeria,Spain,0.001,0.2118591099148783,0.7881408900851217,2,Spain,0.7881408900851217
103,final,Argentina,Senegal,0.001,0.8321023248173701,0.1678976751826298,2,Argentina,0.8321023248173701
103,final,Argentina,Turkey,0.001,0.8182745857930724,0.1817254142069275,2,Argentina,0.8182745857930724
103,final,Australia,Brazil,0.001,0.3076279620755264,0.6923720379244735,2,Brazil,0.6923720379244735
103,final,Australia,Colombia,0.001,0.3227051511796982,0.6772948488203018,2,Colombia,0.6772948488203018
103,final,Australia,Croatia,0.001,0.4467735990033323,0.5532264009966676,2,Croatia,0.5532264009966676
103,final,Australia,England,0.001,0.2839853664620385,0.7160146335379616,2,England,0.7160146335379616
103,final,Australia,France,0.001,0.2557088366149584,0.7442911633850415,2,France,0.7442911633850415
103,final,Australia,Morocco,0.001,0.3433167218853207,0.6566832781146792,2,Morocco,0.6566832781146792
103,final,Australia,Switzerland,0.001,0.4355906771382498,0.5644093228617502,2,Switzerland,0.5644093228617502
103,final,Austria,Belgium,0.001,0.4100496281578172,0.5899503718421828,2,Belgium,0.5899503718421828
103,final,Austria,England,0.001,0.332777078114494,0.667222921885506,2,England,0.667222921885506
103,final,Austria,Germany,0.001,0.3739278245046824,0.6260721754953176,2,Germany,0.6260721754953176
103,final,Austria,Uruguay,0.001,0.5573707720437476,0.4426292279562523,2,Austria,0.5573707720437476
103,final,Belgium,Algeria,0.001,0.6111852918882693,0.3888147081117307,2,Belgium,0.6111852918882693
103,final,Belgium,Croatia,0.001,0.5984824467077028,0.4015175532922972,2,Belgium,0.5984824467077028
103,final,Belgium,Germany,0.001,0.4616721197552071,0.5383278802447928,2,Germany,0.5383278802447928
103,final,Belgium,Iran,0.001,0.6554132619207047,0.3445867380792953,2,Belgium,0.6554132619207047
103,final,Belgium,Japan,0.001,0.4956731826736579,0.5043268173263421,2,Japan,0.5043268173263421
103,final,Belgium,Morocco,0.001,0.4813352452931579,0.5186647547068421,2,Morocco,0.5186647547068421
103,final,Belgium,Norway,0.001,0.5127226689216561,0.4872773310783439,2,Belgium,0.5127226689216561
103,final,Brazil,Algeria,0.001,0.6570703673675887,0.3429296326324113,2,Brazil,0.6570703673675887
103,final,Brazil,Canada,0.001,0.717031088050959,0.2829689119490409,2,Brazil,0.717031088050959
103,final,Brazil,Ivory Coast,0.001,0.7040981157440663,0.2959018842559336,2,Brazil,0.7040981157440663
103,final,Brazil,Norway,0.001,0.56375835646923,0.43624164353077,2,Brazil,0.56375835646923
103,final,Canada,England,0.001,0.2625536751077609,0.737446324892239,2,England,0.737446324892239
103,final,Canada,Japan,0.001,0.3264228264752322,0.6735771735247678,2,Japan,0.6735771735247678
103,final,Canada,Mexico,0.001,0.3911705487467609,0.6088294512532391,2,Mexico,0.6088294512532391
103,final,Canada,Netherlands,0.001,0.3319899920947495,0.6680100079052504,2,Netherlands,0.6680100079052504
103,final,Colombia,Ecuador,0.001,0.6130887602424501,0.3869112397575499,2,Colombia,0.6130887602424501
103,final,Colombia,Germany,0.001,0.4941238588669714,0.5058761411330286,2,Germany,0.5058761411330286
103,final,Colombia,Portugal,0.001,0.4851277415658507,0.5148722584341493,2,Portugal,0.5148722584341493
103,final,Croatia,Belgium,0.001,0.4015175532922971,0.5984824467077028,2,Belgium,0.5984824467077028
103,final,Croatia,Mexico,0.001,0.4715506225421273,0.5284493774578727,2,Mexico,0.5284493774578727
103,final,Ecuador,Argentina,0.001,0.2261894851258298,0.7738105148741702,2,Argentina,0.7738105148741702
103,final,England,Austria,0.001,0.667222921885506,0.332777078114494,2,England,0.667222921885506
103,final,England,Ecuador,0.001,0.6478847036733667,0.3521152963266333,2,England,0.6478847036733667
103,final,England,France,0.001,0.4592874240705129,0.5407125759294871,2,France,0.5407125759294871
103,final,England,Ivory Coast,0.001,0.73218340306716,0.26781659693284,2,England,0.73218340306716
103,final,England,Portugal,0.001,0.5319558927499513,0.4680441072500487,2,England,0.5319558927499513
103,final,France,Ecuador,0.001,0.6905149903182806,0.3094850096817194,2,France,0.6905149903182806
103,final,France,Morocco,0.001,0.6025427783334902,0.3974572216665097,2,France,0.6025427783334902
103,final,Germany,Iran,0.001,0.6880639544182081,0.3119360455817919,2,Germany,0.6880639544182081
103,final,Germany,Netherlands,0.001,0.5460151866986873,0.4539848133013127,2,Germany,0.5460151866986873
103,final,Germany,Norway,0.001,0.5509906922313266,0.4490093077686734,2,Germany,0.5509906922313266
103,final,Germany,Uruguay,0.001,0.6868377826144028,0.3131622173855972,2,Germany,0.6868377826144028
103,final,Iran,Colombia,0.001,0.316842463255512,0.683157536744488,2,Colombia,0.683157536744488
103,final,Iran,France,0.001,0.2537580567546366,0.7462419432453634,2,France,0.7462419432453634
103,final,Ivory Coast,Colombia,0.001,0.3089151334589625,0.6910848665410375,2,Colombia,0.6910848665410375
103,final,Ivory Coast,England,0.001,0.2678165969328401,0.7321834030671599,2,England,0.7321834030671599
103,final,Ivory Coast,Germany,0.001,0.3053183908898979,0.694681609110102,2,Germany,0.694681609110102
103,final,Ivory Coast,Switzerland,0.001,0.4155776500850098,0.5844223499149901,2,Switzerland,0.5844223499149901
103,final,Japan,Algeria,0.001,0.6169532343531656,0.3830467656468344,2,Japan,0.6169532343531656
103,final,Japan,Austria,0.001,0.594278257190124,0.405721742809876,2,Japan,0.594278257190124
103,final,Japan,Belgium,0.001,0.504326817326342,0.495673182673658,2,Japan,0.504326817326342
103,final,Japan,Brazil,0.001,0.4489178482080859,0.5510821517919141,2,Brazil,0.5510821517919141
103,final,Japan,Ivory Coast,0.001,0.6674284903892679,0.3325715096107321,2,Japan,0.6674284903892679
103,final,Japan,Senegal,0.001,0.6677208751677816,0.3322791248322184,2,Japan,0.6677208751677816
103,final,Japan,Uruguay,0.001,0.6493090205296457,0.3506909794703543,2,Japan,0.6493090205296457
103,final,Mexico,Algeria,0.001,0.551676448389302,0.448323551610698,2,Mexico,0.551676448389302
103,final,Mexico,Colombia,0.001,0.3960137450839815,0.6039862549160184,2,Colombia,0.6039862549160184
103,final,Mexico,Germany,0.001,0.3923201644078186,0.6076798355921814,2,Germany,0.6076798355921814
103,final,Mexico,Portugal,0.001,0.3832179900101784,0.6167820099898216,2,Portugal,0.6167820099898216
103,final,Mexico,Switzerland,0.001,0.5169743915568549,0.4830256084431451,2,Mexico,0.5169743915568549
103,final,Morocco,Ecuador,0.001,0.5780098462447626,0.4219901537552374,2,Morocco,0.5780098462447626
103,final,Morocco,Germany,0.001,0.478872649737213,0.5211273502627869,2,Germany,0.5211273502627869
103,final,Morocco,Ivory Coast,0.001,0.6794737042694644,0.3205262957305356,2,Morocco,0.6794737042694644
103,final,Morocco,Japan,0.001,0.5115541491366451,0.4884458508633549,2,Morocco,0.5115541491366451
103,final,Morocco,Switzerland,0.001,0.5962380899205528,0.4037619100794472,2,Morocco,0.5962380899205528
103,final,Netherlands,Austria,0.001,0.5841155731875947,0.4158844268124053,2,Netherlands,0.5841155731875947
103,final,Netherlands,Croatia,0.001,0.5936159980412593,0.4063840019587407,2,Netherlands,0.5936159980412593
103,final,Netherlands,Ecuador,0.001,0.5721589868313772,0.4278410131686228,2,Netherlands,0.5721589868313772
103,final,Netherlands,Morocco,0.001,0.4800069469996931,0.519993053000307,2,Morocco,0.519993053000307
103,final,Norway,Belgium,0.001,0.4872773310783438,0.5127226689216562,2,Belgium,0.5127226689216562
103,final,Norway,Germany,0.001,0.4490093077686735,0.5509906922313265,2,Germany,0.5509906922313265
103,final,Norway,Mexico,0.001,0.5558563954497464,0.4441436045502536,2,Norway,0.5558563954497464
103,final,Portugal,Brazil,0.001,0.4961659841183798,0.5038340158816201,2,Brazil,0.5038340158816201
103,final,Portugal,Ecuador,0.001,0.624122999386964,0.3758770006130359,2,Portugal,0.624122999386964
103,final,Portugal,Iran,0.001,0.6965776093003863,0.3034223906996137,2,Portugal,0.6965776093003863
103,final,Portugal,Netherlands,0.001,0.5554136340255832,0.4445863659744168,2,Portugal,0.5554136340255832
103,final,Scotland,Argentina,0.001,0.1299639808350928,0.8700360191649072,2,Argentina,0.8700360191649072
103,final,Senegal,Japan,0.001,0.3322791248322185,0.6677208751677814,2,Japan,0.6677208751677814
103,final,South Korea,Belgium,0.001,0.295852014686533,0.7041479853134669,2,Belgium,0.7041479853134669
103,final,South Korea,Brazil,0.001,0.2593638962063531,0.7406361037936469,2,Brazil,0.7406361037936469
103,final,South Korea,France,0.001,0.2129585792755789,0.7870414207244211,2,France,0.7870414207244211
103,final,Spain,Scotland,0.001,0.8693103506166905,0.1306896493833095,2,Spain,0.8693103506166905
103,final,Sweden,Argentina,0.001,0.1094867435088094,0.8905132564911906,2,Argentina,0.8905132564911906
103,final,Sweden,Portugal,0.001,0.2060232804133542,0.7939767195866458,2,Portugal,0.7939767195866458
103,final,Switzerland,Colombia,0.001,0.3794847102843234,0.6205152897156766,2,Colombia,0.6205152897156766
103,final,Switzerland,England,0.001,0.3384388198346133,0.6615611801653867,2,England,0.6615611801653867
103,final,Switzerland,France,0.001,0.302745887825617,0.6972541121743829,2,France,0.6972541121743829
103,final,Switzerland,Norway,0.001,0.4239198400306156,0.5760801599693843,2,Norway,0.5760801599693843
103,final,Turkey,Germany,0.001,0.3250632573468024,0.6749367426531976,2,Germany,0.6749367426531976
103,final,United States,England,0.001,0.2501267757599836,0.7498732242400163,2,England,0.7498732242400163
103,final,United States,France,0.001,0.2214933752293282,0.7785066247706718,2,France,0.7785066247706718
103,final,United States,Germany,0.001,0.2781679494946722,0.7218320505053277,2,Germany,0.7218320505053277
103,final,United States,Portugal,0.001,0.2719450987081958,0.7280549012918042,2,Portugal,0.7280549012918042
103,final,United States,Spain,0.001,0.1487453562875507,0.8512546437124493,2,Spain,0.8512546437124493
103,final,Algeria,Austria,0.0005,0.475415851064603,0.5245841489353971,1,Austria,0.5245841489353971
103,final,Algeria,Brazil,0.0005,0.3429296326324112,0.6570703673675888,1,Brazil,0.6570703673675888
103,final,Algeria,Ecuador,0.0005,0.4511269785385261,0.5488730214614739,1,Ecuador,0.5488730214614739
103,final,Algeria,Germany,0.0005,0.355347494853983,0.644652505146017,1,Germany,0.644652505146017
103,final,Algeria,Iran,0.0005,0.5445346105254557,0.4554653894745443,1,Algeria,0.5445346105254557
103,final,Algeria,Ivory Coast,0.0005,0.5538176014414555,0.4461823985585444,1,Algeria,0.5538176014414555
103,final,Algeria,Japan,0.0005,0.3830467656468343,0.6169532343531656,1,Japan,0.6169532343531656
103,final,Algeria,Mexico,0.0005,0.448323551610698,0.551676448389302,1,Mexico,0.551676448389302
103,final,Algeria,Turkey,0.0005,0.5195426001260017,0.4804573998739982,1,Algeria,0.5195426001260017
103,final,Algeria,United States,0.0005,0.5722824006445741,0.4277175993554258,1,Algeria,0.5722824006445741
103,final,Argentina,Croatia,0.0005,0.792560467814297,0.207439532185703,1,Argentina,0.792560467814297
103,final,Argentina,DR Congo,0.0005,0.9141928460439562,0.0858071539560437,1,Argentina,0.9141928460439562
103,final,Argentina,Egypt,0.0005,0.8905608299179243,0.1094391700820757,1,Argentina,0.8905608299179243
103,final,Argentina,Iraq,0.0005,0.9393173161528569,0.0606826838471431,1,Argentina,0.9393173161528569
103,final,Argentina,Panama,0.0005,0.9178928943011374,0.0821071056988625,1,Argentina,0.9178928943011374
103,final,Argentina,South Korea,0.0005,0.8579687288490834,0.1420312711509166,1,Argentina,0.8579687288490834
103,final,Australia,Algeria,0.0005,0.469461863357657,0.530538136642343,1,Algeria,0.530538136642343
103,final,Australia,Austria,0.0005,0.4423709444718839,0.557629055528116,1,Austria,0.557629055528116
103,final,Australia,Belgium,0.0005,0.3537260821589986,0.6462739178410013,1,Belgium,0.6462739178410013
103,final,Australia,Bosnia and Herzegovina,0.0005,0.7980734914667618,0.2019265085332382,1,Australia,0.7980734914667618
103,final,Australia,Canada,0.0005,0.5276744806929915,0.4723255193070085,1,Australia,0.5276744806929915
103,final,Australia,DR Congo,0.0005,0.7172538211805518,0.2827461788194482,1,Australia,0.7172538211805518
103,final,Australia,Ecuador,0.0005,0.4246928917451411,0.5753071082548589,1,Ecuador,0.5753071082548589
103,final,Australia,Germany,0.0005,0.3177918549785908,0.6822081450214093,1,Germany,0.6822081450214093
103,final,Australia,Japan,0.0005,0.3509868660962308,0.6490131339037691,1,Japan,0.6490131339037691
103,final,Australia,Mexico,0.0005,0.4180524860611988,0.5819475139388012,1,Mexico,0.5819475139388012
103,final,Australia,Netherlands,0.0005,0.3580859676202936,0.6419140323797063,1,Netherlands,0.6419140323797063
103,final,Australia,Portugal,0.0005,0.3097211254833127,0.6902788745166872,1,Portugal,0.6902788745166872
103,final,Australia,Scotland,0.0005,0.585554697394323,0.414445302605677,1,Australia,0.585554697394323
103,final,Australia,Turkey,0.0005,0.4858800066581931,0.5141199933418068,1,Turkey,0.5141199933418068
103,final,Austria,Brazil,0.0005,0.3621644281494787,0.6378355718505213,1,Brazil,0.6378355718505213
103,final,Austria,Colombia,0.0005,0.377870048579477,0.622129951420523,1,Colombia,0.622129951420523
103,final,Austria,Ecuador,0.0005,0.4801563722721639,0.5198436277278361,1,Ecuador,0.5198436277278361
103,final,Austria,Egypt,0.0005,0.697446603227046,0.302553396772954,1,Austria,0.697446603227046
103,final,Austria,Ivory Coast,0.0005,0.5790827957269976,0.4209172042730024,1,Austria,0.5790827957269976
103,final,Austria,Japan,0.0005,0.4057217428098759,0.5942782571901241,1,Japan,0.5942782571901241
103,final,Austria,Mexico,0.0005,0.4750343625500348,0.5249656374499652,1,Mexico,0.5249656374499652
103,final,Austria,Morocco,0.0005,0.3929587396627848,0.6070412603372153,1,Morocco,0.6070412603372153
103,final,Austria,Netherlands,0.0005,0.4158844268124054,0.5841155731875946,1,Netherlands,0.5841155731875946
103,final,Austria,Norway,0.0005,0.4221692493924313,0.5778307506075686,1,Norway,0.5778307506075686
103,final,Austria,Scotland,0.0005,0.6427319884686133,0.3572680115313866,1,Austria,0.6427319884686133
103,final,Austria,Switzerland,0.0005,0.4953655074381002,0.5046344925618997,1,Switzerland,0.5046344925618997
103,final,Belgium,Austria,0.0005,0.5899503718421828,0.4100496281578172,1,Belgium,0.5899503718421828
103,final,Belgium,Canada,0.0005,0.6712118715923184,0.3287881284076815,1,Belgium,0.6712118715923184
103,final,Belgium,Ecuador,0.0005,0.5729551718799143,0.4270448281200857,1,Belgium,0.5729551718799143
103,final,Belgium,Ivory Coast,0.0005,0.6630183309131692,0.3369816690868308,1,Belgium,0.6630183309131692
103,final,Belgium,Senegal,0.0005,0.6636275305175622,0.3363724694824378,1,Belgium,0.6636275305175622
103,final,Belgium,South Korea,0.0005,0.7041479853134668,0.2958520146865332,1,Belgium,0.7041479853134668
103,final,Brazil,Australia,0.0005,0.6923720379244735,0.3076279620755264,1,Brazil,0.6923720379244735
103,final,Brazil,Croatia,0.0005,0.6481040611405334,0.3518959388594666,1,Brazil,0.6481040611405334
103,final,Brazil,DR Congo,0.0005,0.8353131541845118,0.1646868458154882,1,Brazil,0.8353131541845118
103,final,Brazil,Iran,0.0005,0.6966373075984648,0.3033626924015352,1,Brazil,0.6966373075984648
103,final,Brazil,Panama,0.0005,0.8369356098134075,0.1630643901865924,1,Brazil,0.8369356098134075
103,final,Brazil,Senegal,0.0005,0.7034555480541679,0.2965444519458321,1,Brazil,0.7034555480541679
103,final,Brazil,South Korea,0.0005,0.7406361037936467,0.2593638962063532,1,Brazil,0.7406361037936467
103,final,Canada,Algeria,0.0005,0.4440786963819102,0.5559213036180898,1,Algeria,0.5559213036180898
103,final,Canada,Austria,0.0005,0.4158808674965618,0.5841191325034383,1,Austria,0.5841191325034383
103,final,Canada,Germany,0.0005,0.2932441498584868,0.7067558501415132,1,Germany,0.7067558501415132
103,final,Canada,Portugal,0.0005,0.2857480466961521,0.7142519533038478,1,Portugal,0.7142519533038478
103,final,Canada,Uruguay,0.0005,0.4724537060464662,0.5275462939535338,1,Uruguay,0.5275462939535338
103,final,Canada,Uzbekistan,0.0005,0.6337850774441002,0.3662149225558998,1,Canada,0.6337850774441002
103,final,Colombia,Belgium,0.0005,0.5344695398217677,0.4655304601782323,1,Colombia,0.5344695398217677
103,final,Colombia,Brazil,0.0005,0.4808417340985258,0.5191582659014742,1,Brazil,0.5191582659014742
103,final,Colombia,Croatia,0.0005,0.6311308572785289,0.3688691427214711,1,Colombia,0.6311308572785289
103,final,Colombia,Japan,0.0005,0.5326593404570767,0.4673406595429232,1,Colombia,0.5326593404570767
103,final,Colombia,Mexico,0.0005,0.6039862549160185,0.3960137450839814,1,Colombia,0.6039862549160185
103,final,Colombia,Norway,0.0005,0.5461625694664349,0.453837430533565,1,Colombia,0.5461625694664349
103,final,Colombia,Senegal,0.0005,0.6905690217122721,0.3094309782877279,1,Colombia,0.6905690217122721
103,final,Colombia,Sweden,0.0005,0.7803104642208388,0.2196895357791611,1,Colombia,0.7803104642208388
103,final,Colombia,Switzerland,0.0005,0.6205152897156765,0.3794847102843235,1,Colombia,0.6205152897156765
103,final,Colombia,Uruguay,0.0005,0.6829490361872648,0.3170509638127352,1,Colombia,0.6829490361872648
103,final,Croatia,Algeria,0.0005,0.5195860349191952,0.4804139650808048,1,Croatia,0.5195860349191952
103,final,Croatia,Canada,0.0005,0.5816806637984542,0.4183193362015458,1,Croatia,0.5816806637984542
103,final,Croatia,Colombia,0.0005,0.3688691427214712,0.6311308572785288,1,Colombia,0.6311308572785288
103,final,Croatia,Egypt,0.0005,0.6913115369074887,0.3086884630925113,1,Croatia,0.6913115369074887
103,final,Croatia,England,0.0005,0.3282229857475139,0.671777014252486,1,England,0.671777014252486
103,final,Croatia,Germany,0.0005,0.3623482599018005,0.6376517400981995,1,Germany,0.6376517400981995
103,final,Croatia,Netherlands,0.0005,0.4063840019587407,0.5936159980412593,1,Netherlands,0.5936159980412593
103,final,Czech Republic,Austria,0.0005,0.3190944078534833,0.6809055921465167,1,Austria,0.6809055921465167
103,final,Czech Republic,Colombia,0.0005,0.2274266946820147,0.7725733053179853,1,Colombia,0.7725733053179853
103,final,Czech Republic,England,0.0005,0.1905298542017574,0.8094701457982425,1,England,0.8094701457982425
103,final,Czech Republic,France,0.0005,0.1768845483858758,0.8231154516141241,1,France,0.8231154516141241
103,final,Czech Republic,Netherlands,0.0005,0.2518873980306966,0.7481126019693034,1,Netherlands,0.7481126019693034
103,final,Czech Republic,Portugal,0.0005,0.2128124859701931,0.7871875140298068,1,Portugal,0.7871875140298068
103,final,Ecuador,Colombia,0.0005,0.38691123975755,0.61308876024245,1,Colombia,0.61308876024245
103,final,Ecuador,Croatia,0.0005,0.5193225784438985,0.4806774215561015,1,Ecuador,0.5193225784438985
103,final,Ecuador,England,0.0005,0.3521152963266333,0.6478847036733667,1,England,0.6478847036733667
103,final,Ecuador,Japan,0.0005,0.4244931521825257,0.5755068478174743,1,Japan,0.5755068478174743
103,final,Ecuador,Portugal,0.0005,0.3758770006130358,0.6241229993869641,1,Portugal,0.6241229993869641
103,final,Ecuador,Turkey,0.0005,0.5571738764214563,0.4428261235785437,1,Ecuador,0.5571738764214563
103,final,Egypt,France,0.0005,0.1682046042453647,0.8317953957546352,1,France,0.8317953957546352
103,final,Egypt,Switzerland,0.0005,0.2996637902766709,0.7003362097233291,1,Switzerland,0.7003362097233291
103,final,England,Algeria,0.0005,0.6873664272817332,0.3126335727182667,1,England,0.6873664272817332
103,final,England,Australia,0.0005,0.7160146335379615,0.2839853664620385,1,England,0.7160146335379615
103,final,England,Netherlands,0.0005,0.5861380660602613,0.4138619339397387,1,England,0.5861380660602613
103,final,England,Norway,0.0005,0.5945664722390148,0.4054335277609852,1,England,0.5945664722390148
103,final,England,Senegal,0.0005,0.7326390154362287,0.2673609845637713,1,England,0.7326390154362287
103,final,England,South Korea,0.0005,0.7661426012745094,0.2338573987254906,1,England,0.7661426012745094
103,final,England,Switzerland,0.0005,0.6615611801653867,0.3384388198346133,1,England,0.6615611801653867
103,final,France,Austria,0.0005,0.6937631089643165,0.3062368910356835,1,France,0.6937631089643165
103,final,France,Canada,0.0005,0.7662779802306469,0.2337220197693531,1,France,0.7662779802306469
103,final,France,Cape Verde,0.0005,0.9194038894055526,0.0805961105944473,1,France,0.9194038894055526
103,final,France,Egypt,0.0005,0.8317953957546352,0.1682046042453647,1,France,0.8317953957546352
103,final,France,Senegal,0.0005,0.7514608543810267,0.2485391456189732,1,France,0.7514608543810267
103,final,France,Sweden,0.0005,0.8333386363381288,0.1666613636618712,1,France,0.8333386363381288
103,final,France,Switzerland,0.0005,0.6972541121743829,0.302745887825617,1,France,0.6972541121743829
103,final,France,Uruguay,0.0005,0.7521619179742991,0.2478380820257009,1,France,0.7521619179742991
103,final,Germany,Austria,0.0005,0.6260721754953177,0.3739278245046823,1,Germany,0.6260721754953177
103,final,Germany,Canada,0.0005,0.7067558501415132,0.2932441498584868,1,Germany,0.7067558501415132
103,final,Germany,South Korea,0.0005,0.7355023979403271,0.2644976020596729,1,Germany,0.7355023979403271
103,final,Germany,Turkey,0.0005,0.6749367426531977,0.3250632573468023,1,Germany,0.6749367426531977
103,final,Germany,United States,0.0005,0.7218320505053278,0.2781679494946721,1,Germany,0.7218320505053278
103,final,Germany,Uzbekistan,0.0005,0.8042269917905271,0.1957730082094728,1,Germany,0.8042269917905271
103,final,Haiti,Portugal,0.0005,0.11441095385022,0.88558904614978,1,Portugal,0.88558904614978
103,final,Iran,Brazil,0.0005,0.3033626924015351,0.6966373075984649,1,Brazil,0.6966373075984649
103,final,Iran,Croatia,0.0005,0.4369254907460297,0.5630745092539703,1,Croatia,0.5630745092539703
103,final,Iran,Egypt,0.0005,0.6354711966943057,0.3645288033056942,1,Iran,0.6354711966943057
103,final,Iran,Mexico,0.0005,0.4064808765453856,0.5935191234546143,1,Mexico,0.5935191234546143
103,final,Iran,Portugal,0.0005,0.3034223906996137,0.6965776093003863,1,Portugal,0.6965776093003863
103,final,Iran,Spain,0.0005,0.1786853972613153,0.8213146027386846,1,Spain,0.8213146027386846
103,final,Iran,Switzerland,0.0005,0.4261216377656815,0.5738783622343184,1,Switzerland,0.5738783622343184
103,final,Ivory Coast,Austria,0.0005,0.4209172042730025,0.5790827957269975,1,Austria,0.5790827957269975
103,final,Ivory Coast,Belgium,0.0005,0.3369816690868308,0.6630183309131692,1,Belgium,0.6630183309131692
103,final,Ivory Coast,Iran,0.0005,0.4898157923198761,0.5101842076801238,1,Iran,0.5101842076801238
103,final,Ivory Coast,Morocco,0.0005,0.3205262957305357,0.6794737042694643,1,Morocco,0.6794737042694643
103,final,Ivory Coast,Norway,0.0005,0.3480488441110279,0.6519511558889721,1,Norway,0.6519511558889721
103,final,Ivory Coast,Spain,0.0005,0.1764558064505118,0.8235441935494883,1,Spain,0.8235441935494883
103,final,Japan,South Korea,0.0005,0.7059869771401657,0.2940130228598343,1,Japan,0.7059869771401657
103,final,Japan,Switzerland,0.0005,0.5892634409750469,0.4107365590249531,1,Japan,0.5892634409750469
103,final,Jordan,Ivory Coast,0.0005,0.2743872405100125,0.7256127594899875,1,Ivory Coast,0.7256127594899875
103,final,Mexico,Australia,0.0005,0.5819475139388012,0.4180524860611988,1,Mexico,0.5819475139388012
103,final,Mexico,Austria,0.0005,0.5249656374499652,0.4750343625500348,1,Mexico,0.5249656374499652
103,final,Mexico,Brazil,0.0005,0.3779947234879577,0.6220052765120423,1,Brazil,0.6220052765120423
103,final,Mexico,Croatia,0.0005,0.5284493774578728,0.4715506225421272,1,Mexico,0.5284493774578728
103,final,Mexico,Ecuador,0.0005,0.5071213304136917,0.4928786695863083,1,Mexico,0.5071213304136917
103,final,Mexico,Haiti,0.0005,0.834902691539221,0.1650973084607789,1,Mexico,0.834902691539221
103,final,Mexico,Japan,0.0005,0.4299416283593597,0.5700583716406402,1,Japan,0.5700583716406402
103,final,Mexico,Morocco,0.0005,0.423538990697004,0.576461009302996,1,Morocco,0.576461009302996
103,final,Mexico,Norway,0.0005,0.4441436045502537,0.5558563954497463,1,Norway,0.5558563954497463
103,final,Mexico,Senegal,0.0005,0.6035669214969015,0.3964330785030985,1,Mexico,0.6035669214969015
103,final,Mexico,South Korea,0.0005,0.6418398825977074,0.3581601174022926,1,Mexico,0.6418398825977074
103,final,Morocco,Colombia,0.0005,0.4760490749972408,0.5239509250027592,1,Colombia,0.5239509250027592
103,final,Morocco,Egypt,0.0005,0.7790286590357367,0.2209713409642633,1,Morocco,0.7790286590357367
103,final,Morocco,Netherlands,0.0005,0.519993053000307,0.480006946999693,1,Morocco,0.519993053000307
103,final,Morocco,Scotland,0.0005,0.731594102761061,0.268405897238939,1,Morocco,0.731594102761061
103,final,Morocco,Senegal,0.0005,0.6803439236165755,0.3196560763834245,1,Morocco,0.6803439236165755
103,final,Morocco,Turkey,0.0005,0.6441239117528219,0.3558760882471781,1,Morocco,0.6441239117528219
103,final,Morocco,Uruguay,0.0005,0.6513203764426287,0.3486796235573712,1,Morocco,0.6513203764426287
103,final,Netherlands,Canada,0.0005,0.6680100079052506,0.3319899920947494,1,Netherlands,0.6680100079052506
103,final,Netherlands,Germany,0.0005,0.4539848133013127,0.5460151866986873,1,Germany,0.5460151866986873
103,final,Netherlands,Norway,0.0005,0.5058445537066099,0.4941554462933901,1,Netherlands,0.5058445537066099
103,final,Netherlands,South Korea,0.0005,0.6980918600321081,0.3019081399678919,1,Netherlands,0.6980918600321081
103,final,Netherlands,United States,0.0005,0.6817448769526157,0.3182551230473843,1,Netherlands,0.6817448769526157
103,final,Norway,Canada,0.0005,0.6609814789276468,0.3390185210723532,1,Norway,0.6609814789276468
103,final,Norway,Croatia,0.0005,0.5871418293416865,0.4128581706583135,1,Norway,0.5871418293416865
103,final,Norway,Senegal,0.0005,0.6524214915425269,0.347578508457473,1,Norway,0.6524214915425269
103,final,Norway,Uruguay,0.0005,0.6376019105087947,0.3623980894912053,1,Norway,0.6376019105087947
103,final,Panama,England,0.0005,0.1423220740742475,0.8576779259257525,1,England,0.8576779259257525
103,final,Paraguay,Colombia,0.0005,0.2181656495635931,0.7818343504364069,1,Colombia,0.7818343504364069
103,final,Portugal,Algeria,0.0005,0.6549551866944877,0.3450448133055123,1,Portugal,0.6549551866944877
103,final,Portugal,Australia,0.0005,0.6902788745166872,0.3097211254833127,1,Portugal,0.6902788745166872
103,final,Portugal,Belgium,0.0005,0.5489262773897602,0.4510737226102398,1,Portugal,0.5489262773897602
103,final,Portugal,Mexico,0.0005,0.6167820099898215,0.3832179900101785,1,Portugal,0.6167820099898215
103,final,Portugal,Morocco,0.0005,0.5335587796488052,0.4664412203511948,1,Portugal,0.5335587796488052
103,final,Portugal,Senegal,0.0005,0.7036616286545448,0.2963383713454551,1,Portugal,0.7036616286545448
103,final,Saudi Arabia,Spain,0.0005,0.0545530941368775,0.9454469058631224,1,Spain,0.9454469058631224
103,final,Scotland,Austria,0.0005,0.3572680115313867,0.6427319884686133,1,Austria,0.6427319884686133
103,final,Scotland,Belgium,0.0005,0.2757700936342468,0.7242299063657531,1,Belgium,0.7242299063657531
103,final,Scotland,Germany,0.0005,0.2444590115041058,0.7555409884958941,1,Germany,0.7555409884958941
103,final,Scotland,Morocco,0.0005,0.2684058972389391,0.7315941027610608,1,Morocco,0.7315941027610608
103,final,Scotland,Spain,0.0005,0.1306896493833094,0.8693103506166906,1,Spain,0.8693103506166906
103,final,Scotland,Switzerland,0.0005,0.3532980960955659,0.6467019039044342,1,Switzerland,0.6467019039044342
103,final,Senegal,Germany,0.0005,0.3049306106570564,0.6950693893429436,1,Germany,0.6950693893429436
103,final,Senegal,Iran,0.0005,0.4896034543251663,0.5103965456748337,1,Iran,0.5103965456748337
103,final,Senegal,Mexico,0.0005,0.3964330785030985,0.6035669214969015,1,Mexico,0.6035669214969015
103,final,Senegal,Portugal,0.0005,0.2963383713454552,0.7036616286545447,1,Portugal,0.7036616286545447
103,final,Senegal,Spain,0.0005,0.175792476901529,0.824207523098471,1,Spain,0.824207523098471
103,final,South Korea,Algeria,0.0005,0.4042349429482656,0.5957650570517343,1,Algeria,0.5957650570517343
103,final,South Korea,Austria,0.0005,0.3787292114233195,0.6212707885766804,1,Austria,0.6212707885766804
103,final,South Korea,Colombia,0.0005,0.2718021137617313,0.7281978862382688,1,Colombia,0.7281978862382688
103,final,South Korea,Croatia,0.0005,0.3858546050120519,0.6141453949879481,1,Croatia,0.6141453949879481
103,final,South Korea,Uruguay,0.0005,0.4391951388213507,0.5608048611786494,1,Uruguay,0.5608048611786494
103,final,Spain,Senegal,0.0005,0.8242075230984709,0.1757924769015291,1,Spain,0.8242075230984709
103,final,Spain,South Korea,0.0005,0.85493237995897,0.14506762004103,1,Spain,0.85493237995897
103,final,Spain,Sweden,0.0005,0.8915005957312603,0.1084994042687397,1,Spain,0.8915005957312603
103,final,Sweden,France,0.0005,0.1666613636618711,0.8333386363381288,1,France,0.8333386363381288
103,final,Sweden,Spain,0.0005,0.1084994042687396,0.8915005957312603,1,Spain,0.8915005957312603
103,final,Switzerland,Belgium,0.0005,0.4124968481013105,0.5875031518986895,1,Belgium,0.5875031518986895
103,final,Switzerland,Brazil,0.0005,0.3622047537962788,0.6377952462037211,1,Brazil,0.6377952462037211
103,final,Switzerland,Ecuador,0.0005,0.4923066498666708,0.5076933501333292,1,Ecuador,0.5076933501333292
103,final,Switzerland,Iran,0.0005,0.5738783622343185,0.4261216377656814,1,Switzerland,0.5738783622343185
103,final,Switzerland,Japan,0.0005,0.4107365590249531,0.5892634409750469,1,Japan,0.5892634409750469
103,final,Switzerland,Mexico,0.0005,0.4830256084431452,0.5169743915568548,1,Mexico,0.5169743915568548
103,final,Switzerland,Portugal,0.0005,0.3647835987928265,0.6352164012071735,1,Portugal,0.6352164012071735
103,final,Switzerland,Uzbekistan,0.0005,0.7125533399250342,0.2874466600749658,1,Switzerland,0.7125533399250342
103,final,Turkey,Algeria,0.0005,0.4804573998739981,0.5195426001260018,1,Algeria,0.5195426001260018
103,final,Turkey,Belgium,0.0005,0.3629854617131776,0.6370145382868224,1,Belgium,0.6370145382868224
103,final,Turkey,Croatia,0.0005,0.460397868520707,0.5396021314792929,1,Croatia,0.5396021314792929
103,final,Turkey,England,0.0005,0.2937033554540241,0.7062966445459758,1,England,0.7062966445459758
103,final,Turkey,France,0.0005,0.2611546330782895,0.7388453669217104,1,France,0.7388453669217104
103,final,Turkey,Japan,0.0005,0.3617570144966145,0.6382429855033855,1,Japan,0.6382429855033855
103,final,Turkey,Norway,0.0005,0.373853331425247,0.626146668574753,1,Norway,0.626146668574753
103,final,Turkey,Uruguay,0.0005,0.5195412395318159,0.4804587604681841,1,Turkey,0.5195412395318159
103,final,United States,Australia,0.0005,0.4602536676776663,0.5397463323223337,1,Australia,0.5397463323223337
103,final,United States,Belgium,0.0005,0.3135038835148105,0.6864961164851895,1,Belgium,0.6864961164851895
103,final,United States,Brazil,0.0005,0.2720069743354856,0.7279930256645144,1,Brazil,0.7279930256645144
103,final,United States,Croatia,0.0005,0.4069908421431281,0.5930091578568719,1,Croatia,0.5930091578568719
103,final,United States,Japan,0.0005,0.3126824744310255,0.6873175255689745,1,Japan,0.6873175255689745
103,final,Uruguay,Brazil,0.0005,0.3002515822947824,0.6997484177052176,1,Brazil,0.6997484177052176
103,final,Uruguay,Ecuador,0.0005,0.4253763082912523,0.5746236917087477,1,Ecuador,0.5746236917087477
103,final,Uruguay,Norway,0.0005,0.3623980894912054,0.6376019105087947,1,Norway,0.6376019105087947
103,final,Uruguay,Portugal,0.0005,0.3057148687683689,0.6942851312316312,1,Portugal,0.6942851312316312
103,final,Uzbekistan,Norway,0.0005,0.228896713544625,0.771103286455375,1,Norway,0.771103286455375
104,third_place,Spain,Argentina,0.0085,0.5036411800878304,0.4963588199121695,17,Spain,0.5036411800878304
104,third_place,Spain,England,0.0085,0.6506132074153649,0.3493867925846351,17,Spain,0.6506132074153649
104,third_place,Germany,Argentina,0.0075,0.3106139261937999,0.6893860738062001,15,Argentina,0.6893860738062001
104,third_place,Brazil,England,0.006,0.4758916732593793,0.5241083267406206,12,England,0.5241083267406206
104,third_place,Germany,Portugal,0.006,0.4900563816683013,0.5099436183316988,12,Portugal,0.5099436183316988
104,third_place,Morocco,England,0.006,0.43326451114787,0.5667354888521299,12,England,0.5667354888521299
104,third_place,Spain,Morocco,0.006,0.7000945161808321,0.2999054838191679,12,Spain,0.7000945161808321
104,third_place,Spain,Portugal,0.006,0.6808348554203627,0.3191651445796373,12,Spain,0.6808348554203627
104,third_place,Belgium,Argentina,0.0055,0.2782363553785841,0.721763644621416,11,Argentina,0.721763644621416
104,third_place,Brazil,Argentina,0.0055,0.3286788250287324,0.6713211749712675,11,Argentina,0.6713211749712675
104,third_place,Germany,England,0.0055,0.4567229250750212,0.5432770749249787,11,England,0.5432770749249787
104,third_place,Japan,England,0.005,0.4221278680884,0.5778721319116,10,England,0.5778721319116
104,third_place,Netherlands,England,0.005,0.4138619339397386,0.5861380660602613,10,England,0.5861380660602613
104,third_place,Norway,England,0.005,0.405433527760985,0.5945664722390149,10,England,0.5945664722390149
104,third_place,Switzerland,Argentina,0.005,0.215041365343052,0.784958634656948,10,Argentina,0.784958634656948
104,third_place,Germany,France,0.0045,0.4211949017114909,0.5788050982885091,9,France,0.5788050982885091
104,third_place,Japan,Portugal,0.0045,0.454115644037336,0.5458843559626639,9,Portugal,0.5458843559626639
104,third_place,Netherlands,Portugal,0.0045,0.4445863659744167,0.5554136340255833,9,Portugal,0.5554136340255833
104,third_place,Spain,Mexico,0.0045,0.7727159416693311,0.2272840583306689,9,Spain,0.7727159416693311
104,third_place,Belgium,Morocco,0.004,0.4813352452931579,0.5186647547068421,8,Morocco,0.5186647547068421
104,third_place,Brazil,France,0.004,0.4327277405038423,0.5672722594961577,8,France,0.5672722594961577
104,third_place,Brazil,Morocco,0.004,0.5425992702828227,0.4574007297171772,8,Brazil,0.5425992702828227
104,third_place,France,England,0.004,0.5407125759294871,0.4592874240705129,8,France,0.5407125759294871
104,third_place,France,Germany,0.004,0.5788050982885091,0.4211949017114909,8,France,0.5788050982885091
104,third_place,Netherlands,Argentina,0.004,0.2746512471607698,0.7253487528392302,8,Argentina,0.7253487528392302
104,third_place,Netherlands,Brazil,0.004,0.4417286965171518,0.5582713034828481,8,Brazil,0.5582713034828481
104,third_place,Netherlands,France,0.004,0.3771078131301625,0.6228921868698374,8,France,0.6228921868698374
104,third_place,Norway,Argentina,0.004,0.2682931865706414,0.7317068134293585,8,Argentina,0.7317068134293585
104,third_place,Norway,France,0.004,0.3731989438321643,0.6268010561678357,8,France,0.6268010561678357
104,third_place,Norway,Portugal,0.004,0.4387997217118703,0.5612002782881297,8,Portugal,0.5612002782881297
104,third_place,South Korea,Argentina,0.004,0.1420312711509165,0.8579687288490835,8,Argentina,0.8579687288490835
104,third_place,Spain,Colombia,0.004,0.694699065299504,0.305300934700496,8,Spain,0.694699065299504
104,third_place,Spain,Ecuador,0.004,0.7794478464405015,0.2205521535594985,8,Spain,0.7794478464405015
104,third_place,Sweden,Portugal,0.004,0.2060232804133542,0.7939767195866458,8,Portugal,0.7939767195866458
104,third_place,Argentina,England,0.0035,0.6497466985839564,0.3502533014160436,7,Argentina,0.6497466985839564
104,third_place,Australia,Portugal,0.0035,0.3097211254833127,0.6902788745166872,7,Portugal,0.6902788745166872
104,third_place,Brazil,Belgium,0.0035,0.5522777230228455,0.4477222769771545,7,Brazil,0.5522777230228455
104,third_place,Brazil,Netherlands,0.0035,0.5582713034828483,0.4417286965171517,7,Brazil,0.5582713034828483
104,third_place,Colombia,Portugal,0.0035,0.4851277415658507,0.5148722584341493,7,Portugal,0.5148722584341493
104,third_place,Croatia,Argentina,0.0035,0.2074395321857029,0.7925604678142971,7,Argentina,0.7925604678142971
104,third_place,France,Argentina,0.0035,0.3893396037988301,0.6106603962011699,7,Argentina,0.6106603962011699
104,third_place,France,Mexico,0.0035,0.6813287066420032,0.3186712933579968,7,France,0.6813287066420032
104,third_place,France,Morocco,0.0035,0.6025427783334902,0.3974572216665097,7,France,0.6025427783334902
104,third_place,France,Norway,0.0035,0.6268010561678357,0.3731989438321643,7,France,0.6268010561678357
104,third_place,Germany,Morocco,0.0035,0.5211273502627868,0.4788726497372132,7,Germany,0.5211273502627868
104,third_place,Japan,Argentina,0.0035,0.2826527020030189,0.717347297996981,7,Argentina,0.717347297996981
104,third_place,Japan,Croatia,0.0035,0.6002750789326254,0.3997249210673745,7,Japan,0.6002750789326254
104,third_place,Japan,Morocco,0.0035,0.4884458508633549,0.5115541491366451,7,Morocco,0.5115541491366451
104,third_place,Mexico,Argentina,0.0035,0.2297014591065931,0.7702985408934069,7,Argentina,0.7702985408934069
104,third_place,Mexico,England,0.0035,0.3564193561485932,0.6435806438514067,7,England,0.6435806438514067
104,third_place,Morocco,Algeria,0.0035,0.6316829775356583,0.3683170224643417,7,Morocco,0.6316829775356583
104,third_place,Morocco,Argentina,0.0035,0.2949858198885928,0.7050141801114072,7,Argentina,0.7050141801114072
104,third_place,Morocco,France,0.0035,0.3974572216665097,0.6025427783334902,7,France,0.6025427783334902
104,third_place,Spain,France,0.0035,0.6173227703127786,0.3826772296872214,7,Spain,0.6173227703127786
104,third_place,Spain,Switzerland,0.0035,0.787841276349389,0.2121587236506109,7,Spain,0.787841276349389
104,third_place,Algeria,Argentina,0.003,0.2018105974888968,0.7981894025111032,6,Argentina,0.7981894025111032
104,third_place,Argentina,Algeria,0.003,0.7981894025111033,0.2018105974888967,6,Argentina,0.7981894025111033
104,third_place,Argentina,Austria,0.003,0.7864158627774342,0.2135841372225657,6,Argentina,0.7864158627774342
104,third_place,Argentina,Germany,0.003,0.6893860738062,0.3106139261938,6,Argentina,0.6893860738062
104,third_place,Australia,England,0.003,0.2839853664620385,0.7160146335379616,6,England,0.7160146335379616
104,third_place,Belgium,England,0.003,0.4171969168967455,0.5828030831032545,6,England,0.5828030831032545
104,third_place,Brazil,Austria,0.003,0.6378355718505213,0.3621644281494787,6,Brazil,0.6378355718505213
104,third_place,Brazil,Canada,0.003,0.717031088050959,0.2829689119490409,6,Brazil,0.717031088050959
104,third_place,Colombia,Argentina,0.003,0.3111625984401425,0.6888374015598575,6,Argentina,0.6888374015598575
104,third_place,Colombia,France,0.003,0.4143560490264377,0.5856439509735623,6,France,0.5856439509735623
104,third_place,Germany,Algeria,0.003,0.6446525051460171,0.3553474948539828,6,Germany,0.6446525051460171
104,third_place,Germany,Colombia,0.003,0.5058761411330285,0.4941238588669715,6,Germany,0.5058761411330285
104,third_place,Germany,Ecuador,0.003,0.6152103709855715,0.3847896290144285,6,Germany,0.6152103709855715
104,third_place,Germany,Uruguay,0.003,0.6868377826144028,0.3131622173855972,6,Germany,0.6868377826144028
104,third_place,Ivory Coast,Portugal,0.003,0.2965167682252421,0.7034832317747579,6,Portugal,0.7034832317747579
104,third_place,Japan,Colombia,0.003,0.4673406595429231,0.5326593404570769,6,Colombia,0.5326593404570769
104,third_place,Japan,Norway,0.003,0.5165817229429333,0.4834182770570667,6,Japan,0.5165817229429333
104,third_place,Mexico,Germany,0.003,0.3923201644078186,0.6076798355921814,6,Germany,0.6076798355921814
104,third_place,Mexico,Portugal,0.003,0.3832179900101784,0.6167820099898216,6,Portugal,0.6167820099898216
104,third_place,Morocco,Belgium,0.003,0.518664754706842,0.4813352452931579,6,Morocco,0.518664754706842
104,third_place,Morocco,Colombia,0.003,0.4760490749972408,0.5239509250027592,6,Colombia,0.5239509250027592
104,third_place,Norway,Morocco,0.003,0.469456036215174,0.5305439637848259,6,Morocco,0.5305439637848259
104,third_place,Norway,Switzerland,0.003,0.5760801599693844,0.4239198400306155,6,Norway,0.5760801599693844
104,third_place,Portugal,Colombia,0.003,0.5148722584341492,0.4851277415658508,6,Portugal,0.5148722584341492
104,third_place,South Korea,Colombia,0.003,0.2718021137617313,0.7281978862382688,6,Colombia,0.7281978862382688
104,third_place,Spain,Belgium,0.003,0.718245495628734,0.281754504371266,6,Spain,0.718245495628734
104,third_place,Spain,Germany,0.003,0.6892983649235424,0.3107016350764576,6,Spain,0.6892983649235424
104,third_place,Spain,Japan,0.003,0.7161674663056758,0.2838325336943241,6,Spain,0.7161674663056758
104,third_place,Spain,Netherlands,0.003,0.7268481629392349,0.273151837060765,6,Spain,0.7268481629392349
104,third_place,Argentina,Belgium,0.0025,0.721763644621416,0.278236355378584,5,Argentina,0.721763644621416
104,third_place,Argentina,Croatia,0.0025,0.792560467814297,0.207439532185703,5,Argentina,0.792560467814297
104,third_place,Argentina,Portugal,0.0025,0.6791157418053987,0.3208842581946013,5,Argentina,0.6791157418053987
104,third_place,Argentina,Spain,0.0025,0.4963588199121695,0.5036411800878304,5,Spain,0.5036411800878304
104,third_place,Brazil,Japan,0.0025,0.5510821517919142,0.4489178482080858,5,Brazil,0.5510821517919142
104,third_place,Brazil,Portugal,0.0025,0.5038340158816202,0.4961659841183797,5,Brazil,0.5038340158816202
104,third_place,Croatia,England,0.0025,0.3282229857475139,0.671777014252486,5,England,0.671777014252486
104,third_place,France,Belgium,0.0025,0.6154139434718525,0.3845860565281475,5,France,0.6154139434718525
104,third_place,France,United States,0.0025,0.7785066247706719,0.2214933752293281,5,France,0.7785066247706719
104,third_place,Germany,Croatia,0.0025,0.6376517400981994,0.3623482599018006,5,Germany,0.6376517400981994
104,third_place,Germany,Ivory Coast,0.0025,0.6946816091101021,0.3053183908898979,5,Germany,0.6946816091101021
104,third_place,Germany,Mexico,0.0025,0.6076798355921814,0.3923201644078186,5,Germany,0.6076798355921814
104,third_place,Germany,Norway,0.0025,0.5509906922313266,0.4490093077686734,5,Germany,0.5509906922313266
104,third_place,Ivory Coast,Colombia,0.0025,0.3089151334589625,0.6910848665410375,5,Colombia,0.6910848665410375
104,third_place,Ivory Coast,Germany,0.0025,0.3053183908898979,0.694681609110102,5,Germany,0.694681609110102
104,third_place,Ivory Coast,Morocco,0.0025,0.3205262957305357,0.6794737042694643,5,Morocco,0.6794737042694643
104,third_place,Japan,Algeria,0.0025,0.6169532343531656,0.3830467656468344,5,Japan,0.6169532343531656
104,third_place,Japan,Belgium,0.0025,0.504326817326342,0.495673182673658,5,Japan,0.504326817326342
104,third_place,Japan,Germany,0.0025,0.4647535316664071,0.5352464683335929,5,Germany,0.5352464683335929
104,third_place,Japan,Netherlands,0.0025,0.5090408419490422,0.4909591580509578,5,Japan,0.5090408419490422
104,third_place,Mexico,Brazil,0.0025,0.3779947234879577,0.6220052765120423,5,Brazil,0.6220052765120423
104,third_place,Morocco,Japan,0.0025,0.5115541491366451,0.4884458508633549,5,Morocco,0.5115541491366451
104,third_place,Morocco,Norway,0.0025,0.5305439637848259,0.469456036215174,5,Morocco,0.5305439637848259
104,third_place,Netherlands,Belgium,0.0025,0.4935662923358206,0.5064337076641794,5,Belgium,0.5064337076641794
104,third_place,Netherlands,Japan,0.0025,0.4909591580509577,0.5090408419490422,5,Japan,0.5090408419490422
104,third_place,Netherlands,Morocco,0.0025,0.4800069469996931,0.519993053000307,5,Morocco,0.519993053000307
104,third_place,Norway,Iran,0.0025,0.6441188672606941,0.3558811327393059,5,Norway,0.6441188672606941
104,third_place,Portugal,England,0.0025,0.4680441072500487,0.5319558927499513,5,England,0.5319558927499513
104,third_place,Scotland,Argentina,0.0025,0.1299639808350928,0.8700360191649072,5,Argentina,0.8700360191649072
104,third_place,Senegal,Netherlands,0.0025,0.3425336358894176,0.6574663641105825,5,Netherlands,0.6574663641105825
104,third_place,South Korea,England,0.0025,0.2338573987254907,0.7661426012745093,5,England,0.7661426012745093
104,third_place,Spain,Brazil,0.0025,0.6788590029159796,0.3211409970840204,5,Spain,0.6788590029159796
104,third_place,Switzerland,England,0.0025,0.3384388198346133,0.6615611801653867,5,England,0.6615611801653867
104,third_place,Switzerland,France,0.0025,0.302745887825617,0.6972541121743829,5,France,0.6972541121743829
104,third_place,Switzerland,Mexico,0.0025,0.4830256084431452,0.5169743915568548,5,Mexico,0.5169743915568548
104,third_place,Algeria,England,0.002,0.3126335727182668,0.6873664272817331,4,England,0.6873664272817331
104,third_place,Argentina,Scotland,0.002,0.8700360191649071,0.1299639808350928,4,Argentina,0.8700360191649071
104,third_place,Australia,Belgium,0.002,0.3537260821589986,0.6462739178410013,4,Belgium,0.6462739178410013
104,third_place,Australia,Germany,0.002,0.3177918549785908,0.6822081450214093,4,Germany,0.6822081450214093
104,third_place,Australia,Ivory Coast,0.002,0.5238389687454257,0.4761610312545743,4,Australia,0.5238389687454257
104,third_place,Australia,Mexico,0.002,0.4180524860611988,0.5819475139388012,4,Mexico,0.5819475139388012
104,third_place,Australia,Morocco,0.002,0.3433167218853207,0.6566832781146792,4,Morocco,0.6566832781146792
104,third_place,Australia,Netherlands,0.002,0.3580859676202936,0.6419140323797063,4,Netherlands,0.6419140323797063
104,third_place,Austria,Argentina,0.002,0.2135841372225659,0.786415862777434,4,Argentina,0.786415862777434
104,third_place,Austria,Morocco,0.002,0.3929587396627848,0.6070412603372153,4,Morocco,0.6070412603372153
104,third_place,Belgium,Algeria,0.002,0.6111852918882693,0.3888147081117307,4,Belgium,0.6111852918882693
104,third_place,Belgium,Colombia,0.002,0.4655304601782322,0.5344695398217678,4,Colombia,0.5344695398217678
104,third_place,Belgium,France,0.002,0.3845860565281475,0.6154139434718524,4,France,0.6154139434718524
104,third_place,Belgium,Germany,0.002,0.4616721197552071,0.5383278802447928,4,Germany,0.5383278802447928
104,third_place,Belgium,Spain,0.002,0.281754504371266,0.718245495628734,4,Spain,0.718245495628734
104,third_place,Brazil,Colombia,0.002,0.5191582659014742,0.4808417340985258,4,Brazil,0.5191582659014742
104,third_place,Brazil,Iran,0.002,0.6966373075984648,0.3033626924015352,4,Brazil,0.6966373075984648
104,third_place,Brazil,Mexico,0.002,0.6220052765120422,0.3779947234879578,4,Brazil,0.6220052765120422
104,third_place,Brazil,Norway,0.002,0.56375835646923,0.43624164353077,4,Brazil,0.56375835646923
104,third_place,Brazil,Spain,0.002,0.3211409970840203,0.6788590029159797,4,Spain,0.6788590029159797
104,third_place,Brazil,Switzerland,0.002,0.6377952462037213,0.3622047537962787,4,Brazil,0.6377952462037213
104,third_place,Canada,England,0.002,0.2625536751077609,0.737446324892239,4,England,0.737446324892239
104,third_place,Colombia,Spain,0.002,0.3053009347004959,0.6946990652995041,4,Spain,0.6946990652995041
104,third_place,England,France,0.002,0.4592874240705129,0.5407125759294871,4,France,0.5407125759294871
104,third_place,England,Spain,0.002,0.349386792584635,0.650613207415365,4,Spain,0.650613207415365
104,third_place,France,Austria,0.002,0.6937631089643165,0.3062368910356835,4,France,0.6937631089643165
104,third_place,Germany,Australia,0.002,0.6822081450214091,0.3177918549785908,4,Germany,0.6822081450214091
104,third_place,Germany,Austria,0.002,0.6260721754953177,0.3739278245046823,4,Germany,0.6260721754953177
104,third_place,Germany,Belgium,0.002,0.5383278802447928,0.4616721197552071,4,Germany,0.5383278802447928
104,third_place,Iran,Colombia,0.002,0.316842463255512,0.683157536744488,4,Colombia,0.683157536744488
104,third_place,Ivory Coast,Argentina,0.002,0.1686580512378718,0.8313419487621282,4,Argentina,0.8313419487621282
104,third_place,Ivory Coast,Ecuador,0.002,0.3995942533189633,0.6004057466810366,4,Ecuador,0.6004057466810366
104,third_place,Japan,Ecuador,0.002,0.5755068478174742,0.4244931521825258,4,Japan,0.5755068478174742
104,third_place,Japan,Spain,0.002,0.2838325336943242,0.7161674663056758,4,Spain,0.7161674663056758
104,third_place,Japan,United States,0.002,0.6873175255689746,0.3126824744310253,4,Japan,0.6873175255689746
104,third_place,Mexico,Algeria,0.002,0.551676448389302,0.448323551610698,4,Mexico,0.551676448389302
104,third_place,Mexico,Ecuador,0.002,0.5071213304136917,0.4928786695863083,4,Mexico,0.5071213304136917
104,third_place,Mexico,France,0.002,0.3186712933579968,0.6813287066420032,4,France,0.6813287066420032
104,third_place,Morocco,Mexico,0.002,0.576461009302996,0.4235389906970039,4,Morocco,0.576461009302996
104,third_place,Morocco,Portugal,0.002,0.4664412203511948,0.5335587796488053,4,Portugal,0.5335587796488053
104,third_place,Netherlands,Algeria,0.002,0.605889073884342,0.394110926115658,4,Netherlands,0.605889073884342
104,third_place,Netherlands,Colombia,0.002,0.4599701935700265,0.5400298064299736,4,Colombia,0.5400298064299736
104,third_place,Netherlands,South Korea,0.002,0.6980918600321081,0.3019081399678919,4,Netherlands,0.6980918600321081
104,third_place,Netherlands,Spain,0.002,0.273151837060765,0.7268481629392349,4,Spain,0.7268481629392349
104,third_place,Norway,Belgium,0.002,0.4872773310783438,0.5127226689216562,4,Belgium,0.5127226689216562
104,third_place,Norway,Colombia,0.002,0.453837430533565,0.5461625694664349,4,Colombia,0.5461625694664349
104,third_place,Norway,Croatia,0.002,0.5871418293416865,0.4128581706583135,4,Norway,0.5871418293416865
104,third_place,Norway,Germany,0.002,0.4490093077686735,0.5509906922313265,4,Germany,0.5509906922313265
104,third_place,Norway,Netherlands,0.002,0.4941554462933903,0.5058445537066096,4,Netherlands,0.5058445537066096
104,third_place,Norway,United States,0.002,0.6763808632370946,0.3236191367629054,4,Norway,0.6763808632370946
104,third_place,Portugal,Brazil,0.002,0.4961659841183798,0.5038340158816201,4,Brazil,0.5038340158816201
104,third_place,Scotland,Germany,0.002,0.2444590115041058,0.7555409884958941,4,Germany,0.7555409884958941
104,third_place,Senegal,England,0.002,0.2673609845637714,0.7326390154362286,4,England,0.7326390154362286
104,third_place,South Korea,Algeria,0.002,0.4042349429482656,0.5957650570517343,4,Algeria,0.5957650570517343
104,third_place,Spain,Algeria,0.002,0.7881408900851218,0.2118591099148782,4,Spain,0.7881408900851218
104,third_place,Spain,Austria,0.002,0.7807493080650736,0.2192506919349264,4,Spain,0.7807493080650736
104,third_place,Spain,Ivory Coast,0.002,0.8235441935494884,0.1764558064505116,4,Spain,0.8235441935494884
104,third_place,Spain,Turkey,0.002,0.8209822422502993,0.1790177577497007,4,Spain,0.8209822422502993
104,third_place,Sweden,Uruguay,0.002,0.3811117927750516,0.6188882072249484,4,Uruguay,0.6188882072249484
104,third_place,Switzerland,Algeria,0.002,0.5304638999308073,0.4695361000691926,4,Switzerland,0.5304638999308073
104,third_place,Switzerland,Netherlands,0.002,0.4174274439846069,0.5825725560153932,4,Netherlands,0.5825725560153932
104,third_place,Switzerland,Portugal,0.002,0.3647835987928265,0.6352164012071735,4,Portugal,0.6352164012071735
104,third_place,United States,Ecuador,0.002,0.3910927664986768,0.6089072335013233,4,Ecuador,0.6089072335013233
104,third_place,Algeria,Brazil,0.0015,0.3429296326324112,0.6570703673675888,3,Brazil,0.6570703673675888
104,third_place,Argentina,Egypt,0.0015,0.8905608299179243,0.1094391700820757,3,Argentina,0.8905608299179243
104,third_place,Argentina,Morocco,0.0015,0.7050141801114073,0.2949858198885927,3,Argentina,0.7050141801114073
104,third_place,Argentina,United States,0.0015,0.8490512283503296,0.1509487716496703,3,Argentina,0.8490512283503296
104,third_place,Australia,Algeria,0.0015,0.469461863357657,0.530538136642343,3,Algeria,0.530538136642343
104,third_place,Austria,England,0.0015,0.332777078114494,0.667222921885506,3,England,0.667222921885506
104,third_place,Austria,Mexico,0.0015,0.4750343625500348,0.5249656374499652,3,Mexico,0.5249656374499652
104,third_place,Austria,Norway,0.0015,0.4221692493924313,0.5778307506075686,3,Norway,0.5778307506075686
104,third_place,Belgium,Austria,0.0015,0.5899503718421828,0.4100496281578172,3,Belgium,0.5899503718421828
104,third_place,Belgium,Japan,0.0015,0.4956731826736579,0.5043268173263421,3,Japan,0.5043268173263421
104,third_place,Belgium,Netherlands,0.0015,0.5064337076641794,0.4935662923358206,3,Belgium,0.5064337076641794
104,third_place,Belgium,Norway,0.0015,0.5127226689216561,0.4872773310783439,3,Belgium,0.5127226689216561
104,third_place,Belgium,Portugal,0.0015,0.4510737226102399,0.5489262773897601,3,Portugal,0.5489262773897601
104,third_place,Belgium,Senegal,0.0015,0.6636275305175622,0.3363724694824378,3,Belgium,0.6636275305175622
104,third_place,Brazil,Uruguay,0.0015,0.6997484177052177,0.3002515822947823,3,Brazil,0.6997484177052177
104,third_place,Canada,Colombia,0.0015,0.29773216405143,0.7022678359485699,3,Colombia,0.7022678359485699
104,third_place,Canada,France,0.0015,0.2337220197693532,0.7662779802306467,3,France,0.7662779802306467
104,third_place,Canada,Germany,0.0015,0.2932441498584868,0.7067558501415132,3,Germany,0.7067558501415132
104,third_place,Canada,Netherlands,0.0015,0.3319899920947495,0.6680100079052504,3,Netherlands,0.6680100079052504
104,third_place,Colombia,England,0.0015,0.4564994295204398,0.5435005704795601,3,England,0.5435005704795601
104,third_place,Colombia,Germany,0.0015,0.4941238588669714,0.5058761411330286,3,Germany,0.5058761411330286
104,third_place,Croatia,Portugal,0.0015,0.3543087552310293,0.6456912447689707,3,Portugal,0.6456912447689707
104,third_place,Czech Republic,Argentina,0.0015,0.1133839709862982,0.8866160290137017,3,Argentina,0.8866160290137017
104,third_place,Czech Republic,France,0.0015,0.1768845483858758,0.8231154516141241,3,France,0.8231154516141241
104,third_place,England,Colombia,0.0015,0.5435005704795601,0.4564994295204398,3,England,0.5435005704795601
104,third_place,England,Croatia,0.0015,0.6717770142524859,0.3282229857475141,3,England,0.6717770142524859
104,third_place,England,Norway,0.0015,0.5945664722390148,0.4054335277609852,3,England,0.5945664722390148
104,third_place,France,Algeria,0.0015,0.7083773545337946,0.2916226454662054,3,France,0.7083773545337946
104,third_place,France,Netherlands,0.0015,0.6228921868698374,0.3771078131301626,3,France,0.6228921868698374
104,third_place,France,Uruguay,0.0015,0.7521619179742991,0.2478380820257009,3,France,0.7521619179742991
104,third_place,Germany,Canada,0.0015,0.7067558501415132,0.2932441498584868,3,Germany,0.7067558501415132
104,third_place,Germany,Egypt,0.0015,0.7921898642673407,0.2078101357326592,3,Germany,0.7921898642673407
104,third_place,Germany,Netherlands,0.0015,0.5460151866986873,0.4539848133013127,3,Germany,0.5460151866986873
104,third_place,Germany,South Korea,0.0015,0.7355023979403271,0.2644976020596729,3,Germany,0.7355023979403271
104,third_place,Iran,Ecuador,0.0015,0.4115986289405436,0.5884013710594564,3,Ecuador,0.5884013710594564
104,third_place,Iran,Mexico,0.0015,0.4064808765453856,0.5935191234546143,3,Mexico,0.5935191234546143
104,third_place,Ivory Coast,France,0.0015,0.2483688646551094,0.7516311353448906,3,France,0.7516311353448906
104,third_place,Ivory Coast,Norway,0.0015,0.3480488441110279,0.6519511558889721,3,Norway,0.6519511558889721
104,third_place,Japan,Austria,0.0015,0.594278257190124,0.405721742809876,3,Japan,0.594278257190124
104,third_place,Japan,Brazil,0.0015,0.4489178482080859,0.5510821517919141,3,Brazil,0.5510821517919141
104,third_place,Japan,DR Congo,0.0015,0.8195784523298005,0.1804215476701994,3,Japan,0.8195784523298005
104,third_place,Japan,France,0.0015,0.3859328580126611,0.6140671419873389,3,France,0.6140671419873389
104,third_place,Mexico,Austria,0.0015,0.5249656374499652,0.4750343625500348,3,Mexico,0.5249656374499652
104,third_place,Mexico,Belgium,0.0015,0.4327787218025992,0.5672212781974009,3,Belgium,0.5672212781974009
104,third_place,Mexico,Ivory Coast,0.0015,0.6042495339709844,0.3957504660290156,3,Mexico,0.6042495339709844
104,third_place,Mexico,Morocco,0.0015,0.423538990697004,0.576461009302996,3,Morocco,0.576461009302996
104,third_place,Mexico,Netherlands,0.0015,0.4360147705568612,0.5639852294431388,3,Netherlands,0.5639852294431388
104,third_place,Mexico,Switzerland,0.0015,0.5169743915568549,0.4830256084431451,3,Mexico,0.5169743915568549
104,third_place,Mexico,Turkey,0.0015,0.5672713946185571,0.4327286053814428,3,Mexico,0.5672713946185571
104,third_place,Morocco,Austria,0.0015,0.6070412603372152,0.3929587396627848,3,Morocco,0.6070412603372152
104,third_place,Morocco,Brazil,0.0015,0.4574007297171774,0.5425992702828226,3,Brazil,0.5425992702828226
104,third_place,Morocco,Germany,0.0015,0.478872649737213,0.5211273502627869,3,Germany,0.5211273502627869
104,third_place,Morocco,Spain,0.0015,0.2999054838191679,0.7000945161808321,3,Spain,0.7000945161808321
104,third_place,Morocco,Uruguay,0.0015,0.6513203764426287,0.3486796235573712,3,Morocco,0.6513203764426287
104,third_place,Netherlands,Canada,0.0015,0.6680100079052506,0.3319899920947494,3,Netherlands,0.6680100079052506
104,third_place,Netherlands,Ecuador,0.0015,0.5721589868313772,0.4278410131686228,3,Netherlands,0.5721589868313772
104,third_place,Netherlands,Mexico,0.0015,0.5639852294431389,0.4360147705568611,3,Netherlands,0.5639852294431389
104,third_place,Netherlands,Switzerland,0.0015,0.582572556015393,0.4174274439846069,3,Netherlands,0.582572556015393
104,third_place,Netherlands,United States,0.0015,0.6817448769526157,0.3182551230473843,3,Netherlands,0.6817448769526157
104,third_place,Netherlands,Uruguay,0.0015,0.6462895786769144,0.3537104213230856,3,Netherlands,0.6462895786769144
104,third_place,Norway,Ecuador,0.0015,0.5622737540597605,0.4377262459402394,3,Norway,0.5622737540597605
104,third_place,Norway,Ivory Coast,0.0015,0.6519511558889721,0.3480488441110279,3,Norway,0.6519511558889721
104,third_place,Portugal,Belgium,0.0015,0.5489262773897602,0.4510737226102398,3,Portugal,0.5489262773897602
104,third_place,Portugal,Spain,0.0015,0.3191651445796372,0.6808348554203627,3,Spain,0.6808348554203627
104,third_place,Scotland,England,0.0015,0.2173613592619826,0.7826386407380174,3,England,0.7826386407380174
104,third_place,Senegal,Algeria,0.0015,0.4452557708194215,0.5547442291805784,3,Algeria,0.5547442291805784
104,third_place,Senegal,Austria,0.0015,0.4205184278143719,0.5794815721856281,3,Austria,0.5794815721856281
104,third_place,South Korea,Norway,0.0015,0.306127596358775,0.6938724036412249,3,Norway,0.6938724036412249
104,third_place,Spain,Australia,0.0015,0.8217449156889214,0.1782550843110786,3,Spain,0.8217449156889214
104,third_place,Spain,Canada,0.0015,0.8384086346551856,0.1615913653448144,3,Spain,0.8384086346551856
104,third_place,Spain,Croatia,0.0015,0.7950172076861441,0.2049827923138558,3,Spain,0.7950172076861441
104,third_place,Spain,Norway,0.0015,0.7287085506266876,0.2712914493733124,3,Spain,0.7287085506266876
104,third_place,Sweden,Argentina,0.0015,0.1094867435088094,0.8905132564911906,3,Argentina,0.8905132564911906
104,third_place,Sweden,Belgium,0.0015,0.2402161474677589,0.759783852532241,3,Belgium,0.759783852532241
104,third_place,Switzerland,Belgium,0.0015,0.4124968481013105,0.5875031518986895,3,Belgium,0.5875031518986895
104,third_place,Switzerland,Colombia,0.0015,0.3794847102843234,0.6205152897156766,3,Colombia,0.6205152897156766
104,third_place,Switzerland,Ecuador,0.0015,0.4923066498666708,0.5076933501333292,3,Ecuador,0.5076933501333292
104,third_place,Switzerland,Germany,0.0015,0.3729177845679968,0.6270822154320033,3,Germany,0.6270822154320033
104,third_place,Switzerland,Ivory Coast,0.0015,0.5844223499149902,0.4155776500850098,3,Switzerland,0.5844223499149902
104,third_place,Switzerland,Uruguay,0.0015,0.5688456814879852,0.4311543185120148,3,Switzerland,0.5688456814879852
104,third_place,Turkey,Algeria,0.0015,0.4804573998739981,0.5195426001260018,3,Algeria,0.5195426001260018
104,third_place,Turkey,England,0.0015,0.2937033554540241,0.7062966445459758,3,England,0.7062966445459758
104,third_place,Turkey,Germany,0.0015,0.3250632573468024,0.6749367426531976,3,Germany,0.6749367426531976
104,third_place,Turkey,Uzbekistan,0.0015,0.670279273552339,0.329720726447661,3,Turkey,0.670279273552339
104,third_place,United States,Argentina,0.0015,0.1509487716496702,0.8490512283503298,3,Argentina,0.8490512283503298
104,third_place,United States,Germany,0.0015,0.2781679494946722,0.7218320505053277,3,Germany,0.7218320505053277
104,third_place,United States,Morocco,0.0015,0.3077047879631326,0.6922952120368674,3,Morocco,0.6922952120368674
104,third_place,United States,Netherlands,0.0015,0.3182551230473843,0.6817448769526157,3,Netherlands,0.6817448769526157
104,third_place,Uruguay,Argentina,0.0015,0.1759488899695264,0.8240511100304735,3,Argentina,0.8240511100304735
104,third_place,Uzbekistan,Portugal,0.0015,0.1908435837674809,0.8091564162325191,3,Portugal,0.8091564162325191
104,third_place,Algeria,Belgium,0.001,0.3888147081117306,0.6111852918882694,2,Belgium,0.6111852918882694
104,third_place,Algeria,Ivory Coast,0.001,0.5538176014414555,0.4461823985585444,2,Algeria,0.5538176014414555
104,third_place,Algeria,Mexico,0.001,0.448323551610698,0.551676448389302,2,Mexico,0.551676448389302
104,third_place,Algeria,Norway,0.001,0.4007010050921404,0.5992989949078595,2,Norway,0.5992989949078595
104,third_place,Algeria,Portugal,0.001,0.3450448133055122,0.6549551866944878,2,Portugal,0.6549551866944878
104,third_place,Algeria,Spain,0.001,0.2118591099148783,0.7881408900851217,2,Spain,0.7881408900851217
104,third_place,Argentina,Czech Republic,0.001,0.8866160290137016,0.1133839709862983,2,Argentina,0.8866160290137016
104,third_place,Argentina,Ecuador,0.001,0.7738105148741702,0.2261894851258298,2,Argentina,0.7738105148741702
104,third_place,Argentina,Iran,0.001,0.8278198567650538,0.1721801432349462,2,Argentina,0.8278198567650538
104,third_place,Argentina,Mexico,0.001,0.7702985408934068,0.2297014591065932,2,Argentina,0.7702985408934068
104,third_place,Argentina,Norway,0.001,0.7317068134293585,0.2682931865706415,2,Argentina,0.7317068134293585
104,third_place,Argentina,Senegal,0.001,0.8321023248173701,0.1678976751826298,2,Argentina,0.8321023248173701
104,third_place,Australia,Brazil,0.001,0.3076279620755264,0.6923720379244735,2,Brazil,0.6923720379244735
104,third_place,Australia,Canada,0.001,0.5276744806929915,0.4723255193070085,2,Australia,0.5276744806929915
104,third_place,Australia,France,0.001,0.2557088366149584,0.7442911633850415,2,France,0.7442911633850415
104,third_place,Australia,Japan,0.001,0.3509868660962308,0.6490131339037691,2,Japan,0.6490131339037691
104,third_place,Australia,Spain,0.001,0.1782550843110787,0.8217449156889213,2,Spain,0.8217449156889213
104,third_place,Australia,Sweden,0.001,0.6264083731061677,0.3735916268938323,2,Australia,0.6264083731061677
104,third_place,Australia,Turkey,0.001,0.4858800066581931,0.5141199933418068,2,Turkey,0.5141199933418068
104,third_place,Austria,Croatia,0.001,0.5065642268531059,0.4934357731468941,2,Austria,0.5065642268531059
104,third_place,Austria,Iran,0.001,0.5696314917820642,0.4303685082179358,2,Austria,0.5696314917820642
104,third_place,Austria,Portugal,0.001,0.3641639142184171,0.6358360857815829,2,Portugal,0.6358360857815829
104,third_place,Austria,Senegal,0.001,0.5794815721856281,0.4205184278143719,2,Austria,0.5794815721856281
104,third_place,Belgium,Australia,0.001,0.6462739178410014,0.3537260821589986,2,Belgium,0.6462739178410014
104,third_place,Belgium,Croatia,0.001,0.5984824467077028,0.4015175532922972,2,Belgium,0.5984824467077028
104,third_place,Belgium,Ecuador,0.001,0.5729551718799143,0.4270448281200857,2,Belgium,0.5729551718799143
104,third_place,Belgium,Mexico,0.001,0.5672212781974009,0.4327787218025991,2,Belgium,0.5672212781974009
104,third_place,Brazil,Australia,0.001,0.6923720379244735,0.3076279620755264,2,Brazil,0.6923720379244735
104,third_place,Brazil,Ecuador,0.001,0.6320351563174995,0.3679648436825005,2,Brazil,0.6320351563174995
104,third_place,Brazil,Egypt,0.001,0.7953653053297043,0.2046346946702957,2,Brazil,0.7953653053297043
104,third_place,Brazil,Germany,0.001,0.5123837886936773,0.4876162113063227,2,Brazil,0.5123837886936773
104,third_place,Brazil,South Korea,0.001,0.7406361037936467,0.2593638962063532,2,Brazil,0.7406361037936467
104,third_place,Brazil,Turkey,0.001,0.6833414227541355,0.3166585772458645,2,Brazil,0.6833414227541355
104,third_place,Brazil,United States,0.001,0.7279930256645144,0.2720069743354856,2,Brazil,0.7279930256645144
104,third_place,Canada,Argentina,0.001,0.1615965550642187,0.8384034449357813,2,Argentina,0.8384034449357813
104,third_place,Canada,Croatia,0.001,0.4183193362015456,0.5816806637984544,2,Croatia,0.5816806637984544
104,third_place,Canada,Ecuador,0.001,0.3978873957778374,0.6021126042221626,2,Ecuador,0.6021126042221626
104,third_place,Canada,Mexico,0.001,0.3911705487467609,0.6088294512532391,2,Mexico,0.6088294512532391
104,third_place,Canada,Senegal,0.001,0.4968797306121499,0.50312026938785,2,Senegal,0.50312026938785
104,third_place,Canada,South Korea,0.001,0.535775846535397,0.464224153464603,2,Canada,0.535775846535397
104,third_place,Colombia,Algeria,0.001,0.642726333487634,0.357273666512366,2,Colombia,0.642726333487634
104,third_place,Colombia,Austria,0.001,0.622129951420523,0.377870048579477,2,Colombia,0.622129951420523
104,third_place,Colombia,Brazil,0.001,0.4808417340985258,0.5191582659014742,2,Brazil,0.5191582659014742
104,third_place,Colombia,Croatia,0.001,0.6311308572785289,0.3688691427214711,2,Colombia,0.6311308572785289
104,third_place,Colombia,South Korea,0.001,0.7281978862382686,0.2718021137617313,2,Colombia,0.7281978862382686
104,third_place,Croatia,Germany,0.001,0.3623482599018005,0.6376517400981995,2,Germany,0.6376517400981995
104,third_place,Croatia,Morocco,0.001,0.3928152010482729,0.6071847989517271,2,Morocco,0.6071847989517271
104,third_place,Croatia,Norway,0.001,0.4128581706583135,0.5871418293416865,2,Norway,0.5871418293416865
104,third_place,Croatia,Spain,0.001,0.2049827923138558,0.7950172076861441,2,Spain,0.7950172076861441
104,third_place,Croatia,United States,0.001,0.5930091578568719,0.4069908421431281,2,Croatia,0.5930091578568719
104,third_place,Czech Republic,Portugal,0.001,0.2128124859701931,0.7871875140298068,2,Portugal,0.7871875140298068
104,third_place,Czech Republic,Uruguay,0.001,0.3804559257302244,0.6195440742697755,2,Uruguay,0.6195440742697755
104,third_place,Ecuador,Canada,0.001,0.6021126042221626,0.3978873957778374,2,Ecuador,0.6021126042221626
104,third_place,Ecuador,Mexico,0.001,0.4928786695863084,0.5071213304136916,2,Mexico,0.5071213304136916
104,third_place,Ecuador,Uruguay,0.001,0.5746236917087477,0.4253763082912523,2,Ecuador,0.5746236917087477
104,third_place,Egypt,England,0.001,0.180583816453458,0.819416183546542,2,England,0.819416183546542
104,third_place,Egypt,Mexico,0.001,0.2834591283218293,0.7165408716781707,2,Mexico,0.7165408716781707
104,third_place,England,Austria,0.001,0.667222921885506,0.332777078114494,2,England,0.667222921885506
104,third_place,England,Germany,0.001,0.5432770749249787,0.4567229250750213,2,England,0.5432770749249787
104,third_place,England,Japan,0.001,0.5778721319115999,0.4221278680884001,2,England,0.5778721319115999
104,third_place,England,United States,0.001,0.7498732242400163,0.2501267757599836,2,England,0.7498732242400163
104,third_place,France,Scotland,0.001,0.8048823356560931,0.1951176643439068,2,France,0.8048823356560931
104,third_place,France,Senegal,0.001,0.7514608543810267,0.2485391456189732,2,France,0.7514608543810267
104,third_place,Germany,Brazil,0.001,0.4876162113063225,0.5123837886936775,2,Brazil,0.5123837886936775
104,third_place,Germany,Iran,0.001,0.6880639544182081,0.3119360455817919,2,Germany,0.6880639544182081
104,third_place,Germany,Senegal,0.001,0.6950693893429436,0.3049306106570564,2,Germany,0.6950693893429436
104,third_place,Germany,Switzerland,0.001,0.6270822154320032,0.3729177845679968,2,Germany,0.6270822154320032
104,third_place,Germany,Turkey,0.001,0.6749367426531977,0.3250632573468023,2,Germany,0.6749367426531977
104,third_place,Iran,Argentina,0.001,0.172180143234946,0.8278198567650539,2,Argentina,0.8278198567650539
104,third_place,Iran,Australia,0.001,0.4874345369235686,0.5125654630764314,2,Australia,0.5125654630764314
104,third_place,Iran,England,0.001,0.2747512843407059,0.7252487156592942,2,England,0.7252487156592942
104,third_place,Iran,France,0.001,0.2537580567546366,0.7462419432453634,2,France,0.7462419432453634
104,third_place,Iran,Germany,0.001,0.3119360455817918,0.6880639544182081,2,Germany,0.6880639544182081
104,third_place,Iran,Ivory Coast,0.001,0.5101842076801238,0.4898157923198761,2,Iran,0.5101842076801238
104,third_place,Iran,Japan,0.001,0.340852098851702,0.6591479011482979,2,Japan,0.6591479011482979
104,third_place,Ivory Coast,Australia,0.001,0.4761610312545742,0.5238389687454257,2,Australia,0.5238389687454257
104,third_place,Ivory Coast,Brazil,0.001,0.2959018842559336,0.7040981157440664,2,Brazil,0.7040981157440664
104,third_place,Ivory Coast,Japan,0.001,0.3325715096107321,0.6674284903892679,2,Japan,0.6674284903892679
104,third_place,Japan,Canada,0.001,0.6735771735247679,0.3264228264752321,2,Japan,0.6735771735247679
104,third_place,Japan,Ivory Coast,0.001,0.6674284903892679,0.3325715096107321,2,Japan,0.6674284903892679
104,third_place,Japan,Mexico,0.001,0.5700583716406403,0.4299416283593597,2,Japan,0.5700583716406403
104,third_place,Japan,Scotland,0.001,0.7252664969380924,0.2747335030619076,2,Japan,0.7252664969380924
104,third_place,Japan,Senegal,0.001,0.6677208751677816,0.3322791248322184,2,Japan,0.6677208751677816
104,third_place,Japan,South Korea,0.001,0.7059869771401657,0.2940130228598343,2,Japan,0.7059869771401657
104,third_place,Japan,Turkey,0.001,0.6382429855033853,0.3617570144966147,2,Japan,0.6382429855033853
104,third_place,Mexico,Croatia,0.001,0.5284493774578728,0.4715506225421272,2,Mexico,0.5284493774578728
104,third_place,Mexico,Iran,0.001,0.5935191234546143,0.4064808765453856,2,Mexico,0.5935191234546143
104,third_place,Mexico,United States,0.001,0.6194006260531819,0.3805993739468181,2,Mexico,0.6194006260531819
104,third_place,Mexico,Uruguay,0.001,0.5827992089002594,0.4172007910997406,2,Mexico,0.5827992089002594
104,third_place,Morocco,Australia,0.001,0.6566832781146792,0.3433167218853208,2,Morocco,0.6566832781146792
104,third_place,Morocco,Croatia,0.001,0.607184798951727,0.392815201048273,2,Morocco,0.607184798951727
104,third_place,Morocco,Ecuador,0.001,0.5780098462447626,0.4219901537552374,2,Morocco,0.5780098462447626
104,third_place,Netherlands,Austria,0.001,0.5841155731875947,0.4158844268124053,2,Netherlands,0.5841155731875947
104,third_place,Netherlands,Croatia,0.001,0.5936159980412593,0.4063840019587407,2,Netherlands,0.5936159980412593
104,third_place,Netherlands,DR Congo,0.001,0.810879643175457,0.1891203568245429,2,Netherlands,0.810879643175457
104,third_place,Netherlands,Iraq,0.001,0.8595274179701374,0.1404725820298625,2,Netherlands,0.8595274179701374
104,third_place,Netherlands,Ivory Coast,0.001,0.6575808696164489,0.3424191303835511,2,Netherlands,0.6575808696164489
104,third_place,Netherlands,Norway,0.001,0.5058445537066099,0.4941554462933901,2,Netherlands,0.5058445537066099
104,third_place,Netherlands,Paraguay,0.001,0.7538499556340539,0.2461500443659461,2,Netherlands,0.7538499556340539
104,third_place,Norway,Egypt,0.001,0.7588695240965712,0.2411304759034288,2,Norway,0.7588695240965712
104,third_place,Norway,Japan,0.001,0.4834182770570667,0.5165817229429333,2,Japan,0.5165817229429333
104,third_place,Norway,Senegal,0.001,0.6524214915425269,0.347578508457473,2,Norway,0.6524214915425269
104,third_place,Norway,Spain,0.001,0.2712914493733124,0.7287085506266875,2,Spain,0.7287085506266875
104,third_place,Norway,Uzbekistan,0.001,0.7711032864553748,0.2288967135446251,2,Norway,0.7711032864553748
104,third_place,Panama,Colombia,0.001,0.171014239324727,0.828985760675273,2,Colombia,0.828985760675273
104,third_place,Panama,Ivory Coast,0.001,0.3170873052698,0.6829126947302,2,Ivory Coast,0.6829126947302
104,third_place,Portugal,Austria,0.001,0.6358360857815829,0.3641639142184171,2,Portugal,0.6358360857815829
104,third_place,Portugal,Croatia,0.001,0.6456912447689706,0.3543087552310294,2,Portugal,0.6456912447689706
104,third_place,Portugal,South Korea,0.001,0.7420895950629404,0.2579104049370596,2,Portugal,0.7420895950629404
104,third_place,Scotland,Croatia,0.001,0.3637232636623572,0.6362767363376427,2,Croatia,0.6362767363376427
104,third_place,Scotland,Netherlands,0.001,0.2810845706359711,0.718915429364029,2,Netherlands,0.718915429364029
104,third_place,Scotland,Norway,0.001,0.2854032920802536,0.7145967079197464,2,Norway,0.7145967079197464
104,third_place,Scotland,Portugal,0.001,0.238702541184395,0.761297458815605,2,Portugal,0.761297458815605
104,third_place,Senegal,Brazil,0.001,0.296544451945832,0.703455548054168,2,Brazil,0.703455548054168
104,third_place,Senegal,France,0.001,0.2485391456189732,0.7514608543810268,2,France,0.7514608543810268
104,third_place,Senegal,Japan,0.001,0.3322791248322185,0.6677208751677814,2,Japan,0.6677208751677814
104,third_place,Senegal,Mexico,0.001,0.3964330785030985,0.6035669214969015,2,Mexico,0.6035669214969015
104,third_place,Senegal,Norway,0.001,0.3475785084574729,0.652421491542527,2,Norway,0.652421491542527
104,third_place,Senegal,Portugal,0.001,0.2963383713454552,0.7036616286545447,2,Portugal,0.7036616286545447
104,third_place,Senegal,Uruguay,0.001,0.4759842185574694,0.5240157814425306,2,Uruguay,0.5240157814425306
104,third_place,South Africa,Argentina,0.001,0.053494986526886,0.946505013473114,2,Argentina,0.946505013473114
104,third_place,South Korea,Canada,0.001,0.464224153464603,0.535775846535397,2,Canada,0.535775846535397
104,third_place,South Korea,France,0.001,0.2129585792755789,0.7870414207244211,2,France,0.7870414207244211
104,third_place,South Korea,Portugal,0.001,0.2579104049370596,0.7420895950629404,2,Portugal,0.7420895950629404
104,third_place,South Korea,Switzerland,0.001,0.3753266834019272,0.6246733165980727,2,Switzerland,0.6246733165980727
104,third_place,South Korea,Turkey,0.001,0.4239528656090453,0.5760471343909547,2,Turkey,0.5760471343909547
104,third_place,South Korea,Uzbekistan,0.001,0.6000209567408026,0.3999790432591974,2,South Korea,0.6000209567408026
104,third_place,Spain,DR Congo,0.001,0.906060815219514,0.0939391847804859,2,Spain,0.906060815219514
104,third_place,Spain,Scotland,0.001,0.8693103506166905,0.1306896493833095,2,Spain,0.8693103506166905
104,third_place,Spain,Senegal,0.001,0.8242075230984709,0.1757924769015291,2,Spain,0.8242075230984709
104,third_place,Spain,South Korea,0.001,0.85493237995897,0.14506762004103,2,Spain,0.85493237995897
104,third_place,Spain,Uruguay,0.001,0.8286668619592784,0.1713331380407216,2,Spain,0.8286668619592784
104,third_place,Spain,Uzbekistan,0.001,0.8938714335253753,0.1061285664746246,2,Spain,0.8938714335253753
104,third_place,Sweden,Brazil,0.001,0.208523800851896,0.791476199148104,2,Brazil,0.791476199148104
104,third_place,Sweden,Japan,0.001,0.2400212749903015,0.7599787250096984,2,Japan,0.7599787250096984
104,third_place,Sweden,Morocco,0.001,0.235660359825345,0.7643396401746549,2,Morocco,0.7643396401746549
104,third_place,Switzerland,Morocco,0.001,0.4037619100794471,0.5962380899205528,2,Morocco,0.5962380899205528
104,third_place,Switzerland,Norway,0.001,0.4239198400306156,0.5760801599693843,2,Norway,0.5760801599693843
104,third_place,Turkey,Australia,0.001,0.5141199933418069,0.4858800066581931,2,Turkey,0.5141199933418069
104,third_place,Turkey,France,0.001,0.2611546330782895,0.7388453669217104,2,France,0.7388453669217104
104,third_place,Turkey,Morocco,0.001,0.355876088247178,0.644123911752822,2,Morocco,0.644123911752822
104,third_place,Turkey,Switzerland,0.001,0.4489816369723252,0.5510183630276748,2,Switzerland,0.5510183630276748
104,third_place,United States,Algeria,0.001,0.427717599355426,0.5722824006445739,2,Algeria,0.5722824006445739
104,third_place,United States,Australia,0.001,0.4602536676776663,0.5397463323223337,2,Australia,0.5397463323223337
104,third_place,United States,Belgium,0.001,0.3135038835148105,0.6864961164851895,2,Belgium,0.6864961164851895
104,third_place,United States,Canada,0.001,0.489983196634156,0.5100168033658439,2,Canada,0.5100168033658439
104,third_place,United States,England,0.001,0.2501267757599836,0.7498732242400163,2,England,0.7498732242400163
104,third_place,United States,France,0.001,0.2214933752293282,0.7785066247706718,2,France,0.7785066247706718
104,third_place,United States,Iran,0.001,0.4703353183336063,0.5296646816663937,2,Iran,0.5296646816663937
104,third_place,United States,Senegal,0.001,0.4809911174114998,0.5190088825885002,2,Senegal,0.5190088825885002
104,third_place,United States,Switzerland,0.001,0.3959078473804804,0.6040921526195195,2,Switzerland,0.6040921526195195
104,third_place,United States,Turkey,0.001,0.4457608298964254,0.5542391701035746,2,Turkey,0.5542391701035746
104,third_place,Uruguay,England,0.001,0.2846146278609072,0.7153853721390928,2,England,0.7153853721390928
104,third_place,Uruguay,Norway,0.001,0.3623980894912054,0.6376019105087947,2,Norway,0.6376019105087947
104,third_place,Algeria,Australia,0.0005,0.530538136642343,0.469461863357657,1,Algeria,0.530538136642343
104,third_place,Algeria,Colombia,0.0005,0.3572736665123658,0.6427263334876341,1,Colombia,0.6427263334876341
104,third_place,Algeria,Ecuador,0.0005,0.4511269785385261,0.5488730214614739,1,Ecuador,0.5488730214614739
104,third_place,Algeria,Japan,0.0005,0.3830467656468343,0.6169532343531656,1,Japan,0.6169532343531656
104,third_place,Algeria,Netherlands,0.0005,0.394110926115658,0.605889073884342,1,Netherlands,0.605889073884342
104,third_place,Algeria,Senegal,0.0005,0.5547442291805784,0.4452557708194216,1,Algeria,0.5547442291805784
104,third_place,Algeria,Switzerland,0.0005,0.4695361000691926,0.5304638999308073,1,Switzerland,0.5304638999308073
104,third_place,Algeria,Uruguay,0.0005,0.5275526897503133,0.4724473102496866,1,Algeria,0.5275526897503133
104,third_place,Argentina,Australia,0.0005,0.8231370505578687,0.1768629494421313,1,Argentina,0.8231370505578687
104,third_place,Argentina,Colombia,0.0005,0.6888374015598574,0.3111625984401426,1,Argentina,0.6888374015598574
104,third_place,Argentina,France,0.0005,0.6106603962011699,0.3893396037988301,1,Argentina,0.6106603962011699
104,third_place,Argentina,Iraq,0.0005,0.9393173161528569,0.0606826838471431,1,Argentina,0.9393173161528569
104,third_place,Argentina,Ivory Coast,0.0005,0.8313419487621282,0.1686580512378718,1,Argentina,0.8313419487621282
104,third_place,Argentina,Japan,0.0005,0.7173472979969812,0.2826527020030188,1,Argentina,0.7173472979969812
104,third_place,Argentina,Netherlands,0.0005,0.7253487528392303,0.2746512471607697,1,Argentina,0.7253487528392303
104,third_place,Argentina,Sweden,0.0005,0.8905132564911906,0.1094867435088093,1,Argentina,0.8905132564911906
104,third_place,Argentina,Switzerland,0.0005,0.784958634656948,0.2150413653430519,1,Argentina,0.784958634656948
104,third_place,Argentina,Turkey,0.0005,0.8182745857930724,0.1817254142069275,1,Argentina,0.8182745857930724
104,third_place,Argentina,Uruguay,0.0005,0.8240511100304735,0.1759488899695265,1,Argentina,0.8240511100304735
104,third_place,Australia,Argentina,0.0005,0.1768629494421313,0.8231370505578687,1,Argentina,0.8231370505578687
104,third_place,Australia,Austria,0.0005,0.4423709444718839,0.557629055528116,1,Austria,0.557629055528116
104,third_place,Australia,Colombia,0.0005,0.3227051511796982,0.6772948488203018,1,Colombia,0.6772948488203018
104,third_place,Australia,Croatia,0.0005,0.4467735990033323,0.5532264009966676,1,Croatia,0.5532264009966676
104,third_place,Australia,Egypt,0.0005,0.6471947615626724,0.3528052384373276,1,Australia,0.6471947615626724
104,third_place,Australia,Iran,0.0005,0.5125654630764314,0.4874345369235686,1,Australia,0.5125654630764314
104,third_place,Australia,Norway,0.0005,0.3646294800309768,0.6353705199690232,1,Norway,0.6353705199690232
104,third_place,Australia,Panama,0.0005,0.7016563111308146,0.2983436888691854,1,Australia,0.7016563111308146
104,third_place,Australia,Senegal,0.0005,0.5233155792079324,0.4766844207920676,1,Australia,0.5233155792079324
104,third_place,Australia,Switzerland,0.0005,0.4355906771382498,0.5644093228617502,1,Switzerland,0.5644093228617502
104,third_place,Australia,United States,0.0005,0.5397463323223336,0.4602536676776664,1,Australia,0.5397463323223336
104,third_place,Austria,Algeria,0.0005,0.524584148935397,0.475415851064603,1,Austria,0.524584148935397
104,third_place,Austria,Belgium,0.0005,0.4100496281578172,0.5899503718421828,1,Belgium,0.5899503718421828
104,third_place,Austria,Canada,0.0005,0.584119132503438,0.4158808674965619,1,Austria,0.584119132503438
104,third_place,Austria,Cape Verde,0.0005,0.8598737018926053,0.1401262981073947,1,Austria,0.8598737018926053
104,third_place,Austria,DR Congo,0.0005,0.7605291251426739,0.2394708748573261,1,Austria,0.7605291251426739
104,third_place,Austria,France,0.0005,0.3062368910356836,0.6937631089643164,1,France,0.6937631089643164
104,third_place,Austria,Japan,0.0005,0.4057217428098759,0.5942782571901241,1,Japan,0.5942782571901241
104,third_place,Austria,Spain,0.0005,0.2192506919349263,0.7807493080650737,1,Spain,0.7807493080650737
104,third_place,Austria,Switzerland,0.0005,0.4953655074381002,0.5046344925618997,1,Switzerland,0.5046344925618997
104,third_place,Austria,Uruguay,0.0005,0.5573707720437476,0.4426292279562523,1,Austria,0.5573707720437476
104,third_place,Austria,Uzbekistan,0.0005,0.7098006326823199,0.2901993673176801,1,Austria,0.7098006326823199
104,third_place,Belgium,Bosnia and Herzegovina,0.0005,0.8815937538076634,0.1184062461923366,1,Belgium,0.8815937538076634
104,third_place,Belgium,Brazil,0.0005,0.4477222769771544,0.5522777230228455,1,Brazil,0.5522777230228455
104,third_place,Belgium,DR Congo,0.0005,0.8174405441863587,0.1825594558136413,1,Belgium,0.8174405441863587
104,third_place,Belgium,Egypt,0.0005,0.7676882948767721,0.2323117051232278,1,Belgium,0.7676882948767721
104,third_place,Belgium,Iran,0.0005,0.6554132619207047,0.3445867380792953,1,Belgium,0.6554132619207047
104,third_place,Belgium,Ivory Coast,0.0005,0.6630183309131692,0.3369816690868308,1,Belgium,0.6630183309131692
104,third_place,Belgium,Scotland,0.0005,0.7242299063657531,0.2757700936342468,1,Belgium,0.7242299063657531
104,third_place,Belgium,South Korea,0.0005,0.7041479853134668,0.2958520146865332,1,Belgium,0.7041479853134668
104,third_place,Belgium,Uzbekistan,0.0005,0.7795508225672895,0.2204491774327105,1,Belgium,0.7795508225672895
104,third_place,Bosnia and Herzegovina,Canada,0.0005,0.2221257992279229,0.7778742007720771,1,Canada,0.7778742007720771
104,third_place,Bosnia and Herzegovina,Germany,0.0005,0.1040058837928792,0.8959941162071208,1,Germany,0.8959941162071208
104,third_place,Bosnia and Herzegovina,Netherlands,0.0005,0.1241709761311491,0.8758290238688509,1,Netherlands,0.8758290238688509
104,third_place,Bosnia and Herzegovina,Sweden,0.0005,0.2958465442560471,0.7041534557439528,1,Sweden,0.7041534557439528
104,third_place,Brazil,Algeria,0.0005,0.6570703673675887,0.3429296326324113,1,Brazil,0.6570703673675887
104,third_place,Brazil,Bosnia and Herzegovina,0.0005,0.8916258059903035,0.1083741940096965,1,Brazil,0.8916258059903035
104,third_place,Brazil,Croatia,0.0005,0.6481040611405334,0.3518959388594666,1,Brazil,0.6481040611405334
104,third_place,Brazil,Ivory Coast,0.0005,0.7040981157440663,0.2959018842559336,1,Brazil,0.7040981157440663
104,third_place,Brazil,Panama,0.0005,0.8369356098134075,0.1630643901865924,1,Brazil,0.8369356098134075
104,third_place,Canada,Austria,0.0005,0.4158808674965618,0.5841191325034383,1,Austria,0.5841191325034383
104,third_place,Canada,Belgium,0.0005,0.3287881284076815,0.6712118715923184,1,Belgium,0.6712118715923184
104,third_place,Canada,Brazil,0.0005,0.2829689119490409,0.717031088050959,1,Brazil,0.717031088050959
104,third_place,Canada,Egypt,0.0005,0.6223837094683723,0.3776162905316277,1,Canada,0.6223837094683723
104,third_place,Canada,Japan,0.0005,0.3264228264752322,0.6735771735247678,1,Japan,0.6735771735247678
104,third_place,Canada,Morocco,0.0005,0.3209375208022785,0.6790624791977216,1,Morocco,0.6790624791977216
104,third_place,Canada,Norway,0.0005,0.3390185210723531,0.6609814789276469,1,Norway,0.6609814789276469
104,third_place,Canada,Paraguay,0.0005,0.5963232881977382,0.4036767118022618,1,Canada,0.5963232881977382
104,third_place,Canada,Portugal,0.0005,0.2857480466961521,0.7142519533038478,1,Portugal,0.7142519533038478
104,third_place,Canada,Spain,0.0005,0.1615913653448145,0.8384086346551854,1,Spain,0.8384086346551854
104,third_place,Canada,Switzerland,0.0005,0.4072463328637016,0.5927536671362984,1,Switzerland,0.5927536671362984
104,third_place,Canada,United States,0.0005,0.510016803365844,0.489983196634156,1,Canada,0.510016803365844
104,third_place,Colombia,Australia,0.0005,0.6772948488203017,0.3227051511796983,1,Colombia,0.6772948488203017
104,third_place,Colombia,Belgium,0.0005,0.5344695398217677,0.4655304601782323,1,Colombia,0.5344695398217677
104,third_place,Colombia,Canada,0.0005,0.7022678359485699,0.2977321640514301,1,Colombia,0.7022678359485699
104,third_place,Colombia,Haiti,0.0005,0.8717528933870425,0.1282471066129574,1,Colombia,0.8717528933870425
104,third_place,Colombia,Iran,0.0005,0.6831575367444881,0.3168424632555119,1,Colombia,0.6831575367444881
104,third_place,Colombia,Ivory Coast,0.0005,0.6910848665410374,0.3089151334589626,1,Colombia,0.6910848665410374
104,third_place,Colombia,Japan,0.0005,0.5326593404570767,0.4673406595429232,1,Colombia,0.5326593404570767
104,third_place,Colombia,Mexico,0.0005,0.6039862549160185,0.3960137450839814,1,Colombia,0.6039862549160185
104,third_place,Colombia,Norway,0.0005,0.5461625694664349,0.453837430533565,1,Colombia,0.5461625694664349
104,third_place,Colombia,Turkey,0.0005,0.6673876720907678,0.3326123279092322,1,Colombia,0.6673876720907678
104,third_place,Croatia,Algeria,0.0005,0.5195860349191952,0.4804139650808048,1,Croatia,0.5195860349191952
104,third_place,Croatia,France,0.0005,0.2934867907849141,0.7065132092150859,1,France,0.7065132092150859
104,third_place,Croatia,Ivory Coast,0.0005,0.5738085317242623,0.4261914682757377,1,Croatia,0.5738085317242623
104,third_place,Croatia,Japan,0.0005,0.3997249210673746,0.6002750789326254,1,Japan,0.6002750789326254
104,third_place,Croatia,Mexico,0.0005,0.4715506225421273,0.5284493774578727,1,Mexico,0.5284493774578727
104,third_place,Croatia,Sweden,0.0005,0.6756187769742131,0.3243812230257868,1,Croatia,0.6756187769742131
104,third_place,Croatia,Switzerland,0.0005,0.4885233700513253,0.5114766299486747,1,Switzerland,0.5114766299486747
104,third_place,Curaçao,England,0.0005,0.0502495476164102,0.9497504523835896,1,England,0.9497504523835896
104,third_place,Czech Republic,Algeria,0.0005,0.3419530456987072,0.6580469543012928,1,Algeria,0.6580469543012928
104,third_place,Czech Republic,Brazil,0.0005,0.2177166250317015,0.7822833749682985,1,Brazil,0.7822833749682985
104,third_place,Czech Republic,Canada,0.0005,0.4023507594094049,0.5976492405905951,1,Canada,0.5976492405905951
104,third_place,Czech Republic,Colombia,0.0005,0.2274266946820147,0.7725733053179853,1,Colombia,0.7725733053179853
104,third_place,Czech Republic,Ecuador,0.0005,0.3113785811232219,0.6886214188767781,1,Ecuador,0.6886214188767781
104,third_place,Czech Republic,England,0.0005,0.1905298542017574,0.8094701457982425,1,England,0.8094701457982425
104,third_place,Czech Republic,Germany,0.0005,0.2179312870722893,0.7820687129277106,1,Germany,0.7820687129277106
104,third_place,Czech Republic,Iran,0.0005,0.3840827590460208,0.6159172409539793,1,Iran,0.6159172409539793
104,third_place,Czech Republic,Netherlands,0.0005,0.2518873980306966,0.7481126019693034,1,Netherlands,0.7481126019693034
104,third_place,Czech Republic,Norway,0.0005,0.25363882588414,0.74636117411586,1,Norway,0.74636117411586
104,third_place,Czech Republic,South Korea,0.0005,0.4364939345688187,0.5635060654311813,1,South Korea,0.5635060654311813
104,third_place,Czech Republic,Sweden,0.0005,0.504002737942773,0.495997262057227,1,Czech Republic,0.504002737942773
104,third_place,Czech Republic,Switzerland,0.0005,0.319659939553636,0.6803400604463641,1,Switzerland,0.6803400604463641
104,third_place,Czech Republic,Turkey,0.0005,0.3652995702210799,0.63470042977892,1,Turkey,0.63470042977892
104,third_place,DR Congo,Mexico,0.0005,0.2245970412627336,0.7754029587372664,1,Mexico,0.7754029587372664
104,third_place,DR Congo,Netherlands,0.0005,0.189120356824543,0.810879643175457,1,Netherlands,0.810879643175457
104,third_place,DR Congo,Senegal,0.0005,0.3011292010271196,0.6988707989728804,1,Senegal,0.6988707989728804
104,third_place,Ecuador,Austria,0.0005,0.519843627727836,0.480156372272164,1,Ecuador,0.519843627727836
104,third_place,Ecuador,France,0.0005,0.3094850096817192,0.6905149903182808,1,France,0.6905149903182808
104,third_place,Ecuador,Iran,0.0005,0.5884013710594564,0.4115986289405435,1,Ecuador,0.5884013710594564
104,third_place,Ecuador,Japan,0.0005,0.4244931521825257,0.5755068478174743,1,Japan,0.5755068478174743
104,third_place,Ecuador,Senegal,0.0005,0.5991406973158481,0.4008593026841519,1,Ecuador,0.5991406973158481
104,third_place,Ecuador,Sweden,0.0005,0.6884157325356348,0.3115842674643652,1,Ecuador,0.6884157325356348
104,third_place,Egypt,Argentina,0.0005,0.1094391700820758,0.8905608299179242,1,Argentina,0.8905608299179242
104,third_place,Egypt,Colombia,0.0005,0.2138104934478848,0.7861895065521152,1,Colombia,0.7861895065521152
104,third_place,Egypt,Croatia,0.0005,0.3086884630925113,0.6913115369074887,1,Croatia,0.6913115369074887
104,third_place,Egypt,Ivory Coast,0.0005,0.3748396547498359,0.6251603452501642,1,Ivory Coast,0.6251603452501642
104,third_place,Egypt,Norway,0.0005,0.2411304759034288,0.7588695240965712,1,Norway,0.7588695240965712
104,third_place,Egypt,Uruguay,0.0005,0.3536811179923491,0.6463188820076509,1,Uruguay,0.6463188820076509
104,third_place,England,Algeria,0.0005,0.6873664272817332,0.3126335727182667,1,England,0.6873664272817332
104,third_place,England,Argentina,0.0005,0.3502533014160435,0.6497466985839565,1,Argentina,0.6497466985839565
104,third_place,England,Australia,0.0005,0.7160146335379615,0.2839853664620385,1,England,0.7160146335379615
104,third_place,England,Belgium,0.0005,0.5828030831032546,0.4171969168967454,1,England,0.5828030831032546
104,third_place,England,Ecuador,0.0005,0.6478847036733667,0.3521152963266333,1,England,0.6478847036733667
104,third_place,England,Haiti,0.0005,0.903254779459446,0.0967452205405539,1,England,0.903254779459446
104,third_place,England,Iran,0.0005,0.7252487156592942,0.2747512843407058,1,England,0.7252487156592942
104,third_place,England,Ivory Coast,0.0005,0.73218340306716,0.26781659693284,1,England,0.73218340306716
104,third_place,England,Jordan,0.0005,0.8805262279789748,0.1194737720210251,1,England,0.8805262279789748
104,third_place,England,Mexico,0.0005,0.6435806438514068,0.3564193561485932,1,England,0.6435806438514068
104,third_place,England,Morocco,0.0005,0.56673548885213,0.43326451114787,1,England,0.56673548885213
104,third_place,England,Saudi Arabia,0.0005,0.9121073049720936,0.0878926950279064,1,England,0.9121073049720936
104,third_place,England,South Korea,0.0005,0.7661426012745094,0.2338573987254906,1,England,0.7661426012745094
104,third_place,England,Turkey,0.0005,0.7062966445459758,0.2937033554540241,1,England,0.7062966445459758
104,third_place,France,Brazil,0.0005,0.5672722594961577,0.4327277405038423,1,France,0.5672722594961577
104,third_place,France,Canada,0.0005,0.7662779802306469,0.2337220197693531,1,France,0.7662779802306469
104,third_place,France,Cape Verde,0.0005,0.9194038894055526,0.0805961105944473,1,France,0.9194038894055526
104,third_place,France,Croatia,0.0005,0.7065132092150861,0.2934867907849139,1,France,0.7065132092150861
104,third_place,France,Ecuador,0.0005,0.6905149903182806,0.3094850096817194,1,France,0.6905149903182806
104,third_place,France,Egypt,0.0005,0.8317953957546352,0.1682046042453647,1,France,0.8317953957546352
104,third_place,France,Iran,0.0005,0.7462419432453634,0.2537580567546366,1,France,0.7462419432453634
104,third_place,France,Ivory Coast,0.0005,0.7516311353448907,0.2483688646551093,1,France,0.7516311353448907
104,third_place,France,Japan,0.0005,0.614067141987339,0.385932858012661,1,France,0.614067141987339
104,third_place,France,Jordan,0.0005,0.8898247094677829,0.110175290532217,1,France,0.8898247094677829
104,third_place,France,Panama,0.0005,0.8702116983595501,0.1297883016404498,1,France,0.8702116983595501
104,third_place,France,Portugal,0.0005,0.5701869126483898,0.4298130873516101,1,France,0.5701869126483898
104,third_place,France,South Korea,0.0005,0.7870414207244212,0.2129585792755788,1,France,0.7870414207244212
104,third_place,France,Switzerland,0.0005,0.6972541121743829,0.302745887825617,1,France,0.6972541121743829
104,third_place,Germany,DR Congo,0.0005,0.8352431128294475,0.1647568871705524,1,Germany,0.8352431128294475
104,third_place,Germany,Iraq,0.0005,0.8805079838506095,0.1194920161493905,1,Germany,0.8805079838506095
104,third_place,Germany,New Zealand,0.0005,0.9028571397217888,0.097142860278211,1,Germany,0.9028571397217888
104,third_place,Germany,Scotland,0.0005,0.7555409884958941,0.2444590115041058,1,Germany,0.7555409884958941
104,third_place,Germany,South Africa,0.0005,0.8947871525449819,0.1052128474550181,1,Germany,0.8947871525449819
104,third_place,Germany,Spain,0.0005,0.3107016350764575,0.6892983649235425,1,Spain,0.6892983649235425
104,third_place,Germany,United States,0.0005,0.7218320505053278,0.2781679494946721,1,Germany,0.7218320505053278
104,third_place,Germany,Uzbekistan,0.0005,0.8042269917905271,0.1957730082094728,1,Germany,0.8042269917905271
104,third_place,Haiti,Argentina,0.0005,0.0583216745906649,0.941678325409335,1,Argentina,0.941678325409335
104,third_place,Iran,Austria,0.0005,0.4303685082179359,0.5696314917820642,1,Austria,0.5696314917820642
104,third_place,Iran,Belgium,0.0005,0.3445867380792952,0.6554132619207047,1,Belgium,0.6554132619207047
104,third_place,Iran,Croatia,0.0005,0.4369254907460297,0.5630745092539703,1,Croatia,0.5630745092539703
104,third_place,Iran,Egypt,0.0005,0.6354711966943057,0.3645288033056942,1,Iran,0.6354711966943057
104,third_place,Iran,Morocco,0.0005,0.3289970108460299,0.67100298915397,1,Morocco,0.67100298915397
104,third_place,Iran,Netherlands,0.0005,0.3506670374460869,0.649332962553913,1,Netherlands,0.649332962553913
104,third_place,Iran,Norway,0.0005,0.3558811327393058,0.6441188672606941,1,Norway,0.6441188672606941
104,third_place,Iran,Scotland,0.0005,0.5747782001710378,0.4252217998289622,1,Iran,0.5747782001710378
104,third_place,Iran,Senegal,0.0005,0.5103965456748338,0.4896034543251661,1,Iran,0.5103965456748338
104,third_place,Iran,South Korea,0.0005,0.5525516950995855,0.4474483049004145,1,Iran,0.5525516950995855
104,third_place,Iran,Uruguay,0.0005,0.4873671211523898,0.5126328788476102,1,Uruguay,0.5126328788476102
104,third_place,Iraq,South Korea,0.0005,0.2662888129903871,0.7337111870096129,1,South Korea,0.7337111870096129
104,third_place,Ivory Coast,Algeria,0.0005,0.4461823985585446,0.5538176014414554,1,Algeria,0.5538176014414554
104,third_place,Ivory Coast,Belgium,0.0005,0.3369816690868308,0.6630183309131692,1,Belgium,0.6630183309131692
104,third_place,Ivory Coast,Bosnia and Herzegovina,0.0005,0.7848360774931317,0.2151639225068683,1,Ivory Coast,0.7848360774931317
104,third_place,Ivory Coast,DR Congo,0.0005,0.6990665019012415,0.3009334980987584,1,Ivory Coast,0.6990665019012415
104,third_place,Ivory Coast,England,0.0005,0.2678165969328401,0.7321834030671599,1,England,0.7321834030671599
104,third_place,Ivory Coast,Iran,0.0005,0.4898157923198761,0.5101842076801238,1,Iran,0.5101842076801238
104,third_place,Ivory Coast,Mexico,0.0005,0.3957504660290157,0.6042495339709844,1,Mexico,0.6042495339709844
104,third_place,Ivory Coast,Scotland,0.0005,0.563161672031212,0.4368383279687879,1,Ivory Coast,0.563161672031212
104,third_place,Ivory Coast,Senegal,0.0005,0.500391281229019,0.499608718770981,1,Ivory Coast,0.500391281229019
104,third_place,Ivory Coast,Switzerland,0.0005,0.4155776500850098,0.5844223499149901,1,Switzerland,0.5844223499149901
104,third_place,Ivory Coast,Uruguay,0.0005,0.4744909382311891,0.5255090617688108,1,Uruguay,0.5255090617688108
104,third_place,Japan,Egypt,0.0005,0.7699228652410326,0.2300771347589674,1,Japan,0.7699228652410326
104,third_place,Japan,Iran,0.0005,0.659147901148298,0.340852098851702,1,Japan,0.659147901148298
104,third_place,Japan,Switzerland,0.0005,0.5892634409750469,0.4107365590249531,1,Japan,0.5892634409750469
104,third_place,Japan,Uruguay,0.0005,0.6493090205296457,0.3506909794703543,1,Japan,0.6493090205296457
104,third_place,Japan,Uzbekistan,0.0005,0.7808832179687338,0.2191167820312661,1,Japan,0.7808832179687338
104,third_place,Jordan,Argentina,0.0005,0.0684205384350691,0.9315794615649308,1,Argentina,0.9315794615649308
104,third_place,Mexico,Canada,0.0005,0.6088294512532392,0.3911705487467608,1,Mexico,0.6088294512532392
104,third_place,Mexico,Colombia,0.0005,0.3960137450839815,0.6039862549160184,1,Colombia,0.6039862549160184
104,third_place,Mexico,Czech Republic,0.0005,0.6968819768820911,0.3031180231179089,1,Mexico,0.6968819768820911
104,third_place,Mexico,Egypt,0.0005,0.7165408716781707,0.2834591283218293,1,Mexico,0.7165408716781707
104,third_place,Mexico,Japan,0.0005,0.4299416283593597,0.5700583716406402,1,Japan,0.5700583716406402
104,third_place,Mexico,South Korea,0.0005,0.6418398825977074,0.3581601174022926,1,Mexico,0.6418398825977074
104,third_place,Mexico,Spain,0.0005,0.2272840583306689,0.7727159416693311,1,Spain,0.7727159416693311
104,third_place,Mexico,Uzbekistan,0.0005,0.7273848059031117,0.2726151940968883,1,Mexico,0.7273848059031117
104,third_place,Morocco,Cape Verde,0.0005,0.9049800221579244,0.0950199778420756,1,Morocco,0.9049800221579244
104,third_place,Morocco,Egypt,0.0005,0.7790286590357367,0.2209713409642633,1,Morocco,0.7790286590357367
104,third_place,Morocco,Ivory Coast,0.0005,0.6794737042694644,0.3205262957305356,1,Morocco,0.6794737042694644
104,third_place,Morocco,Netherlands,0.0005,0.519993053000307,0.480006946999693,1,Morocco,0.519993053000307
104,third_place,Morocco,Senegal,0.0005,0.6803439236165755,0.3196560763834245,1,Morocco,0.6803439236165755
104,third_place,Morocco,South Korea,0.0005,0.7146010931899043,0.2853989068100957,1,Morocco,0.7146010931899043
104,third_place,Morocco,United States,0.0005,0.6922952120368675,0.3077047879631325,1,Morocco,0.6922952120368675
104,third_place,Netherlands,Czech Republic,0.0005,0.7481126019693033,0.2518873980306967,1,Netherlands,0.7481126019693033
104,third_place,Netherlands,Egypt,0.0005,0.7619250637977878,0.2380749362022122,1,Netherlands,0.7619250637977878
104,third_place,Netherlands,Germany,0.0005,0.4539848133013127,0.5460151866986873,1,Germany,0.5460151866986873
104,third_place,Netherlands,Senegal,0.0005,0.6574663641105823,0.3425336358894176,1,Netherlands,0.6574663641105823
104,third_place,Netherlands,Sweden,0.0005,0.754817802411014,0.2451821975889859,1,Netherlands,0.754817802411014
104,third_place,Netherlands,Turkey,0.0005,0.6321233720810654,0.3678766279189346,1,Netherlands,0.6321233720810654
104,third_place,Netherlands,Uzbekistan,0.0005,0.7739484716081765,0.2260515283918235,1,Netherlands,0.7739484716081765
104,third_place,Norway,Algeria,0.0005,0.5992989949078595,0.4007010050921404,1,Norway,0.5992989949078595
104,third_place,Norway,Australia,0.0005,0.6353705199690232,0.3646294800309768,1,Norway,0.6353705199690232
104,third_place,Norway,Brazil,0.0005,0.4362416435307699,0.5637583564692301,1,Brazil,0.5637583564692301
104,third_place,Norway,Canada,0.0005,0.6609814789276468,0.3390185210723532,1,Norway,0.6609814789276468
104,third_place,Norway,Mexico,0.0005,0.5558563954497464,0.4441436045502536,1,Norway,0.5558563954497464
104,third_place,Norway,Panama,0.0005,0.8082157954160851,0.1917842045839148,1,Norway,0.8082157954160851
104,third_place,Norway,Turkey,0.0005,0.6261466685747529,0.3738533314252471,1,Norway,0.6261466685747529
104,third_place,Norway,Uruguay,0.0005,0.6376019105087947,0.3623980894912053,1,Norway,0.6376019105087947
104,third_place,Panama,Austria,0.0005,0.2487101353683684,0.7512898646316316,1,Austria,0.7512898646316316
104,third_place,Panama,Belgium,0.0005,0.1843224771652754,0.8156775228347246,1,Belgium,0.8156775228347246
104,third_place,Panama,Croatia,0.0005,0.256656147000292,0.743343852999708,1,Croatia,0.743343852999708
104,third_place,Panama,Japan,0.0005,0.1844378514914608,0.8155621485085391,1,Japan,0.8155621485085391
104,third_place,Paraguay,Algeria,0.0005,0.3514399297918014,0.6485600702081986,1,Algeria,0.6485600702081986
104,third_place,Paraguay,Austria,0.0005,0.3229534472377823,0.6770465527622177,1,Austria,0.6770465527622177
104,third_place,Paraguay,Belgium,0.0005,0.2447198443729697,0.7552801556270302,1,Belgium,0.7552801556270302
104,third_place,Paraguay,Colombia,0.0005,0.2181656495635931,0.7818343504364069,1,Colombia,0.7818343504364069
104,third_place,Paraguay,Ecuador,0.0005,0.3109747302049645,0.6890252697950354,1,Ecuador,0.6890252697950354
104,third_place,Paraguay,France,0.0005,0.1648361410385083,0.8351638589614916,1,France,0.8351638589614916
104,third_place,Paraguay,Iran,0.0005,0.3885173592863675,0.6114826407136325,1,Iran,0.6114826407136325
104,third_place,Paraguay,Mexico,0.0005,0.3018030336176347,0.6981969663823653,1,Mexico,0.6981969663823653
104,third_place,Paraguay,Spain,0.0005,0.1089839396096677,0.8910160603903323,1,Spain,0.8910160603903323
104,third_place,Portugal,Australia,0.0005,0.6902788745166872,0.3097211254833127,1,Portugal,0.6902788745166872
104,third_place,Portugal,Canada,0.0005,0.7142519533038479,0.285748046696152,1,Portugal,0.7142519533038479
104,third_place,Portugal,Czech Republic,0.0005,0.7871875140298068,0.2128124859701932,1,Portugal,0.7871875140298068
104,third_place,Portugal,Ecuador,0.0005,0.624122999386964,0.3758770006130359,1,Portugal,0.624122999386964
104,third_place,Portugal,France,0.0005,0.4298130873516101,0.5701869126483898,1,France,0.5701869126483898
104,third_place,Portugal,Germany,0.0005,0.5099436183316988,0.4900563816683012,1,Portugal,0.5099436183316988
104,third_place,Portugal,Iran,0.0005,0.6965776093003863,0.3034223906996137,1,Portugal,0.6965776093003863
104,third_place,Portugal,Iraq,0.0005,0.8829136732540861,0.1170863267459139,1,Portugal,0.8829136732540861
104,third_place,Portugal,Ivory Coast,0.0005,0.7034832317747579,0.2965167682252421,1,Portugal,0.7034832317747579
104,third_place,Portugal,Japan,0.0005,0.5458843559626639,0.454115644037336,1,Portugal,0.5458843559626639
104,third_place,Portugal,Mexico,0.0005,0.6167820099898215,0.3832179900101785,1,Portugal,0.6167820099898215
104,third_place,Portugal,Morocco,0.0005,0.5335587796488052,0.4664412203511948,1,Portugal,0.5335587796488052
104,third_place,Portugal,Norway,0.0005,0.5612002782881297,0.4387997217118703,1,Portugal,0.5612002782881297
104,third_place,Portugal,Uruguay,0.0005,0.6942851312316312,0.3057148687683688,1,Portugal,0.6942851312316312
104,third_place,Scotland,Algeria,0.0005,0.3833621032970921,0.6166378967029079,1,Algeria,0.6166378967029079
104,third_place,Scotland,Australia,0.0005,0.4144453026056769,0.5855546973943231,1,Australia,0.5855546973943231
104,third_place,Scotland,Belgium,0.0005,0.2757700936342468,0.7242299063657531,1,Belgium,0.7242299063657531
104,third_place,Scotland,Brazil,0.0005,0.2400875733230534,0.7599124266769466,1,Brazil,0.7599124266769466
104,third_place,Scotland,Canada,0.0005,0.4429167710322584,0.5570832289677415,1,Canada,0.5570832289677415
104,third_place,Scotland,Ecuador,0.0005,0.3466836631045802,0.6533163368954198,1,Ecuador,0.6533163368954198
104,third_place,Scotland,Iraq,0.0005,0.7154541061885308,0.2845458938114692,1,Scotland,0.7154541061885308
104,third_place,Scotland,Ivory Coast,0.0005,0.4368383279687879,0.563161672031212,1,Ivory Coast,0.563161672031212
104,third_place,Scotland,Mexico,0.0005,0.3378501994775794,0.6621498005224206,1,Mexico,0.6621498005224206
104,third_place,Scotland,South Korea,0.0005,0.4770079922487661,0.5229920077512338,1,South Korea,0.5229920077512338
104,third_place,Scotland,Spain,0.0005,0.1306896493833094,0.8693103506166906,1,Spain,0.8693103506166906
104,third_place,Scotland,Turkey,0.0005,0.4009836948101754,0.5990163051898246,1,Turkey,0.5990163051898246
104,third_place,Senegal,Argentina,0.0005,0.1678976751826298,0.8321023248173701,1,Argentina,0.8321023248173701
104,third_place,Senegal,Australia,0.0005,0.4766844207920677,0.5233155792079323,1,Australia,0.5233155792079323
104,third_place,Senegal,Canada,0.0005,0.50312026938785,0.4968797306121499,1,Senegal,0.50312026938785
104,third_place,Senegal,Colombia,0.0005,0.3094309782877278,0.6905690217122722,1,Colombia,0.6905690217122722
104,third_place,Senegal,Croatia,0.0005,0.4270023129068198,0.5729976870931802,1,Croatia,0.5729976870931802
104,third_place,Senegal,Germany,0.0005,0.3049306106570564,0.6950693893429436,1,Germany,0.6950693893429436
104,third_place,Senegal,Morocco,0.0005,0.3196560763834244,0.6803439236165756,1,Morocco,0.6803439236165756
104,third_place,Senegal,Scotland,0.0005,0.5641035407073182,0.4358964592926818,1,Senegal,0.5641035407073182
104,third_place,Senegal,South Korea,0.0005,0.5420096181757108,0.4579903818242892,1,Senegal,0.5420096181757108
104,third_place,Senegal,Switzerland,0.0005,0.4163841144684161,0.5836158855315838,1,Switzerland,0.5836158855315838
104,third_place,Senegal,Turkey,0.0005,0.4658145140737675,0.5341854859262325,1,Turkey,0.5341854859262325
104,third_place,Senegal,United States,0.0005,0.5190088825885003,0.4809911174114997,1,Senegal,0.5190088825885003
104,third_place,South Korea,Australia,0.0005,0.4362340228634425,0.5637659771365575,1,Australia,0.5637659771365575
104,third_place,South Korea,Austria,0.0005,0.3787292114233195,0.6212707885766804,1,Austria,0.6212707885766804
104,third_place,South Korea,Belgium,0.0005,0.295852014686533,0.7041479853134669,1,Belgium,0.7041479853134669
104,third_place,South Korea,Croatia,0.0005,0.3858546050120519,0.6141453949879481,1,Croatia,0.6141453949879481
104,third_place,South Korea,Ecuador,0.0005,0.3656711998228385,0.6343288001771614,1,Ecuador,0.6343288001771614
104,third_place,South Korea,Egypt,0.0005,0.5869057400793614,0.4130942599206386,1,South Korea,0.5869057400793614
104,third_place,South Korea,Germany,0.0005,0.2644976020596729,0.7355023979403271,1,Germany,0.7355023979403271
104,third_place,South Korea,Ivory Coast,0.0005,0.4585087918393093,0.5414912081606906,1,Ivory Coast,0.5414912081606906
104,third_place,South Korea,Mexico,0.0005,0.3581601174022926,0.6418398825977074,1,Mexico,0.6418398825977074
104,third_place,South Korea,Morocco,0.0005,0.2853989068100957,0.7146010931899043,1,Morocco,0.7146010931899043
104,third_place,South Korea,Senegal,0.0005,0.4579903818242891,0.5420096181757109,1,Senegal,0.5420096181757109
104,third_place,South Korea,Spain,0.0005,0.14506762004103,0.85493237995897,1,Spain,0.85493237995897
104,third_place,South Korea,United States,0.0005,0.477221588487129,0.522778411512871,1,United States,0.522778411512871
104,third_place,South Korea,Uruguay,0.0005,0.4391951388213507,0.5608048611786494,1,Uruguay,0.5608048611786494
104,third_place,Spain,Sweden,0.0005,0.8915005957312603,0.1084994042687397,1,Spain,0.8915005957312603
104,third_place,Spain,United States,0.0005,0.8512546437124492,0.1487453562875508,1,Spain,0.8512546437124492
104,third_place,Sweden,Australia,0.0005,0.3735916268938322,0.6264083731061678,1,Australia,0.6264083731061678
104,third_place,Sweden,Austria,0.0005,0.3173992801922876,0.6826007198077124,1,Austria,0.6826007198077124
104,third_place,Sweden,Canada,0.0005,0.4025058746761527,0.5974941253238473,1,Canada,0.5974941253238473
104,third_place,Sweden,Egypt,0.0005,0.523783142176627,0.476216857823373,1,Sweden,0.523783142176627
104,third_place,Sweden,France,0.0005,0.1666613636618711,0.8333386363381288,1,France,0.8333386363381288
104,third_place,Sweden,Germany,0.0005,0.2106308877705305,0.7893691122294695,1,Germany,0.7893691122294695
104,third_place,Sweden,Ivory Coast,0.0005,0.3948353224585514,0.6051646775414485,1,Ivory Coast,0.6051646775414485
104,third_place,Sweden,Netherlands,0.0005,0.2451821975889859,0.754817802411014,1,Netherlands,0.754817802411014
104,third_place,Sweden,South Korea,0.0005,0.4340619262286887,0.5659380737713113,1,South Korea,0.5659380737713113
104,third_place,Switzerland,Australia,0.0005,0.56440932286175,0.4355906771382499,1,Switzerland,0.56440932286175
104,third_place,Switzerland,Austria,0.0005,0.5046344925619,0.4953655074381,1,Switzerland,0.5046344925619
104,third_place,Switzerland,Brazil,0.0005,0.3622047537962788,0.6377952462037211,1,Brazil,0.6377952462037211
104,third_place,Switzerland,Canada,0.0005,0.5927536671362984,0.4072463328637016,1,Switzerland,0.5927536671362984
104,third_place,Switzerland,DR Congo,0.0005,0.7600692341343073,0.2399307658656927,1,Switzerland,0.7600692341343073
104,third_place,Switzerland,Iran,0.0005,0.5738783622343185,0.4261216377656814,1,Switzerland,0.5738783622343185
104,third_place,Switzerland,Saudi Arabia,0.0005,0.8399853164918755,0.1600146835081245,1,Switzerland,0.8399853164918755
104,third_place,Switzerland,Scotland,0.0005,0.646701903904434,0.3532980960955659,1,Switzerland,0.646701903904434
104,third_place,Switzerland,United States,0.0005,0.6040921526195197,0.3959078473804803,1,Switzerland,0.6040921526195197
104,third_place,Tunisia,United States,0.0005,0.2484136838895884,0.7515863161104116,1,United States,0.7515863161104116
104,third_place,Turkey,Argentina,0.0005,0.1817254142069276,0.8182745857930723,1,Argentina,0.8182745857930723
104,third_place,Turkey,Brazil,0.0005,0.3166585772458646,0.6833414227541355,1,Brazil,0.6833414227541355
104,third_place,Turkey,Canada,0.0005,0.5435088589418432,0.4564911410581568,1,Turkey,0.5435088589418432
104,third_place,Turkey,Colombia,0.0005,0.3326123279092323,0.6673876720907677,1,Colombia,0.6673876720907677
104,third_place,Turkey,Croatia,0.0005,0.460397868520707,0.5396021314792929,1,Croatia,0.5396021314792929
104,third_place,Turkey,Czech Republic,0.0005,0.6347004297789202,0.3652995702210798,1,Turkey,0.6347004297789202
104,third_place,Turkey,Ivory Coast,0.0005,0.5352184141021904,0.4647815858978096,1,Turkey,0.5352184141021904
104,third_place,Turkey,Japan,0.0005,0.3617570144966145,0.6382429855033855,1,Japan,0.6382429855033855
104,third_place,Turkey,Mexico,0.0005,0.432728605381443,0.567271394618557,1,Mexico,0.567271394618557
104,third_place,Turkey,Netherlands,0.0005,0.3678766279189346,0.6321233720810654,1,Netherlands,0.6321233720810654
104,third_place,Turkey,Norway,0.0005,0.373853331425247,0.626146668574753,1,Norway,0.626146668574753
104,third_place,Turkey,Portugal,0.0005,0.3178764052471557,0.6821235947528443,1,Portugal,0.6821235947528443
104,third_place,Turkey,Senegal,0.0005,0.5341854859262324,0.4658145140737676,1,Turkey,0.5341854859262324
104,third_place,Turkey,Sweden,0.0005,0.6398075186428613,0.3601924813571386,1,Turkey,0.6398075186428613
104,third_place,Turkey,United States,0.0005,0.5542391701035746,0.4457608298964254,1,Turkey,0.5542391701035746
104,third_place,Turkey,Uruguay,0.0005,0.5195412395318159,0.4804587604681841,1,Turkey,0.5195412395318159
104,third_place,United States,DR Congo,0.0005,0.6814368128785541,0.3185631871214459,1,United States,0.6814368128785541
104,third_place,United States,Ivory Coast,0.0005,0.4821811409512118,0.5178188590487882,1,Ivory Coast,0.5178188590487882
104,third_place,United States,Norway,0.0005,0.3236191367629054,0.6763808632370946,1,Norway,0.6763808632370946
104,third_place,United States,Portugal,0.0005,0.2719450987081958,0.7280549012918042,1,Portugal,0.7280549012918042
104,third_place,United States,Spain,0.0005,0.1487453562875507,0.8512546437124493,1,Spain,0.8512546437124493
104,third_place,United States,Uruguay,0.0005,0.4663115583254115,0.5336884416745885,1,Uruguay,0.5336884416745885
104,third_place,Uruguay,Algeria,0.0005,0.4724473102496866,0.5275526897503133,1,Algeria,0.5275526897503133
104,third_place,Uruguay,Australia,0.0005,0.4993290401357622,0.5006709598642378,1,Australia,0.5006709598642378
104,third_place,Uruguay,Brazil,0.0005,0.3002515822947824,0.6997484177052176,1,Brazil,0.6997484177052176
104,third_place,Uruguay,Croatia,0.0005,0.4426319299656845,0.5573680700343154,1,Croatia,0.5573680700343154
104,third_place,Uruguay,Ecuador,0.0005,0.4253763082912523,0.5746236917087477,1,Ecuador,0.5746236917087477
104,third_place,Uruguay,Germany,0.0005,0.3131622173855973,0.6868377826144026,1,Germany,0.6868377826144026
104,third_place,Uruguay,Iran,0.0005,0.5126328788476102,0.4873671211523898,1,Uruguay,0.5126328788476102
104,third_place,Uruguay,Ivory Coast,0.0005,0.5255090617688108,0.4744909382311891,1,Uruguay,0.5255090617688108
104,third_place,Uruguay,Mexico,0.0005,0.4172007910997406,0.5827992089002594,1,Mexico,0.5827992089002594
104,third_place,Uruguay,Switzerland,0.0005,0.4311543185120148,0.5688456814879852,1,Switzerland,0.5688456814879852
104,third_place,Uzbekistan,Australia,0.0005,0.340838618412278,0.659161381587722,1,Australia,0.659161381587722
104,third_place,Uzbekistan,Belgium,0.0005,0.2204491774327104,0.7795508225672896,1,Belgium,0.7795508225672896
104,third_place,Uzbekistan,Germany,0.0005,0.1957730082094728,0.8042269917905271,1,Germany,0.8042269917905271
104,third_place,Uzbekistan,Spain,0.0005,0.1061285664746247,0.8938714335253752,1,Spain,0.8938714335253752
