match_number,round,group,first_team,second_team,pairing_probability,first_win_probability,draw_probability,second_win_probability,first_advancement_probability,second_advancement_probability,simulation_count
1,group,A,Mexico,South Africa,1.0,0.6369699535589504,0.2368245243603606,0.126205522080689,,,
2,group,A,South Korea,Czech Republic,1.0,0.3964866341840886,0.2240209047580446,0.3794924610578667,,,
3,group,B,Canada,Bosnia and Herzegovina,1.0,0.6160965895196778,0.2296488959421571,0.154254514538165,,,
4,group,D,United States,Paraguay,1.0,0.370426470909087,0.2272567587308844,0.4023167703600285,,,
5,group,C,Haiti,Scotland,1.0,0.2276983950460629,0.2218052070786745,0.5504963978752626,,,
6,group,D,Australia,Turkey,1.0,0.287373756041416,0.2259887948104445,0.4866374491481395,,,
7,group,C,Brazil,Morocco,1.0,0.4290504633173425,0.2226774406845632,0.3482720959980941,,,
8,group,B,Qatar,Switzerland,1.0,0.0582689277411368,0.2172149702366119,0.7245161020222514,,,
9,group,E,Ivory Coast,Ecuador,1.0,0.251846654439488,0.2428418845651493,0.5053114609953627,,,
10,group,E,Germany,Curaçao,1.0,0.7184399768937504,0.2165114992173719,0.0650485238888778,,,
11,group,F,Netherlands,Japan,1.0,0.3775464748529494,0.2253162309108918,0.3971372942361587,,,
12,group,F,Sweden,Tunisia,1.0,0.4534719945054051,0.2235042653736544,0.3230237401209405,,,
13,group,H,Saudi Arabia,Uruguay,1.0,0.1519138780592735,0.2397440058563146,0.6083421160844118,,,
14,group,H,Spain,Cape Verde,1.0,0.7428748782173153,0.2162432802229356,0.040881841559749,,,
15,group,G,Iran,New Zealand,1.0,0.6319004864373223,0.2196143066813067,0.148485206881371,,,
16,group,G,Belgium,Egypt,1.0,0.5926750853996979,0.2280067426025301,0.1793181719977719,,,
17,group,I,France,Senegal,1.0,0.5812567293625562,0.2264653133626326,0.1922779572748111,,,
18,group,I,Iraq,Norway,1.0,0.109119499202632,0.2212944832667155,0.6695860175306525,,,
19,group,J,Argentina,Algeria,1.0,0.6241450700404272,0.2349522351698482,0.1409026947897245,,,
20,group,J,Austria,Jordan,1.0,0.6184153997389195,0.2149994654527274,0.1665851348083531,,,
21,group,L,Ghana,Panama,1.0,0.2223749819550095,0.2236631609521609,0.5539618570928296,,,
22,group,L,England,Croatia,1.0,0.5111763127019009,0.2251706871114611,0.263653000186638,,,
23,group,K,Portugal,DR Congo,1.0,0.64040549621722,0.2334434496930375,0.1261510540897426,,,
24,group,K,Uzbekistan,Colombia,1.0,0.1562672708657131,0.2294978163460133,0.6142349127882735,,,
25,group,A,Czech Republic,South Africa,1.0,0.5671071769823857,0.2281047718814408,0.2047880511361735,,,
26,group,B,Switzerland,Bosnia and Herzegovina,1.0,0.6643694267342355,0.2207127631526599,0.1149178101131046,,,
27,group,B,Canada,Qatar,1.0,0.6946918137656126,0.2268375835443188,0.0784706026900685,,,
28,group,A,Mexico,South Korea,1.0,0.5014018871325834,0.2316963678927858,0.2669017449746308,,,
29,group,C,Brazil,Haiti,1.0,0.6774692338747289,0.222136553106589,0.1003942130186819,,,
30,group,C,Scotland,Morocco,1.0,0.2034139787065764,0.2165315297780274,0.5800544915153961,,,
31,group,D,Turkey,Paraguay,1.0,0.4985400571765789,0.2255123273945514,0.2759476154288697,,,
32,group,D,United States,Australia,1.0,0.3607253914709147,0.2242484530624084,0.415026155466677,,,
33,group,E,Germany,Ivory Coast,1.0,0.5506985536441512,0.2262195620094869,0.2230818843463617,,,
34,group,E,Ecuador,Curaçao,1.0,0.6858262728868669,0.2333523624287268,0.0808213646844062,,,
35,group,F,Netherlands,Sweden,1.0,0.6269948143227394,0.211448423659714,0.1615567620175465,,,
36,group,F,Tunisia,Japan,1.0,0.1194579787248791,0.2244584768808234,0.6560835443942975,,,
37,group,H,Uruguay,Cape Verde,1.0,0.6231521072986024,0.2368016105171899,0.1400462821842077,,,
38,group,H,Spain,Saudi Arabia,1.0,0.7407280691819972,0.216574596017509,0.0426973348004937,,,
39,group,G,Belgium,Iran,1.0,0.5076045254518738,0.2255094530819573,0.2668860214661689,,,
40,group,G,New Zealand,Egypt,1.0,0.2264189330432576,0.2293715615948468,0.5442095053618956,,,
41,group,I,Norway,Senegal,1.0,0.5050943556861571,0.225817318505138,0.2690883258087049,,,
42,group,I,France,Iraq,1.0,0.6974596155934958,0.2260290815023162,0.0765113029041881,,,
43,group,J,Argentina,Austria,1.0,0.6053395046712817,0.2303220330603861,0.1643384622683322,,,
44,group,J,Jordan,Algeria,1.0,0.1992227831497237,0.2146307924933117,0.5861464243569645,,,
45,group,L,England,Ghana,1.0,0.7291380897829993,0.2167249249127204,0.0541369853042803,,,
46,group,L,Panama,Croatia,1.0,0.1999095362340933,0.2209749559850551,0.5791155077808516,,,
47,group,K,Portugal,Uzbekistan,1.0,0.6222857222192439,0.2256154130633695,0.1520988647173866,,,
48,group,K,Colombia,DR Congo,1.0,0.6330755267127813,0.2364780921492518,0.1304463811379669,,,
49,group,C,Scotland,Brazil,1.0,0.1743905169398459,0.2212491393461444,0.6043603437140096,,,
50,group,C,Morocco,Haiti,1.0,0.6871380320809259,0.220217795159054,0.09264417276002,,,
51,group,B,Switzerland,Canada,1.0,0.459708844059064,0.2306439767954129,0.3096471791455231,,,
52,group,B,Bosnia and Herzegovina,Qatar,1.0,0.5441943651426686,0.2260297711019191,0.2297758637554122,,,
53,group,A,Czech Republic,Mexico,1.0,0.26101669598975,0.2283584212852885,0.5106248827249615,,,
54,group,A,South Africa,South Korea,1.0,0.1975266949324328,0.231486847465352,0.5709864576022152,,,
55,group,E,Curaçao,Ivory Coast,1.0,0.1168311174483035,0.2221095227472736,0.6610593598044229,,,
56,group,E,Ecuador,Germany,1.0,0.3339693917480916,0.2328774280916835,0.4331531801602249,,,
57,group,F,Japan,Sweden,1.0,0.6331671440415951,0.2092813987536407,0.1575514572047641,,,
58,group,F,Tunisia,Netherlands,1.0,0.1269138699132419,0.224114605237082,0.6489715248496761,,,
59,group,D,Turkey,United States,1.0,0.5187928456848687,0.2187462525688202,0.262460901746311,,,
60,group,D,Paraguay,Australia,1.0,0.3763755940472006,0.232806908419343,0.3908174975334564,,,
61,group,I,Norway,France,1.0,0.290911347437649,0.2205738138778887,0.4885148386844623,,,
62,group,I,Senegal,Iraq,1.0,0.5894458580222482,0.2296501315314208,0.1809040104463309,,,
63,group,G,Egypt,Iran,1.0,0.2787126007641481,0.2353365826149331,0.4859508166209187,,,
64,group,G,New Zealand,Belgium,1.0,0.0858572502682445,0.211509690525993,0.7026330592057625,,,
65,group,H,Cape Verde,Saudi Arabia,1.0,0.3550521865505218,0.233079221890667,0.4118685915588111,,,
66,group,H,Uruguay,Spain,1.0,0.1328139179943359,0.2246661401352017,0.6425199418704624,,,
67,group,L,Panama,England,1.0,0.1171020951126074,0.2172279849454384,0.6656699199419541,,,
68,group,L,Croatia,Ghana,1.0,0.6789780502217,0.2214825595691552,0.0995393902091447,,,
69,group,J,Algeria,Austria,1.0,0.34351574715227,0.2298604993306527,0.4266237535170772,,,
70,group,J,Jordan,Argentina,1.0,0.0539425734317219,0.2107558601404192,0.7353015664278588,,,
71,group,K,Colombia,Portugal,1.0,0.384479676002675,0.2228432227278943,0.3926771012694307,,,
72,group,K,DR Congo,Uzbekistan,1.0,0.3243191255169702,0.2432883571478938,0.4323925173351359,,,
73,round_of_32,,Czech Republic,Canada,0.087,,,,0.4111973476624305,0.5888026523375696,87.0
73,round_of_32,,South Korea,Canada,0.086,,,,0.4214946845216333,0.5785053154783667,86.0
73,round_of_32,,Mexico,Canada,0.085,,,,0.5793384626367376,0.4206615373632624,85.0
73,round_of_32,,South Korea,Switzerland,0.082,,,,0.3322699152308943,0.6677300847691057,82.0
73,round_of_32,,Mexico,Switzerland,0.077,,,,0.4807775502283299,0.5192224497716701,77.0
73,round_of_32,,South Africa,Canada,0.077,,,,0.2056469616792088,0.7943530383207911,77.0
73,round_of_32,,South Africa,Switzerland,0.073,,,,0.1608697350878501,0.8391302649121499,73.0
73,round_of_32,,Czech Republic,Switzerland,0.071,,,,0.3238377679059568,0.6761622320940431,71.0
73,round_of_32,,Czech Republic,Bosnia and Herzegovina,0.065,,,,0.7420141624244533,0.2579858375755467,65.0
73,round_of_32,,Mexico,Bosnia and Herzegovina,0.063,,,,0.843262431006945,0.156737568993055,63.0
73,round_of_32,,South Korea,Bosnia and Herzegovina,0.052,,,,0.7488814174859578,0.2511185825140422,52.0
73,round_of_32,,Czech Republic,Qatar,0.043,,,,0.870598755028817,0.129401244971183,43.0
73,round_of_32,,South Africa,Bosnia and Herzegovina,0.041,,,,0.4989433167498744,0.5010566832501255,41.0
73,round_of_32,,Mexico,Qatar,0.034,,,,0.9204972421432462,0.0795027578567537,34.0
73,round_of_32,,South Africa,Qatar,0.032,,,,0.7032267819878396,0.2967732180121604,32.0
73,round_of_32,,South Korea,Qatar,0.032,,,,0.8734251003836013,0.1265748996163986,32.0
74,round_of_32,,Ivory Coast,Paraguay,0.057,,,,0.5053784730105885,0.4946215269894115,57.0
74,round_of_32,,Germany,Paraguay,0.053,,,,0.7323530707578892,0.2676469292421107,53.0
74,round_of_32,,Ivory Coast,Brazil,0.052,,,,0.2641934206404477,0.7358065793595523,52.0
74,round_of_32,,Ivory Coast,Scotland,0.048,,,,0.5410467722711241,0.4589532277288759,48.0
74,round_of_32,,Germany,Haiti,0.047,,,,0.8672727495924376,0.1327272504075624,47.0
74,round_of_32,,Germany,Turkey,0.042,,,,0.6045951643182648,0.3954048356817352,42.0
74,round_of_32,,Ivory Coast,Turkey,0.041,,,,0.3749528704226774,0.6250471295773226,41.0
74,round_of_32,,Ivory Coast,United States,0.041,,,,0.5343819908919155,0.4656180091080845,41.0
74,round_of_32,,Germany,Australia,0.04,,,,0.7184050389966907,0.2815949610033093,40.0
74,round_of_32,,Germany,Brazil,0.039,,,,0.4646273949509034,0.5353726050490966,39.0
74,round_of_32,,Ivory Coast,Haiti,0.039,,,,0.7505793835774133,0.2494206164225867,39.0
74,round_of_32,,Germany,United States,0.038,,,,0.7520225050289921,0.2479774949710078,38.0
74,round_of_32,,Ivory Coast,Australia,0.038,,,,0.4980625666951007,0.5019374333048993,38.0
74,round_of_32,,Germany,Scotland,0.033,,,,0.7545472047042647,0.2454527952957352,33.0
74,round_of_32,,Ecuador,Brazil,0.028,,,,0.3975166975674105,0.6024833024325895,28.0
74,round_of_32,,Ecuador,Haiti,0.028,,,,0.8385927224417464,0.1614072775582535,28.0
74,round_of_32,,Ecuador,United States,0.025,,,,0.6930426746705335,0.3069573253294665,25.0
74,round_of_32,,Ecuador,Turkey,0.023,,,,0.5365055903756231,0.4634944096243769,23.0
74,round_of_32,,Ivory Coast,Morocco,0.022,,,,0.2908234103214677,0.7091765896785323,22.0
74,round_of_32,,Curaçao,Morocco,0.02,,,,0.0666847072113986,0.9333152927886014,20.0
74,round_of_32,,Ecuador,Paraguay,0.02,,,,0.6730119815718159,0.3269880184281841,20.0
74,round_of_32,,Ecuador,Australia,0.019,,,,0.6655979469725826,0.3344020530274174,19.0
74,round_of_32,,Germany,Morocco,0.017,,,,0.5122108798036126,0.4877891201963874,17.0
74,round_of_32,,Curaçao,Australia,0.016,,,,0.1602708364209063,0.8397291635790937,16.0
74,round_of_32,,Ecuador,Scotland,0.016,,,,0.699024323309308,0.300975676690692,16.0
74,round_of_32,,Curaçao,Haiti,0.015,,,,0.3410742911627058,0.6589257088372942,15.0
74,round_of_32,,Curaçao,Paraguay,0.015,,,,0.1817940296312739,0.8182059703687261,15.0
74,round_of_32,,Germany,Tunisia,0.014,,,,0.8487387745923405,0.1512612254076595,14.0
74,round_of_32,,Ivory Coast,Tunisia,0.011,,,,0.6959080491481173,0.3040919508518827,11.0
74,round_of_32,,Curaçao,Brazil,0.01,,,,0.0855421147866084,0.9144578852133916,10.0
74,round_of_32,,Ivory Coast,Netherlands,0.01,,,,0.3080127383500088,0.6919872616499911,10.0
74,round_of_32,,Curaçao,Scotland,0.009,,,,0.1888568823031036,0.8111431176968963,9.0
74,round_of_32,,Ivory Coast,Sweden,0.008,,,,0.6190215842467838,0.3809784157532162,8.0
74,round_of_32,,Curaçao,United States,0.007,,,,0.1915557982672401,0.8084442017327599,7.0
74,round_of_32,,Curaçao,Turkey,0.005,,,,0.1202335396501294,0.8797664603498706,5.0
74,round_of_32,,Ecuador,Morocco,0.004,,,,0.4636258333893708,0.5363741666106292,4.0
74,round_of_32,,Germany,Czech Republic,0.004,,,,0.7484609884527081,0.2515390115472918,4.0
74,round_of_32,,Ivory Coast,Japan,0.004,,,,0.29449891615927,0.7055010838407301,4.0
74,round_of_32,,Ecuador,Czech Republic,0.003,,,,0.6973082481145204,0.3026917518854796,3.0
74,round_of_32,,Ecuador,Sweden,0.003,,,,0.7608443312171008,0.2391556687828991,3.0
74,round_of_32,,Ecuador,Tunisia,0.003,,,,0.8133208465757947,0.1866791534242052,3.0
74,round_of_32,,Germany,Japan,0.003,,,,0.5138288427839043,0.4861711572160957,3.0
74,round_of_32,,Ivory Coast,Czech Republic,0.003,,,,0.5411189136400607,0.4588810863599393,3.0
74,round_of_32,,Ivory Coast,Mexico,0.003,,,,0.3727440495361949,0.6272559504638051,3.0
74,round_of_32,,Ivory Coast,South Africa,0.003,,,,0.767337678791411,0.2326623212085889,3.0
74,round_of_32,,Curaçao,Czech Republic,0.002,,,,0.1788043492826461,0.8211956507173539,2.0
74,round_of_32,,Curaçao,South Korea,0.002,,,,0.1741205390477459,0.8258794609522541,2.0
74,round_of_32,,Ecuador,Netherlands,0.002,,,,0.4636762886679576,0.5363237113320424,2.0
74,round_of_32,,Germany,South Africa,0.002,,,,0.8774889400700742,0.1225110599299258,2.0
74,round_of_32,,Germany,Sweden,0.002,,,,0.813169083230879,0.186830916769121,2.0
74,round_of_32,,Curaçao,Japan,0.001,,,,0.0743611274550833,0.9256388725449166,1.0
74,round_of_32,,Curaçao,Netherlands,0.001,,,,0.0871747155624826,0.9128252844375174,1.0
74,round_of_32,,Curaçao,Sweden,0.001,,,,0.2432877877509833,0.7567122122490166,1.0
74,round_of_32,,Curaçao,Tunisia,0.001,,,,0.2889572435966103,0.7110427564033897,1.0
74,round_of_32,,Ecuador,South Africa,0.001,,,,0.853437918381417,0.1465620816185829,1.0
74,round_of_32,,Ecuador,South Korea,0.001,,,,0.6892854470752258,0.3107145529247742,1.0
74,round_of_32,,Germany,Mexico,0.001,,,,0.6058470141200872,0.3941529858799127,1.0
74,round_of_32,,Germany,Netherlands,0.001,,,,0.5269725071885437,0.4730274928114563,1.0
74,round_of_32,,Germany,South Korea,0.001,,,,0.7406680544611839,0.2593319455388161,1.0
74,round_of_32,,Ivory Coast,Qatar,0.001,,,,0.8882883605009284,0.1117116394990715,1.0
74,round_of_32,,Ivory Coast,South Korea,0.001,,,,0.528568891250335,0.471431108749665,1.0
75,round_of_32,,Japan,Brazil,0.179,,,,0.4483861180810333,0.5516138819189667,179.0
75,round_of_32,,Japan,Haiti,0.17,,,,0.8735754246058098,0.1264245753941901,170.0
75,round_of_32,,Japan,Morocco,0.135,,,,0.4978036429842239,0.5021963570157761,135.0
75,round_of_32,,Japan,Scotland,0.097,,,,0.7423126910006368,0.2576873089993632,97.0
75,round_of_32,,Netherlands,Brazil,0.092,,,,0.437539340225054,0.562460659774946,92.0
75,round_of_32,,Netherlands,Scotland,0.072,,,,0.7337839097208725,0.2662160902791275,72.0
75,round_of_32,,Netherlands,Haiti,0.069,,,,0.8590886992398703,0.1409113007601297,69.0
75,round_of_32,,Netherlands,Morocco,0.061,,,,0.486239691156126,0.513760308843874,61.0
75,round_of_32,,Tunisia,Brazil,0.027,,,,0.1409980760970398,0.8590019239029602,27.0
75,round_of_32,,Tunisia,Haiti,0.027,,,,0.5664325755867605,0.4335674244132395,27.0
75,round_of_32,,Tunisia,Scotland,0.018,,,,0.3407969510788574,0.6592030489211426,18.0
75,round_of_32,,Tunisia,Morocco,0.017,,,,0.1518292591709216,0.8481707408290784,17.0
75,round_of_32,,Sweden,Haiti,0.01,,,,0.6369650512323686,0.3630349487676314,10.0
75,round_of_32,,Sweden,Brazil,0.009,,,,0.1699723645072075,0.8300276354927925,9.0
75,round_of_32,,Sweden,Morocco,0.009,,,,0.2028456374280855,0.7971543625719144,9.0
75,round_of_32,,Sweden,Scotland,0.008,,,,0.4183737980475848,0.5816262019524152,8.0
76,round_of_32,,Morocco,Netherlands,0.255,,,,0.513760308843874,0.486239691156126,255.0
76,round_of_32,,Morocco,Japan,0.161,,,,0.5021963570157761,0.4978036429842238,161.0
76,round_of_32,,Morocco,Tunisia,0.143,,,,0.8481707408290784,0.1518292591709216,143.0
76,round_of_32,,Morocco,Sweden,0.086,,,,0.7971543625719144,0.2028456374280856,86.0
76,round_of_32,,Brazil,Netherlands,0.069,,,,0.5624606597749459,0.4375393402250541,69.0
76,round_of_32,,Haiti,Netherlands,0.047,,,,0.1409113007601296,0.8590886992398703,47.0
76,round_of_32,,Brazil,Japan,0.041,,,,0.5516138819189668,0.4483861180810332,41.0
76,round_of_32,,Brazil,Tunisia,0.038,,,,0.8590019239029602,0.1409980760970398,38.0
76,round_of_32,,Haiti,Japan,0.033,,,,0.1264245753941901,0.8735754246058098,33.0
76,round_of_32,,Haiti,Tunisia,0.033,,,,0.4335674244132395,0.5664325755867605,33.0
76,round_of_32,,Scotland,Netherlands,0.026,,,,0.2662160902791275,0.7337839097208725,26.0
76,round_of_32,,Brazil,Sweden,0.018,,,,0.8300276354927923,0.1699723645072076,18.0
76,round_of_32,,Scotland,Tunisia,0.017,,,,0.6592030489211425,0.3407969510788575,17.0
76,round_of_32,,Scotland,Japan,0.014,,,,0.2576873089993632,0.7423126910006368,14.0
76,round_of_32,,Haiti,Sweden,0.012,,,,0.3630349487676315,0.6369650512323685,12.0
76,round_of_32,,Scotland,Sweden,0.007,,,,0.5816262019524152,0.4183737980475848,7.0
77,round_of_32,,Senegal,Tunisia,0.07,,,,0.7267975285064228,0.2732024714935772,70.0
77,round_of_32,,Norway,Tunisia,0.066,,,,0.8337628524393211,0.1662371475606788,66.0
77,round_of_32,,France,Tunisia,0.049,,,,0.8827196741058436,0.1172803258941563,49.0
77,round_of_32,,Norway,Netherlands,0.049,,,,0.4899043537899429,0.5100956462100571,49.0
77,round_of_32,,Senegal,Netherlands,0.045,,,,0.3386724312466953,0.6613275687533047,45.0
77,round_of_32,,Norway,Japan,0.042,,,,0.4753504312869213,0.5246495687130787,42.0
77,round_of_32,,France,Netherlands,0.041,,,,0.6190069950478212,0.3809930049521788,41.0
77,round_of_32,,Norway,Sweden,0.038,,,,0.7890610199885337,0.2109389800114662,38.0
77,round_of_32,,Senegal,Sweden,0.032,,,,0.6546749332577836,0.3453250667422164,32.0
77,round_of_32,,France,Sweden,0.031,,,,0.8612315250108213,0.1387684749891786,31.0
77,round_of_32,,Senegal,Japan,0.03,,,,0.3252104290830878,0.6747895709169123,30.0
77,round_of_32,,Norway,Paraguay,0.026,,,,0.6989289697633181,0.3010710302366819,26.0
77,round_of_32,,Senegal,Egypt,0.022,,,,0.6253840025350733,0.3746159974649267,22.0
77,round_of_32,,Senegal,Paraguay,0.022,,,,0.5430564385438366,0.4569435614561634,22.0
77,round_of_32,,Norway,United States,0.021,,,,0.7225347145889545,0.2774652854110455,21.0
77,round_of_32,,Senegal,United States,0.021,,,,0.5717117045617935,0.4282882954382064,21.0
77,round_of_32,,Norway,Egypt,0.02,,,,0.7589021869971819,0.241097813002818,20.0
77,round_of_32,,Norway,Turkey,0.02,,,,0.5678467390172274,0.4321532609827726,20.0
77,round_of_32,,Senegal,Australia,0.018,,,,0.5355251000055378,0.4644748999944622,18.0
77,round_of_32,,France,United States,0.016,,,,0.81327221050239,0.18672778949761,16.0
77,round_of_32,,Norway,Uruguay,0.016,,,,0.6376420812303831,0.3623579187696168,16.0
77,round_of_32,,Norway,New Zealand,0.015,,,,0.8858177812867073,0.1141822187132927,15.0
77,round_of_32,,France,Japan,0.014,,,,0.6066489049104954,0.3933510950895046,14.0
77,round_of_32,,Iraq,Tunisia,0.014,,,,0.4485033026971228,0.5514966973028772,14.0
77,round_of_32,,France,Australia,0.013,,,,0.78361141489663,0.21638858510337,13.0
77,round_of_32,,France,Egypt,0.013,,,,0.8318010388426101,0.1681989611573898,13.0
77,round_of_32,,Senegal,Iran,0.013,,,,0.4895917509079837,0.5104082490920163,13.0
77,round_of_32,,Senegal,Turkey,0.013,,,,0.4088800433421042,0.5911199566578957,13.0
77,round_of_32,,France,Turkey,0.012,,,,0.6899583921734266,0.3100416078265734,12.0
77,round_of_32,,France,Paraguay,0.009,,,,0.7992304200594756,0.2007695799405243,9.0
77,round_of_32,,Iraq,Japan,0.009,,,,0.1298068404410142,0.8701931595589858,9.0
77,round_of_32,,Norway,Australia,0.009,,,,0.6881965028787662,0.3118034971212338,9.0
77,round_of_32,,Norway,Belgium,0.009,,,,0.4872745025862511,0.5127254974137488,9.0
77,round_of_32,,Norway,Cape Verde,0.009,,,,0.8920872957820506,0.1079127042179494,9.0
77,round_of_32,,Senegal,Saudi Arabia,0.009,,,,0.794507471234789,0.2054925287652109,9.0
77,round_of_32,,Senegal,Uruguay,0.009,,,,0.4760148503524365,0.5239851496475634,9.0
77,round_of_32,,France,New Zealand,0.008,,,,0.917589441868694,0.0824105581313059,8.0
77,round_of_32,,Norway,Saudi Arabia,0.008,,,,0.8802686369560373,0.1197313630439627,8.0
77,round_of_32,,Senegal,Belgium,0.008,,,,0.3363694771836753,0.6636305228163246,8.0
77,round_of_32,,Senegal,Cape Verde,0.008,,,,0.8175682927363178,0.1824317072636821,8.0
77,round_of_32,,Senegal,New Zealand,0.008,,,,0.8035611555660381,0.1964388444339618,8.0
77,round_of_32,,France,Iran,0.007,,,,0.7461990045034034,0.2538009954965966,7.0
77,round_of_32,,France,Uruguay,0.007,,,,0.7521808165968651,0.2478191834031349,7.0
77,round_of_32,,Norway,Iran,0.007,,,,0.6441080542679823,0.3558919457320176,7.0
77,round_of_32,,France,Belgium,0.006,,,,0.6153736057804472,0.3846263942195528,6.0
77,round_of_32,,France,Cape Verde,0.006,,,,0.9194444272759394,0.0805555727240605,6.0
77,round_of_32,,France,Spain,0.006,,,,0.3826404799214902,0.6173595200785098,6.0
77,round_of_32,,Senegal,Spain,0.006,,,,0.1757898279910165,0.8242101720089834,6.0
77,round_of_32,,Iraq,Netherlands,0.005,,,,0.1380326341669765,0.8619673658330235,5.0
77,round_of_32,,Iraq,Paraguay,0.005,,,,0.2739090518637787,0.7260909481362213,5.0
77,round_of_32,,Iraq,Sweden,0.005,,,,0.3658805577557362,0.6341194422442638,5.0
77,round_of_32,,Iraq,United States,0.005,,,,0.2917088532443568,0.7082911467556432,5.0
77,round_of_32,,France,Saudi Arabia,0.004,,,,0.9158394679684178,0.0841605320315822,4.0
77,round_of_32,,Iraq,Saudi Arabia,0.004,,,,0.5410253514046119,0.458974648595388,4.0
77,round_of_32,,Iraq,Belgium,0.003,,,,0.1341762831690948,0.8658237168309051,3.0
77,round_of_32,,Iraq,Iran,0.003,,,,0.2273496719330439,0.7726503280669561,3.0
77,round_of_32,,Norway,Spain,0.003,,,,0.2712887482692422,0.7287112517307578,3.0
77,round_of_32,,Iraq,Egypt,0.002,,,,0.3400671207781608,0.6599328792218392,2.0
77,round_of_32,,Iraq,Turkey,0.002,,,,0.179594430669043,0.820405569330957,2.0
77,round_of_32,,Iraq,Uruguay,0.002,,,,0.2259656708956824,0.7740343291043176,2.0
77,round_of_32,,France,Haiti,0.001,,,,0.8913553031582778,0.1086446968417221,1.0
77,round_of_32,,Iraq,Australia,0.001,,,,0.2625369437619585,0.7374630562380415,1.0
77,round_of_32,,Iraq,Cape Verde,0.001,,,,0.578108825742301,0.4218911742576989,1.0
77,round_of_32,,Iraq,Spain,0.001,,,,0.0652320063605253,0.9347679936394746,1.0
77,round_of_32,,Norway,Brazil,0.001,,,,0.4285702715239779,0.5714297284760221,1.0
77,round_of_32,,Norway,Haiti,0.001,,,,0.8604587055109172,0.1395412944890828,1.0
77,round_of_32,,Senegal,Haiti,0.001,,,,0.77617619914168,0.22382380085832,1.0
78,round_of_32,,Ivory Coast,Norway,0.101,,,,0.316067885424248,0.683932114575752,101.0
78,round_of_32,,Ivory Coast,Senegal,0.084,,,,0.4630495380479367,0.5369504619520633,84.0
78,round_of_32,,Ecuador,Norway,0.081,,,,0.4764636975184217,0.5235363024815782,81.0
78,round_of_32,,Germany,Norway,0.081,,,,0.5363562472918983,0.4636437527081016,81.0
78,round_of_32,,Ecuador,France,0.078,,,,0.3435941879555346,0.6564058120444654,78.0
78,round_of_32,,Ivory Coast,France,0.073,,,,0.225788860475335,0.774211139524665,73.0
78,round_of_32,,Germany,Senegal,0.072,,,,0.6827955437478943,0.3172044562521057,72.0
78,round_of_32,,Ecuador,Senegal,0.071,,,,0.6345626758028798,0.3654373241971201,71.0
78,round_of_32,,Germany,France,0.07,,,,0.4064693042060614,0.5935306957939386,70.0
78,round_of_32,,Curaçao,Senegal,0.055,,,,0.133908683284535,0.8660913167154649,55.0
78,round_of_32,,Ecuador,Iraq,0.049,,,,0.8413988380271451,0.1586011619728549,49.0
78,round_of_32,,Ivory Coast,Iraq,0.043,,,,0.7370099970867002,0.2629900029132997,43.0
78,round_of_32,,Curaçao,Norway,0.039,,,,0.0831053233246869,0.916894676675313,39.0
78,round_of_32,,Curaçao,France,0.037,,,,0.0716098951977269,0.928390104802273,37.0
78,round_of_32,,Germany,Iraq,0.034,,,,0.8725757037348653,0.1274242962651347,34.0
78,round_of_32,,Curaçao,Iraq,0.032,,,,0.3313595568165077,0.6686404431834923,32.0
79,round_of_32,,Mexico,Ecuador,0.032,,,,0.4572187229304162,0.5427812770695838,32.0
79,round_of_32,,South Africa,Germany,0.032,,,,0.1225110599299257,0.8774889400700743,32.0
79,round_of_32,,Czech Republic,Cape Verde,0.031,,,,0.7662485563477597,0.2337514436522403,31.0
79,round_of_32,,Mexico,Ivory Coast,0.03,,,,0.627255950463805,0.372744049536195,30.0
79,round_of_32,,South Korea,Ecuador,0.03,,,,0.3107145529247744,0.6892854470752257,30.0
79,round_of_32,,Czech Republic,Ecuador,0.029,,,,0.3026917518854796,0.6973082481145204,29.0
79,round_of_32,,Mexico,Cape Verde,0.029,,,,0.856763492673642,0.1432365073263579,29.0
79,round_of_32,,South Africa,Uruguay,0.029,,,,0.20680232380128,0.79319767619872,29.0
79,round_of_32,,Czech Republic,Curaçao,0.028,,,,0.821195650717354,0.178804349282646,28.0
79,round_of_32,,Czech Republic,Uruguay,0.028,,,,0.4070140827921606,0.5929859172078393,28.0
79,round_of_32,,Mexico,Haiti,0.027,,,,0.8193634422441213,0.1806365577558787,27.0
79,round_of_32,,Mexico,Saudi Arabia,0.027,,,,0.8433108583918867,0.1566891416081133,27.0
79,round_of_32,,South Korea,Saudi Arabia,0.027,,,,0.748350256134163,0.251649743865837,27.0
79,round_of_32,,Czech Republic,Germany,0.024,,,,0.2515390115472918,0.7484609884527081,24.0
79,round_of_32,,Czech Republic,Saudi Arabia,0.024,,,,0.741132422508586,0.258867577491414,24.0
79,round_of_32,,Mexico,Curaçao,0.024,,,,0.8847213943678948,0.1152786056321052,24.0
79,round_of_32,,Mexico,Germany,0.024,,,,0.3941529858799128,0.6058470141200871,24.0
79,round_of_32,,Mexico,Uruguay,0.024,,,,0.5719384909964951,0.4280615090035049,24.0
79,round_of_32,,South Africa,Saudi Arabia,0.024,,,,0.4976258099766771,0.5023741900233228,24.0
79,round_of_32,,South Korea,Germany,0.024,,,,0.2593319455388161,0.7406680544611839,24.0
79,round_of_32,,South Korea,Uruguay,0.024,,,,0.415987779152614,0.584012220847386,24.0
79,round_of_32,,Czech Republic,Ivory Coast,0.023,,,,0.4588810863599392,0.5411189136400607,23.0
79,round_of_32,,Czech Republic,Brazil,0.022,,,,0.231502885659912,0.7684971143400879,22.0
79,round_of_32,,South Africa,Curaçao,0.022,,,,0.6354111269794399,0.3645888730205601,22.0
79,round_of_32,,South Korea,Brazil,0.022,,,,0.2374296309367304,0.7625703690632696,22.0
79,round_of_32,,South Korea,Cape Verde,0.021,,,,0.7728509441144653,0.2271490558855347,21.0
79,round_of_32,,South Africa,Ecuador,0.02,,,,0.1465620816185829,0.8534379183814171,20.0
79,round_of_32,,South Africa,Ivory Coast,0.02,,,,0.2326623212085889,0.767337678791411,20.0
79,round_of_32,,South Korea,Curaçao,0.02,,,,0.8258794609522542,0.1741205390477458,20.0
79,round_of_32,,Czech Republic,Haiti,0.019,,,,0.7141093328244346,0.2858906671755654,19.0
79,round_of_32,,South Africa,Cape Verde,0.016,,,,0.5363282675869565,0.4636717324130435,16.0
79,round_of_32,,South Korea,Ivory Coast,0.016,,,,0.471431108749665,0.528568891250335,16.0
79,round_of_32,,Mexico,Scotland,0.015,,,,0.6642059010455593,0.3357940989544407,15.0
79,round_of_32,,South Korea,Haiti,0.015,,,,0.7225667205034739,0.2774332794965261,15.0
79,round_of_32,,Mexico,Brazil,0.014,,,,0.3597791100828884,0.6402208899171116,14.0
79,round_of_32,,Mexico,Spain,0.013,,,,0.2188108712454083,0.7811891287545917,13.0
79,round_of_32,,South Korea,Scotland,0.012,,,,0.5134460056798483,0.4865539943201517,12.0
79,round_of_32,,South Africa,Brazil,0.011,,,,0.1180422885281699,0.88195771147183,11.0
79,round_of_32,,Czech Republic,Spain,0.01,,,,0.1307798159808535,0.8692201840191465,10.0
79,round_of_32,,South Africa,Haiti,0.01,,,,0.4751507948639286,0.5248492051360714,10.0
79,round_of_32,,South Africa,Scotland,0.01,,,,0.2699783397298039,0.7300216602701961,10.0
79,round_of_32,,South Africa,Spain,0.01,,,,0.0677026134527502,0.9322973865472498,10.0
79,round_of_32,,South Korea,Spain,0.01,,,,0.1354091612217713,0.8645908387782287,10.0
79,round_of_32,,Czech Republic,Morocco,0.009,,,,0.2571111124793669,0.742888887520633,9.0
79,round_of_32,,Czech Republic,Scotland,0.008,,,,0.5035616567618773,0.4964383432381227,8.0
79,round_of_32,,Mexico,Morocco,0.006,,,,0.4161589864298191,0.5838410135701808,6.0
79,round_of_32,,South Korea,Morocco,0.006,,,,0.2681362775490328,0.7318637224509672,6.0
79,round_of_32,,Czech Republic,Senegal,0.005,,,,0.4219573620939752,0.5780426379060248,5.0
79,round_of_32,,Mexico,France,0.005,,,,0.3084464873219043,0.6915535126780957,5.0
79,round_of_32,,South Africa,Morocco,0.005,,,,0.1113838209028637,0.8886161790971362,5.0
79,round_of_32,,Mexico,Senegal,0.004,,,,0.5926312427591951,0.4073687572408049,4.0
79,round_of_32,,South Korea,Norway,0.004,,,,0.2865369624829172,0.7134630375170827,4.0
79,round_of_32,,Mexico,Iraq,0.003,,,,0.8203991932498541,0.1796008067501459,3.0
79,round_of_32,,Czech Republic,Iraq,0.002,,,,0.7067887838615553,0.2932112161384447,2.0
79,round_of_32,,Mexico,Norway,0.002,,,,0.4324756136515216,0.5675243863484783,2.0
79,round_of_32,,South Africa,France,0.002,,,,0.0998694316447531,0.9001305683552469,2.0
79,round_of_32,,South Africa,Iraq,0.002,,,,0.4562752946627095,0.5437247053372904,2.0
79,round_of_32,,South Africa,Norway,0.002,,,,0.1297912648683141,0.8702087351316858,2.0
79,round_of_32,,South Africa,Sweden,0.002,,,,0.3359805480631609,0.664019451936839,2.0
79,round_of_32,,South Korea,France,0.002,,,,0.1994731323073467,0.8005268676926532,2.0
79,round_of_32,,South Korea,Senegal,0.002,,,,0.4342408578281028,0.5657591421718973,2.0
79,round_of_32,,Czech Republic,France,0.001,,,,0.1941628285628286,0.8058371714371713,1.0
79,round_of_32,,Czech Republic,Netherlands,0.001,,,,0.2709348998812847,0.7290651001187153,1.0
79,round_of_32,,Czech Republic,Norway,0.001,,,,0.2768549490442956,0.7231450509557044,1.0
79,round_of_32,,Czech Republic,Tunisia,0.001,,,,0.6621563659165008,0.3378436340834991,1.0
79,round_of_32,,Mexico,Sweden,0.001,,,,0.7324190213579655,0.2675809786420344,1.0
79,round_of_32,,South Korea,Iraq,0.001,,,,0.7151386638494482,0.2848613361505517,1.0
79,round_of_32,,South Korea,Tunisia,0.001,,,,0.6714313420857986,0.3285686579142014,1.0
80,round_of_32,,England,DR Congo,0.119,,,,0.8525586943667169,0.147441305633283,119.0
80,round_of_32,,England,Uzbekistan,0.116,,,,0.8206360546099305,0.1793639453900695,116.0
80,round_of_32,,England,Portugal,0.088,,,,0.528007203850159,0.471992796149841,88.0
80,round_of_32,,England,Colombia,0.084,,,,0.5302260089043562,0.4697739910956438,84.0
80,round_of_32,,Croatia,Colombia,0.044,,,,0.3688547076677363,0.6311452923322637,44.0
80,round_of_32,,England,Senegal,0.043,,,,0.7216349009056227,0.2783650990943773,43.0
80,round_of_32,,Croatia,Portugal,0.036,,,,0.3631449653839513,0.6368550346160486,36.0
80,round_of_32,,Croatia,Uzbekistan,0.035,,,,0.7035633815133012,0.2964366184866988,35.0
80,round_of_32,,England,France,0.035,,,,0.4459286471440558,0.5540713528559442,35.0
80,round_of_32,,Croatia,DR Congo,0.034,,,,0.7527046978421066,0.2472953021578934,34.0
80,round_of_32,,England,Iraq,0.031,,,,0.8913794598482312,0.1086205401517688,31.0
80,round_of_32,,England,Norway,0.027,,,,0.580953812613425,0.4190461873865749,27.0
80,round_of_32,,Panama,DR Congo,0.018,,,,0.5236365161155696,0.4763634838844304,18.0
80,round_of_32,,Panama,Portugal,0.017,,,,0.1632706824149253,0.8367293175850747,17.0
80,round_of_32,,Croatia,France,0.016,,,,0.2934675594756938,0.7065324405243061,16.0
80,round_of_32,,Panama,Uzbekistan,0.016,,,,0.4526427649050999,0.5473572350949001,16.0
80,round_of_32,,Croatia,Norway,0.015,,,,0.4128047358841196,0.5871952641158804,15.0
80,round_of_32,,Croatia,Senegal,0.012,,,,0.5729530647723129,0.4270469352276871,12.0
80,round_of_32,,Croatia,Iraq,0.011,,,,0.8097895649136944,0.1902104350863056,11.0
80,round_of_32,,England,Algeria,0.01,,,,0.7001298744855432,0.2998701255144568,10.0
80,round_of_32,,England,Argentina,0.01,,,,0.3381187059521877,0.6618812940478123,10.0
80,round_of_32,,England,Austria,0.01,,,,0.654800679439433,0.345199320560567,10.0
80,round_of_32,,Ghana,Uzbekistan,0.01,,,,0.2494492407437969,0.7505507592562031,10.0
80,round_of_32,,Panama,Colombia,0.01,,,,0.1709637503468541,0.8290362496531458,10.0
80,round_of_32,,England,Ecuador,0.009,,,,0.5993213225089371,0.4006786774910629,9.0
80,round_of_32,,Ghana,Colombia,0.009,,,,0.084432009608593,0.9155679903914068,9.0
80,round_of_32,,England,Germany,0.008,,,,0.5423549185256142,0.4576450814743857,8.0
80,round_of_32,,Croatia,Algeria,0.007,,,,0.5481034781848396,0.4518965218151604,7.0
80,round_of_32,,England,Curaçao,0.007,,,,0.9344027698567248,0.0655972301432752,7.0
80,round_of_32,,Ghana,Portugal,0.007,,,,0.076811607885572,0.923188392114428,7.0
80,round_of_32,,Panama,Senegal,0.007,,,,0.3160124284385321,0.6839875715614678,7.0
80,round_of_32,,Croatia,Curaçao,0.006,,,,0.8758336033317695,0.1241663966682304,6.0
80,round_of_32,,England,Ivory Coast,0.006,,,,0.7489184378607112,0.2510815621392888,6.0
80,round_of_32,,England,Jordan,0.006,,,,0.874128886515725,0.125871113484275,6.0
80,round_of_32,,Ghana,DR Congo,0.006,,,,0.3057075548542312,0.6942924451457688,6.0
80,round_of_32,,Panama,France,0.006,,,,0.1297342151009584,0.8702657848990416,6.0
80,round_of_32,,Panama,Norway,0.006,,,,0.1917101617248107,0.8082898382751893,6.0
80,round_of_32,,Croatia,Ecuador,0.005,,,,0.4417712677220205,0.5582287322779795,5.0
80,round_of_32,,Panama,Iraq,0.005,,,,0.6047459087341147,0.3952540912658853,5.0
80,round_of_32,,Croatia,Argentina,0.004,,,,0.2073512757624995,0.7926487242375004,4.0
80,round_of_32,,Ghana,France,0.004,,,,0.0645248067946211,0.9354751932053788,4.0
80,round_of_32,,Panama,Ecuador,0.004,,,,0.2179133402554174,0.7820866597445826,4.0
80,round_of_32,,Panama,Ivory Coast,0.004,,,,0.3501464580412785,0.6498535419587215,4.0
80,round_of_32,,Croatia,Germany,0.003,,,,0.3763189460111484,0.6236810539888515,3.0
80,round_of_32,,Croatia,Ivory Coast,0.003,,,,0.6079310882013075,0.3920689117986925,3.0
80,round_of_32,,Ghana,Curaçao,0.003,,,,0.5526222170843761,0.4473777829156239,3.0
80,round_of_32,,Ghana,Senegal,0.003,,,,0.1558812832826656,0.8441187167173343,3.0
80,round_of_32,,Panama,Austria,0.003,,,,0.2486314943745272,0.7513685056254727,3.0
80,round_of_32,,Panama,Curaçao,0.003,,,,0.7428650493412178,0.2571349506587822,3.0
80,round_of_32,,Croatia,Jordan,0.002,,,,0.7794454998538799,0.2205545001461201,2.0
80,round_of_32,,England,Uruguay,0.002,,,,0.7047866910319784,0.2952133089680215,2.0
80,round_of_32,,Ghana,Iraq,0.002,,,,0.3798421115650506,0.6201578884349493,2.0
80,round_of_32,,Ghana,Ivory Coast,0.002,,,,0.1768509972618067,0.8231490027381932,2.0
80,round_of_32,,Panama,Algeria,0.002,,,,0.2946497065546864,0.7053502934453135,2.0
80,round_of_32,,Panama,Cape Verde,0.002,,,,0.6739153377372199,0.3260846622627801,2.0
80,round_of_32,,Croatia,Austria,0.001,,,,0.4933746390655308,0.5066253609344691,1.0
80,round_of_32,,England,Saudi Arabia,0.001,,,,0.9071527847251034,0.0928472152748965,1.0
80,round_of_32,,Ghana,Argentina,0.001,,,,0.0373009217881547,0.9626990782118452,1.0
80,round_of_32,,Ghana,Cape Verde,0.001,,,,0.4553749019902794,0.5446250980097206,1.0
80,round_of_32,,Ghana,Norway,0.001,,,,0.0886782186201402,0.9113217813798598,1.0
80,round_of_32,,Panama,Argentina,0.001,,,,0.0820306581581056,0.9179693418418944,1.0
80,round_of_32,,Panama,Germany,0.001,,,,0.1717315112660823,0.8282684887339177,1.0
81,round_of_32,,Australia,Bosnia and Herzegovina,0.087,,,,0.7687790893311145,0.2312209106688855,87.0
81,round_of_32,,Turkey,Bosnia and Herzegovina,0.081,,,,0.8444894006040632,0.1555105993959368,81.0
81,round_of_32,,Turkey,Canada,0.059,,,,0.5832200411032832,0.4167799588967168,59.0
81,round_of_32,,Australia,Qatar,0.057,,,,0.8836793801732991,0.1163206198267009,57.0
81,round_of_32,,Australia,Canada,0.056,,,,0.4496793970879754,0.5503206029120247,56.0
81,round_of_32,,Turkey,Qatar,0.056,,,,0.9209777004291626,0.0790222995708374,56.0
81,round_of_32,,Turkey,Switzerland,0.053,,,,0.4846901198513904,0.5153098801486096,53.0
81,round_of_32,,Australia,Switzerland,0.043,,,,0.3571820842406801,0.6428179157593199,43.0
81,round_of_32,,United States,Qatar,0.03,,,,0.8637737116684969,0.136226288331503,30.0
81,round_of_32,,United States,Bosnia and Herzegovina,0.028,,,,0.7404026255475669,0.2595973744524331,28.0
81,round_of_32,,United States,Switzerland,0.027,,,,0.3227264451214124,0.6772735548785875,27.0
81,round_of_32,,Paraguay,Bosnia and Herzegovina,0.025,,,,0.7539822479159694,0.2460177520840306,25.0
81,round_of_32,,Paraguay,Qatar,0.023,,,,0.8678304980577877,0.1321695019422123,23.0
81,round_of_32,,United States,Canada,0.023,,,,0.416988414817483,0.583011585182517,23.0
81,round_of_32,,Paraguay,Canada,0.019,,,,0.4414816167230771,0.5585183832769229,19.0
81,round_of_32,,Turkey,Austria,0.018,,,,0.512867107061034,0.487132892938966,18.0
81,round_of_32,,Paraguay,Switzerland,0.017,,,,0.3435649310510421,0.656435068948958,17.0
81,round_of_32,,Turkey,Algeria,0.015,,,,0.5662075201845559,0.4337924798154441,15.0
81,round_of_32,,Turkey,Ecuador,0.013,,,,0.4634944096243769,0.5365055903756231,13.0
81,round_of_32,,Australia,Austria,0.012,,,,0.384902083478394,0.615097916521606,12.0
81,round_of_32,,Australia,France,0.012,,,,0.2163885851033699,0.78361141489663,12.0
81,round_of_32,,Australia,Algeria,0.011,,,,0.4399757389946059,0.560024261005394,11.0
81,round_of_32,,Australia,Argentina,0.01,,,,0.1457596815597639,0.8542403184402361,10.0
81,round_of_32,,Australia,Norway,0.01,,,,0.3118034971212338,0.6881965028787662,10.0
81,round_of_32,,Turkey,Curaçao,0.01,,,,0.8797664603498706,0.1202335396501294,10.0
81,round_of_32,,Turkey,France,0.009,,,,0.3100416078265735,0.6899583921734265,9.0
81,round_of_32,,Turkey,Germany,0.009,,,,0.3954048356817349,0.604595164318265,9.0
81,round_of_32,,United States,Algeria,0.009,,,,0.4045141370652226,0.5954858629347773,9.0
81,round_of_32,,Australia,Ecuador,0.008,,,,0.3344020530274175,0.6655979469725826,8.0
81,round_of_32,,Paraguay,Austria,0.008,,,,0.3767305737832719,0.6232694262167281,8.0
81,round_of_32,,Turkey,Iraq,0.008,,,,0.820405569330957,0.179594430669043,8.0
81,round_of_32,,Turkey,Jordan,0.008,,,,0.792821667078002,0.207178332921998,8.0
81,round_of_32,,Australia,Senegal,0.007,,,,0.4644748999944623,0.5355251000055377,7.0
81,round_of_32,,Turkey,Argentina,0.007,,,,0.2206760350182198,0.7793239649817802,7.0
81,round_of_32,,Australia,Curaçao,0.006,,,,0.8397291635790937,0.1602708364209063,6.0
81,round_of_32,,Australia,Ivory Coast,0.006,,,,0.5019374333048993,0.4980625666951007,6.0
81,round_of_32,,Paraguay,Algeria,0.006,,,,0.4341557576436624,0.5658442423563376,6.0
81,round_of_32,,Paraguay,Senegal,0.006,,,,0.4569435614561634,0.5430564385438366,6.0
81,round_of_32,,United States,Senegal,0.006,,,,0.4282882954382062,0.5717117045617938,6.0
81,round_of_32,,Australia,Iraq,0.005,,,,0.7374630562380415,0.2625369437619584,5.0
81,round_of_32,,Turkey,Norway,0.005,,,,0.4321532609827725,0.5678467390172275,5.0
81,round_of_32,,Turkey,Senegal,0.005,,,,0.5911199566578959,0.4088800433421041,5.0
81,round_of_32,,Turkey,Tunisia,0.005,,,,0.788776741049726,0.211223258950274,5.0
81,round_of_32,,United States,France,0.005,,,,0.18672778949761,0.81327221050239,5.0
81,round_of_32,,Australia,Germany,0.004,,,,0.2815949610033093,0.7184050389966907,4.0
81,round_of_32,,Australia,Netherlands,0.004,,,,0.3033089203213833,0.6966910796786168,4.0
81,round_of_32,,Paraguay,Iraq,0.004,,,,0.7260909481362213,0.2739090518637787,4.0
81,round_of_32,,Paraguay,Jordan,0.004,,,,0.6803476690548712,0.3196523309451288,4.0
81,round_of_32,,United States,Argentina,0.004,,,,0.1250180125116179,0.8749819874883821,4.0
81,round_of_32,,United States,Austria,0.004,,,,0.349753053389052,0.650246946610948,4.0
81,round_of_32,,United States,Jordan,0.004,,,,0.6631964913896737,0.3368035086103262,4.0
81,round_of_32,,United States,Norway,0.004,,,,0.2774652854110456,0.7225347145889545,4.0
81,round_of_32,,Australia,Japan,0.003,,,,0.2934522398379395,0.7065477601620604,3.0
81,round_of_32,,Australia,Tunisia,0.003,,,,0.6960147005085812,0.3039852994914188,3.0
81,round_of_32,,Paraguay,Ecuador,0.003,,,,0.3269880184281841,0.6730119815718159,3.0
81,round_of_32,,United States,Ecuador,0.003,,,,0.3069573253294665,0.6930426746705335,3.0
81,round_of_32,,United States,Germany,0.003,,,,0.2479774949710077,0.7520225050289923,3.0
81,round_of_32,,United States,Iraq,0.003,,,,0.7082911467556431,0.2917088532443569,3.0
81,round_of_32,,Australia,Jordan,0.002,,,,0.6950283861619599,0.30497161383804,2.0
81,round_of_32,,Paraguay,Argentina,0.002,,,,0.139150342466447,0.8608496575335529,2.0
81,round_of_32,,Paraguay,Curaçao,0.002,,,,0.8182059703687261,0.1817940296312739,2.0
81,round_of_32,,Paraguay,France,0.002,,,,0.2007695799405245,0.7992304200594755,2.0
81,round_of_32,,Paraguay,Germany,0.002,,,,0.2676469292421106,0.7323530707578894,2.0
81,round_of_32,,Paraguay,Sweden,0.002,,,,0.6053107165205789,0.3946892834794211,2.0
81,round_of_32,,Turkey,Ivory Coast,0.002,,,,0.6250471295773224,0.3749528704226775,2.0
81,round_of_32,,United States,Curaçao,0.002,,,,0.8084442017327599,0.1915557982672401,2.0
81,round_of_32,,United States,Ivory Coast,0.002,,,,0.4656180091080846,0.5343819908919154,2.0
81,round_of_32,,United States,Tunisia,0.002,,,,0.6636625448688905,0.3363374551311094,2.0
81,round_of_32,,Australia,Sweden,0.001,,,,0.6203912059310781,0.3796087940689219,1.0
81,round_of_32,,Paraguay,Ivory Coast,0.001,,,,0.4946215269894115,0.5053784730105886,1.0
81,round_of_32,,Paraguay,Norway,0.001,,,,0.3010710302366819,0.6989289697633181,1.0
81,round_of_32,,Paraguay,Tunisia,0.001,,,,0.6838067867406971,0.3161932132593029,1.0
81,round_of_32,,Turkey,Japan,0.001,,,,0.4127284099762744,0.5872715900237255,1.0
81,round_of_32,,Turkey,Netherlands,0.001,,,,0.4224143209524119,0.5775856790475882,1.0
81,round_of_32,,United States,Netherlands,0.001,,,,0.269717619541356,0.730282380458644,1.0
82,round_of_32,,Belgium,Czech Republic,0.091,,,,0.7332030535714753,0.2667969464285247,91.0
82,round_of_32,,Belgium,South Korea,0.091,,,,0.7234374493827254,0.2765625506172746,91.0
82,round_of_32,,Belgium,Mexico,0.084,,,,0.5787483621077143,0.4212516378922857,84.0
82,round_of_32,,Belgium,South Africa,0.081,,,,0.8763421062802493,0.1236578937197506,81.0
82,round_of_32,,Iran,South Africa,0.054,,,,0.7971060229629541,0.2028939770370459,54.0
82,round_of_32,,Iran,South Korea,0.052,,,,0.5761802779896509,0.4238197220103491,52.0
82,round_of_32,,Iran,Mexico,0.047,,,,0.4175914281210856,0.5824085718789145,47.0
82,round_of_32,,Iran,Czech Republic,0.04,,,,0.588071039392173,0.411928960607827,40.0
82,round_of_32,,Egypt,South Africa,0.032,,,,0.6965400706835606,0.3034599293164394,32.0
82,round_of_32,,Belgium,Uruguay,0.028,,,,0.6476363424753391,0.3523636575246609,28.0
82,round_of_32,,Egypt,South Korea,0.027,,,,0.4364243149963711,0.5635756850036289,27.0
82,round_of_32,,Belgium,Saudi Arabia,0.026,,,,0.8854763498663962,0.1145236501336037,26.0
82,round_of_32,,Egypt,Czech Republic,0.022,,,,0.4478118796606949,0.5521881203393051,22.0
82,round_of_32,,Belgium,Cape Verde,0.021,,,,0.897236085422181,0.1027639145778189,21.0
82,round_of_32,,Egypt,Mexico,0.021,,,,0.2927376885801372,0.7072623114198627,21.0
82,round_of_32,,Iran,Saudi Arabia,0.018,,,,0.8013391241208699,0.19866087587913,18.0
82,round_of_32,,Belgium,Algeria,0.016,,,,0.6387569862945527,0.3612430137054473,16.0
82,round_of_32,,Iran,Austria,0.016,,,,0.4303648741559081,0.5696351258440919,16.0
82,round_of_32,,Belgium,Austria,0.012,,,,0.5899366680037154,0.4100633319962846,12.0
82,round_of_32,,Iran,Cape Verde,0.012,,,,0.8230061421807365,0.1769938578192634,12.0
82,round_of_32,,Iran,Algeria,0.011,,,,0.4849399269324226,0.5150600730675774,11.0
82,round_of_32,,Belgium,Senegal,0.01,,,,0.6636305228163247,0.3363694771836752,10.0
82,round_of_32,,Iran,Uruguay,0.01,,,,0.4874086321895585,0.5125913678104415,10.0
82,round_of_32,,Belgium,Spain,0.009,,,,0.2817545563490327,0.7182454436509673,9.0
82,round_of_32,,New Zealand,Czech Republic,0.009,,,,0.2502304144237147,0.7497695855762853,9.0
82,round_of_32,,New Zealand,Mexico,0.009,,,,0.1527765559831238,0.8472234440168762,9.0
82,round_of_32,,Iran,Argentina,0.008,,,,0.1721161497324253,0.8278838502675747,8.0
82,round_of_32,,Iran,Jordan,0.008,,,,0.7353052694609655,0.2646947305390345,8.0
82,round_of_32,,Belgium,Norway,0.007,,,,0.5127254974137487,0.4872745025862512,7.0
82,round_of_32,,Egypt,Algeria,0.007,,,,0.3518976444877097,0.6481023555122902,7.0
82,round_of_32,,Egypt,Austria,0.007,,,,0.3025124326239521,0.6974875673760479,7.0
82,round_of_32,,Egypt,Saudi Arabia,0.007,,,,0.6960882419820856,0.3039117580179143,7.0
82,round_of_32,,Iran,Iraq,0.007,,,,0.7726503280669561,0.2273496719330439,7.0
82,round_of_32,,Iran,Senegal,0.007,,,,0.5104082490920163,0.4895917509079837,7.0
82,round_of_32,,New Zealand,South Africa,0.007,,,,0.4892007949883221,0.5107992050116779,7.0
82,round_of_32,,Belgium,Argentina,0.006,,,,0.2781486490926366,0.7218513509073634,6.0
82,round_of_32,,Belgium,Germany,0.005,,,,0.4760008567517633,0.5239991432482367,5.0
82,round_of_32,,Belgium,Iraq,0.005,,,,0.8658237168309052,0.1341762831690948,5.0
82,round_of_32,,Egypt,Argentina,0.005,,,,0.1093673813192552,0.8906326186807447,5.0
82,round_of_32,,Egypt,France,0.005,,,,0.1681989611573897,0.8318010388426103,5.0
82,round_of_32,,Iran,Norway,0.005,,,,0.3558919457320177,0.6441080542679822,5.0
82,round_of_32,,New Zealand,South Korea,0.005,,,,0.2435413108631851,0.7564586891368148,5.0
82,round_of_32,,Belgium,France,0.004,,,,0.3846263942195529,0.6153736057804471,4.0
82,round_of_32,,Belgium,Jordan,0.004,,,,0.8446272768946184,0.1553727231053816,4.0
82,round_of_32,,Egypt,Iraq,0.004,,,,0.6599328792218392,0.3400671207781608,4.0
82,round_of_32,,Egypt,Uruguay,0.004,,,,0.353685356995406,0.6463146430045941,4.0
82,round_of_32,,Iran,France,0.004,,,,0.2538009954965965,0.7461990045034035,4.0
82,round_of_32,,Belgium,Curaçao,0.003,,,,0.9217832479056506,0.0782167520943494,3.0
82,round_of_32,,Egypt,Cape Verde,0.003,,,,0.7267027077775366,0.2732972922224633,3.0
82,round_of_32,,Egypt,Curaçao,0.002,,,,0.7940591436302675,0.2059408563697324,2.0
82,round_of_32,,Egypt,Norway,0.002,,,,0.241097813002818,0.758902186997182,2.0
82,round_of_32,,Egypt,Senegal,0.002,,,,0.3746159974649267,0.6253840025350733,2.0
82,round_of_32,,Iran,Spain,0.002,,,,0.1786934185775353,0.8213065814224647,2.0
82,round_of_32,,New Zealand,Algeria,0.002,,,,0.179924942290273,0.820075057709727,2.0
82,round_of_32,,New Zealand,Jordan,0.002,,,,0.3952179037151366,0.6047820962848633,2.0
82,round_of_32,,Egypt,Ecuador,0.001,,,,0.2590526745243779,0.740947325475622,1.0
82,round_of_32,,Egypt,Germany,0.001,,,,0.2180636580922097,0.7819363419077903,1.0
82,round_of_32,,Iran,Curaçao,0.001,,,,0.8685443951826636,0.1314556048173364,1.0
82,round_of_32,,Iran,Germany,0.001,,,,0.3245690966976117,0.6754309033023882,1.0
82,round_of_32,,Iran,Ivory Coast,0.001,,,,0.5473140012943621,0.4526859987056378,1.0
82,round_of_32,,New Zealand,Argentina,0.001,,,,0.048142182075971,0.9518578179240288,1.0
82,round_of_32,,New Zealand,Austria,0.001,,,,0.1500926626305894,0.8499073373694106,1.0
82,round_of_32,,New Zealand,Cape Verde,0.001,,,,0.5261871340466162,0.4738128659533838,1.0
82,round_of_32,,New Zealand,Curaçao,0.001,,,,0.6195428332372924,0.3804571667627076,1.0
82,round_of_32,,New Zealand,Iraq,0.001,,,,0.4483156579454868,0.5516843420545132,1.0
82,round_of_32,,New Zealand,Saudi Arabia,0.001,,,,0.4901177536649061,0.5098822463350938,1.0
82,round_of_32,,New Zealand,Uruguay,0.001,,,,0.1968786245104898,0.8031213754895102,1.0
83,round_of_32,,Colombia,Croatia,0.115,,,,0.6311452923322636,0.3688547076677364,115.0
83,round_of_32,,Portugal,Croatia,0.09,,,,0.6368550346160486,0.3631449653839513,90.0
83,round_of_32,,DR Congo,Croatia,0.084,,,,0.2472953021578933,0.7527046978421067,84.0
83,round_of_32,,Uzbekistan,Croatia,0.083,,,,0.2964366184866989,0.7035633815133011,83.0
83,round_of_32,,DR Congo,England,0.081,,,,0.147441305633283,0.8525586943667169,81.0
83,round_of_32,,Colombia,England,0.064,,,,0.4697739910956438,0.5302260089043562,64.0
83,round_of_32,,DR Congo,Panama,0.063,,,,0.4763634838844305,0.5236365161155695,63.0
83,round_of_32,,Portugal,England,0.063,,,,0.4719927961498409,0.5280072038501591,63.0
83,round_of_32,,Portugal,Panama,0.063,,,,0.8367293175850747,0.1632706824149252,63.0
83,round_of_32,,Colombia,Panama,0.058,,,,0.8290362496531458,0.1709637503468541,58.0
83,round_of_32,,Uzbekistan,England,0.055,,,,0.1793639453900695,0.8206360546099305,55.0
83,round_of_32,,Colombia,Ghana,0.042,,,,0.915567990391407,0.0844320096085929,42.0
83,round_of_32,,Uzbekistan,Panama,0.041,,,,0.5473572350949002,0.4526427649050998,41.0
83,round_of_32,,Portugal,Ghana,0.038,,,,0.9231883921144278,0.0768116078855721,38.0
83,round_of_32,,DR Congo,Ghana,0.036,,,,0.6942924451457688,0.3057075548542312,36.0
83,round_of_32,,Uzbekistan,Ghana,0.024,,,,0.750550759256203,0.249449240743797,24.0
84,round_of_32,,Spain,Algeria,0.223,,,,0.8056489071290897,0.1943510928709103,223.0
84,round_of_32,,Spain,Argentina,0.212,,,,0.5035531580645625,0.4964468419354375,212.0
84,round_of_32,,Spain,Austria,0.198,,,,0.7807367342059902,0.2192632657940098,198.0
84,round_of_32,,Uruguay,Algeria,0.053,,,,0.5008801530701448,0.4991198469298552,53.0
84,round_of_32,,Cape Verde,Austria,0.046,,,,0.1400646150910892,0.8599353849089109,46.0
84,round_of_32,,Spain,Jordan,0.044,,,,0.9295800154264982,0.0704199845735018,44.0
84,round_of_32,,Cape Verde,Argentina,0.042,,,,0.0465992374072691,0.9534007625927308,42.0
84,round_of_32,,Uruguay,Austria,0.041,,,,0.4425849560066532,0.5574150439933467,41.0
84,round_of_32,,Uruguay,Argentina,0.029,,,,0.1758872907967765,0.8241127092032234,29.0
84,round_of_32,,Saudi Arabia,Argentina,0.028,,,,0.0509987451512995,0.9490012548487003,28.0
84,round_of_32,,Cape Verde,Algeria,0.023,,,,0.1666558316399339,0.8333441683600661,23.0
84,round_of_32,,Saudi Arabia,Algeria,0.022,,,,0.1893212048285084,0.8106787951714916,22.0
84,round_of_32,,Saudi Arabia,Austria,0.021,,,,0.1573317145269667,0.8426682854730333,21.0
84,round_of_32,,Uruguay,Jordan,0.01,,,,0.7346535224159766,0.2653464775840234,10.0
84,round_of_32,,Cape Verde,Jordan,0.004,,,,0.3710709700081313,0.6289290299918686,4.0
84,round_of_32,,Saudi Arabia,Jordan,0.004,,,,0.4035781547981084,0.5964218452018916,4.0
85,round_of_32,,Switzerland,Austria,0.07,,,,0.5285640509484347,0.4714359490515653,70.0
85,round_of_32,,Canada,Egypt,0.068,,,,0.6399833521793299,0.3600166478206701,68.0
85,round_of_32,,Switzerland,Egypt,0.062,,,,0.7193694891058834,0.2806305108941166,62.0
85,round_of_32,,Canada,Iran,0.06,,,,0.5048183350717645,0.4951816649282354,60.0
85,round_of_32,,Switzerland,Iran,0.054,,,,0.5968174105793255,0.4031825894206745,54.0
85,round_of_32,,Switzerland,Algeria,0.052,,,,0.5814325582184944,0.4185674417815056,52.0
85,round_of_32,,Switzerland,Belgium,0.05,,,,0.4363829705831911,0.5636170294168089,50.0
85,round_of_32,,Switzerland,New Zealand,0.05,,,,0.8556282339985388,0.1443717660014611,50.0
85,round_of_32,,Canada,Austria,0.048,,,,0.4347079918089278,0.5652920081910722,48.0
85,round_of_32,,Canada,Algeria,0.045,,,,0.4918490026920347,0.5081509973079653,45.0
85,round_of_32,,Canada,New Zealand,0.043,,,,0.8055167556513368,0.1944832443486631,43.0
85,round_of_32,,Canada,Belgium,0.034,,,,0.3461353361876561,0.653864663812344,34.0
85,round_of_32,,Switzerland,Argentina,0.033,,,,0.2319491375114418,0.7680508624885581,33.0
85,round_of_32,,Canada,Argentina,0.025,,,,0.1721098114797416,0.8278901885202583,25.0
85,round_of_32,,Bosnia and Herzegovina,Egypt,0.024,,,,0.3034819535770449,0.6965180464229551,24.0
85,round_of_32,,Bosnia and Herzegovina,Iran,0.024,,,,0.1972352319277597,0.8027647680722403,24.0
85,round_of_32,,Switzerland,Jordan,0.021,,,,0.8027674706731751,0.1972325293268249,21.0
85,round_of_32,,Bosnia and Herzegovina,Austria,0.02,,,,0.1556653367253007,0.8443346632746993,20.0
85,round_of_32,,Bosnia and Herzegovina,Algeria,0.017,,,,0.1874213646843199,0.8125786353156801,17.0
85,round_of_32,,Canada,Jordan,0.015,,,,0.7339432042935818,0.2660567957064181,15.0
85,round_of_32,,Bosnia and Herzegovina,Belgium,0.014,,,,0.1126366677141446,0.8873633322858554,14.0
85,round_of_32,,Qatar,Algeria,0.013,,,,0.0879365780729663,0.9120634219270336,13.0
85,round_of_32,,Bosnia and Herzegovina,Argentina,0.011,,,,0.0495381425063441,0.950461857493656,11.0
85,round_of_32,,Bosnia and Herzegovina,Jordan,0.01,,,,0.4048420575106679,0.5951579424893321,10.0
85,round_of_32,,Qatar,Austria,0.009,,,,0.0731870278662679,0.926812972133732,9.0
85,round_of_32,,Qatar,Egypt,0.009,,,,0.1567164771836116,0.8432835228163884,9.0
85,round_of_32,,Qatar,Iran,0.009,,,,0.0949316071835321,0.905068392816468,9.0
85,round_of_32,,Bosnia and Herzegovina,New Zealand,0.008,,,,0.5106113618066415,0.4893886381933585,8.0
85,round_of_32,,Qatar,Argentina,0.008,,,,0.0233985208195291,0.9766014791804708,8.0
85,round_of_32,,Switzerland,Curaçao,0.007,,,,0.8872710895573296,0.1127289104426704,7.0
85,round_of_32,,Qatar,Belgium,0.006,,,,0.0520510441959164,0.9479489558040836,6.0
85,round_of_32,,Switzerland,Ecuador,0.006,,,,0.4776122461974653,0.5223877538025347,6.0
85,round_of_32,,Canada,Ecuador,0.005,,,,0.3793956031288654,0.6206043968711346,5.0
85,round_of_32,,Canada,Germany,0.005,,,,0.3218047381410323,0.6781952618589677,5.0
85,round_of_32,,Bosnia and Herzegovina,Senegal,0.004,,,,0.2039201158824123,0.7960798841175877,4.0
85,round_of_32,,Canada,Curaçao,0.004,,,,0.858242292604904,0.1417577073950959,4.0
85,round_of_32,,Qatar,Ecuador,0.004,,,,0.0730482650608413,0.9269517349391586,4.0
85,round_of_32,,Switzerland,France,0.004,,,,0.3237743450262828,0.6762256549737171,4.0
85,round_of_32,,Switzerland,Germany,0.004,,,,0.4108304576041678,0.5891695423958321,4.0
85,round_of_32,,Bosnia and Herzegovina,Ecuador,0.003,,,,0.1397853522247069,0.860214647775293,3.0
85,round_of_32,,Canada,France,0.003,,,,0.2474322943404765,0.7525677056595235,3.0
85,round_of_32,,Canada,Ivory Coast,0.003,,,,0.553065185807596,0.446934814192404,3.0
85,round_of_32,,Qatar,Jordan,0.003,,,,0.225402080045536,0.7745979199544639,3.0
85,round_of_32,,Qatar,New Zealand,0.003,,,,0.3050466936788178,0.6949533063211821,3.0
85,round_of_32,,Switzerland,Iraq,0.003,,,,0.8292986846159468,0.1707013153840532,3.0
85,round_of_32,,Switzerland,Senegal,0.003,,,,0.6061276699381871,0.3938723300618129,3.0
85,round_of_32,,Switzerland,Tunisia,0.003,,,,0.7989955173841072,0.2010044826158927,3.0
85,round_of_32,,Bosnia and Herzegovina,Iraq,0.002,,,,0.4595995846709797,0.5404004153290203,2.0
85,round_of_32,,Bosnia and Herzegovina,Ivory Coast,0.002,,,,0.2298519582999668,0.7701480417000331,2.0
85,round_of_32,,Bosnia and Herzegovina,Netherlands,0.002,,,,0.1168917678398158,0.8831082321601842,2.0
85,round_of_32,,Canada,Iraq,0.002,,,,0.7725784110648802,0.2274215889351197,2.0
85,round_of_32,,Canada,Norway,0.002,,,,0.3566366966904328,0.6433633033095671,2.0
85,round_of_32,,Switzerland,Ivory Coast,0.002,,,,0.6395505276314178,0.3604494723685821,2.0
85,round_of_32,,Bosnia and Herzegovina,France,0.001,,,,0.0830694035127487,0.9169305964872512,1.0
85,round_of_32,,Canada,Senegal,0.001,,,,0.5159130699194059,0.4840869300805941,1.0
85,round_of_32,,Canada,Tunisia,0.001,,,,0.7350356886586796,0.2649643113413203,1.0
85,round_of_32,,Qatar,Curaçao,0.001,,,,0.4201427699861833,0.5798572300138167,1.0
85,round_of_32,,Qatar,Germany,0.001,,,,0.0522535632209644,0.9477464367790356,1.0
85,round_of_32,,Qatar,Iraq,0.001,,,,0.2646456572359759,0.7353543427640241,1.0
85,round_of_32,,Switzerland,Netherlands,0.001,,,,0.4379554793516955,0.5620445206483045,1.0
85,round_of_32,,Switzerland,Norway,0.001,,,,0.4480326797564617,0.5519673202435382,1.0
85,round_of_32,,Switzerland,Sweden,0.001,,,,0.7495472439325397,0.2504527560674603,1.0
86,round_of_32,,Argentina,Cape Verde,0.151,,,,0.953400762592731,0.046599237407269,151.0
86,round_of_32,,Argentina,Uruguay,0.118,,,,0.8241127092032234,0.1758872907967765,118.0
86,round_of_32,,Argentina,Saudi Arabia,0.103,,,,0.9490012548487003,0.0509987451512995,103.0
86,round_of_32,,Argentina,Spain,0.096,,,,0.4964468419354376,0.5035531580645624,96.0
86,round_of_32,,Algeria,Cape Verde,0.089,,,,0.833344168360066,0.166655831639934,89.0
86,round_of_32,,Algeria,Uruguay,0.083,,,,0.499119846929855,0.500880153070145,83.0
86,round_of_32,,Austria,Uruguay,0.064,,,,0.557415043993347,0.442584956006653,64.0
86,round_of_32,,Algeria,Saudi Arabia,0.063,,,,0.8106787951714916,0.1893212048285084,63.0
86,round_of_32,,Algeria,Spain,0.057,,,,0.1943510928709103,0.8056489071290898,57.0
86,round_of_32,,Austria,Saudi Arabia,0.057,,,,0.8426682854730332,0.1573317145269668,57.0
86,round_of_32,,Austria,Cape Verde,0.053,,,,0.8599353849089107,0.1400646150910892,53.0
86,round_of_32,,Austria,Spain,0.051,,,,0.2192632657940098,0.7807367342059902,51.0
86,round_of_32,,Jordan,Cape Verde,0.006,,,,0.6289290299918687,0.3710709700081313,6.0
86,round_of_32,,Jordan,Uruguay,0.006,,,,0.2653464775840234,0.7346535224159766,6.0
86,round_of_32,,Jordan,Spain,0.003,,,,0.0704199845735018,0.9295800154264982,3.0
87,round_of_32,,Portugal,Panama,0.085,,,,0.8367293175850747,0.1632706824149252,85.0
87,round_of_32,,Portugal,Croatia,0.068,,,,0.6368550346160486,0.3631449653839513,68.0
87,round_of_32,,Portugal,Ghana,0.066,,,,0.9231883921144278,0.0768116078855721,66.0
87,round_of_32,,Colombia,Panama,0.059,,,,0.8290362496531458,0.1709637503468541,59.0
87,round_of_32,,Colombia,Ghana,0.058,,,,0.915567990391407,0.0844320096085929,58.0
87,round_of_32,,Colombia,Croatia,0.049,,,,0.6311452923322636,0.3688547076677364,49.0
87,round_of_32,,DR Congo,Panama,0.048,,,,0.4763634838844305,0.5236365161155695,48.0
87,round_of_32,,Portugal,England,0.029,,,,0.4719927961498409,0.5280072038501591,29.0
87,round_of_32,,DR Congo,Croatia,0.027,,,,0.2472953021578933,0.7527046978421067,27.0
87,round_of_32,,DR Congo,Ghana,0.027,,,,0.6942924451457688,0.3057075548542312,27.0
87,round_of_32,,Portugal,France,0.026,,,,0.4205798374294718,0.5794201625705282,26.0
87,round_of_32,,Uzbekistan,Croatia,0.026,,,,0.2964366184866989,0.7035633815133011,26.0
87,round_of_32,,Uzbekistan,Panama,0.025,,,,0.5473572350949002,0.4526427649050998,25.0
87,round_of_32,,Colombia,France,0.022,,,,0.4143519069772649,0.585648093022735,22.0
87,round_of_32,,DR Congo,England,0.021,,,,0.147441305633283,0.8525586943667169,21.0
87,round_of_32,,Portugal,Senegal,0.021,,,,0.6960177781912634,0.3039822218087366,21.0
87,round_of_32,,Portugal,Iraq,0.02,,,,0.8794976410906428,0.1205023589093572,20.0
87,round_of_32,,Portugal,Norway,0.02,,,,0.5516851360248419,0.4483148639751581,20.0
87,round_of_32,,Colombia,Senegal,0.019,,,,0.6905367843604888,0.3094632156395112,19.0
87,round_of_32,,Uzbekistan,Ghana,0.018,,,,0.750550759256203,0.249449240743797,18.0
87,round_of_32,,Colombia,England,0.017,,,,0.4697739910956438,0.5302260089043562,17.0
87,round_of_32,,Uzbekistan,England,0.016,,,,0.1793639453900695,0.8206360546099305,16.0
87,round_of_32,,Colombia,Norway,0.015,,,,0.5461222596087114,0.4538777403912886,15.0
87,round_of_32,,Uzbekistan,Iraq,0.014,,,,0.6485947967634571,0.3514052032365429,14.0
87,round_of_32,,DR Congo,Senegal,0.013,,,,0.3011206342752833,0.6988793657247167,13.0
87,round_of_32,,Portugal,Ivory Coast,0.013,,,,0.7243203049550259,0.2756796950449741,13.0
87,round_of_32,,Portugal,Ecuador,0.011,,,,0.5771615299870513,0.4228384700129487,11.0
87,round_of_32,,DR Congo,France,0.009,,,,0.1359133895305718,0.8640866104694283,9.0
87,round_of_32,,Colombia,Iraq,0.008,,,,0.8725036239763878,0.1274963760236122,8.0
87,round_of_32,,Uzbekistan,Norway,0.008,,,,0.2288601603888101,0.7711398396111899,8.0
87,round_of_32,,Colombia,Curaçao,0.007,,,,0.9117406539642272,0.0882593460357727,7.0
87,round_of_32,,Colombia,Ecuador,0.007,,,,0.575413482937729,0.424586517062271,7.0
87,round_of_32,,Colombia,Germany,0.007,,,,0.5087978842668568,0.4912021157331432,7.0
87,round_of_32,,DR Congo,Norway,0.007,,,,0.1901200609170506,0.8098799390829494,7.0
87,round_of_32,,Portugal,Curaçao,0.007,,,,0.9235031081615434,0.0764968918384566,7.0
87,round_of_32,,Portugal,Australia,0.006,,,,0.7301180802336537,0.2698819197663463,6.0
87,round_of_32,,Portugal,Germany,0.006,,,,0.514989898547826,0.485010101452174,6.0
87,round_of_32,,Uzbekistan,France,0.006,,,,0.1575781325392475,0.8424218674607524,6.0
87,round_of_32,,Uzbekistan,Senegal,0.006,,,,0.3618100316905909,0.6381899683094091,6.0
87,round_of_32,,DR Congo,Ecuador,0.005,,,,0.2042052230744628,0.7957947769255371,5.0
87,round_of_32,,DR Congo,Iraq,0.005,,,,0.5801614847115346,0.4198385152884654,5.0
87,round_of_32,,Uzbekistan,Ecuador,0.005,,,,0.2498928857038892,0.7501071142961108,5.0
87,round_of_32,,Uzbekistan,Germany,0.005,,,,0.2060833684928959,0.793916631507104,5.0
87,round_of_32,,Uzbekistan,Ivory Coast,0.005,,,,0.3974875962942853,0.6025124037057147,5.0
87,round_of_32,,Colombia,Argentina,0.004,,,,0.3110715919399893,0.6889284080600107,4.0
87,round_of_32,,DR Congo,Austria,0.004,,,,0.239449798519907,0.7605502014800929,4.0
87,round_of_32,,DR Congo,Paraguay,0.004,,,,0.3393338681309993,0.6606661318690007,4.0
87,round_of_32,,Colombia,Ivory Coast,0.003,,,,0.7186228689478478,0.2813771310521522,3.0
87,round_of_32,,Colombia,Paraguay,0.003,,,,0.7384398028517586,0.2615601971482414,3.0
87,round_of_32,,DR Congo,Curaçao,0.003,,,,0.740450645957015,0.2595493540429849,3.0
87,round_of_32,,DR Congo,Germany,0.003,,,,0.1735709772764721,0.8264290227235278,3.0
87,round_of_32,,Colombia,Turkey,0.002,,,,0.6117399641781387,0.3882600358218613,2.0
87,round_of_32,,Colombia,United States,0.002,,,,0.7557638562360998,0.2442361437639002,2.0
87,round_of_32,,DR Congo,Ivory Coast,0.002,,,,0.3330323405105153,0.6669676594894847,2.0
87,round_of_32,,DR Congo,Turkey,0.002,,,,0.2353328724427911,0.7646671275572088,2.0
87,round_of_32,,DR Congo,United States,0.002,,,,0.3638900393720349,0.6361099606279651,2.0
87,round_of_32,,Portugal,Algeria,0.002,,,,0.6723404820761971,0.3276595179238029,2.0
87,round_of_32,,Portugal,Jordan,0.002,,,,0.8621703614113095,0.1378296385886904,2.0
87,round_of_32,,Portugal,Paraguay,0.002,,,,0.7422544023185602,0.2577455976814398,2.0
87,round_of_32,,Portugal,Turkey,0.002,,,,0.6180711085183225,0.3819288914816775,2.0
87,round_of_32,,Portugal,United States,0.002,,,,0.7623577003004743,0.2376422996995256,2.0
87,round_of_32,,Uzbekistan,Australia,0.002,,,,0.3951842026030812,0.6048157973969188,2.0
87,round_of_32,,Uzbekistan,Curaçao,0.002,,,,0.7816230532599203,0.2183769467400796,2.0
87,round_of_32,,Colombia,Algeria,0.001,,,,0.6676914083478788,0.3323085916521212,1.0
87,round_of_32,,Colombia,Australia,0.001,,,,0.7244620689394538,0.2755379310605462,1.0
87,round_of_32,,Colombia,Jordan,0.001,,,,0.8544536820118299,0.14554631798817,1.0
87,round_of_32,,DR Congo,Algeria,0.001,,,,0.2807890186013724,0.7192109813986276,1.0
87,round_of_32,,DR Congo,Argentina,0.001,,,,0.0857497204878419,0.914250279512158,1.0
87,round_of_32,,DR Congo,Australia,0.001,,,,0.3310218561337722,0.6689781438662278,1.0
87,round_of_32,,Portugal,Austria,0.001,,,,0.6270449986351238,0.3729550013648762,1.0
87,round_of_32,,Uzbekistan,Argentina,0.001,,,,0.1020792078266102,0.8979207921733898,1.0
87,round_of_32,,Uzbekistan,Turkey,0.001,,,,0.2805939251491117,0.7194060748508884,1.0
87,round_of_32,,Uzbekistan,United States,0.001,,,,0.4289108653363923,0.5710891346636077,1.0
88,round_of_32,,Australia,Iran,0.1,,,,0.4536549805992533,0.5463450194007466,100.0
88,round_of_32,,Turkey,Iran,0.1,,,,0.5816965765012061,0.4183034234987939,100.0
88,round_of_32,,Australia,Egypt,0.091,,,,0.5923681403119087,0.4076318596880913,91.0
88,round_of_32,,United States,Iran,0.088,,,,0.4174699694742156,0.5825300305257843,88.0
88,round_of_32,,Australia,Belgium,0.082,,,,0.3016140990075643,0.6983859009924356,82.0
88,round_of_32,,Paraguay,Iran,0.076,,,,0.445384741357443,0.554615258642557,76.0
88,round_of_32,,United States,Belgium,0.067,,,,0.268258602462383,0.731741397537617,67.0
88,round_of_32,,Turkey,Belgium,0.065,,,,0.4206443874332928,0.5793556125667072,65.0
88,round_of_32,,Paraguay,Egypt,0.064,,,,0.5840483406506939,0.4159516593493061,64.0
88,round_of_32,,Turkey,Egypt,0.063,,,,0.7068281740160433,0.2931718259839567,63.0
88,round_of_32,,Paraguay,Belgium,0.053,,,,0.2919779583865718,0.7080220416134282,53.0
88,round_of_32,,United States,Egypt,0.053,,,,0.558144634189994,0.4418553658100059,53.0
88,round_of_32,,Australia,New Zealand,0.03,,,,0.7758432496379168,0.2241567503620831,30.0
88,round_of_32,,Paraguay,New Zealand,0.025,,,,0.7596952082903251,0.2403047917096749,25.0
88,round_of_32,,United States,New Zealand,0.024,,,,0.7463763666434542,0.2536236333565458,24.0
88,round_of_32,,Turkey,New Zealand,0.019,,,,0.8474975069630702,0.1525024930369297,19.0
89,round_of_16,,Mexico,Japan,0.073,,,,0.4128499817424492,0.5871500182575509,73.0
89,round_of_16,,Canada,Japan,0.07,,,,0.3381469304123133,0.6618530695876867,70.0
89,round_of_16,,Switzerland,Japan,0.068,,,,0.4279781572864385,0.5720218427135615,68.0
89,round_of_16,,Czech Republic,Japan,0.055,,,,0.2587672250379477,0.7412327749620523,55.0
89,round_of_16,,Switzerland,Netherlands,0.046,,,,0.4379554793516955,0.5620445206483045,46.0
89,round_of_16,,South Korea,Japan,0.042,,,,0.2686408309660658,0.7313591690339342,42.0
89,round_of_16,,Switzerland,Brazil,0.038,,,,0.3774125268465481,0.6225874731534519,38.0
89,round_of_16,,Canada,Brazil,0.037,,,,0.2920277925586959,0.7079722074413042,37.0
89,round_of_16,,Mexico,Brazil,0.033,,,,0.3597791100828884,0.6402208899171116,33.0
89,round_of_16,,Canada,Netherlands,0.032,,,,0.346201668773972,0.6537983312260279,32.0
89,round_of_16,,Czech Republic,Netherlands,0.029,,,,0.2709348998812847,0.7290651001187153,29.0
89,round_of_16,,Mexico,Netherlands,0.028,,,,0.4210844149021625,0.5789155850978376,28.0
89,round_of_16,,Canada,Morocco,0.026,,,,0.3410995195475897,0.6589004804524102,26.0
89,round_of_16,,Bosnia and Herzegovina,Japan,0.024,,,,0.1095530324924899,0.8904469675075101,24.0
89,round_of_16,,South Korea,Brazil,0.024,,,,0.2374296309367304,0.7625703690632696,24.0
89,round_of_16,,South Korea,Netherlands,0.024,,,,0.2795309609772625,0.7204690390227375,24.0
89,round_of_16,,Mexico,Morocco,0.023,,,,0.4161589864298191,0.5838410135701808,23.0
89,round_of_16,,Switzerland,Morocco,0.021,,,,0.4300237140296464,0.5699762859703537,21.0
89,round_of_16,,South Africa,Japan,0.02,,,,0.1178303840926656,0.8821696159073343,20.0
89,round_of_16,,South Korea,Morocco,0.018,,,,0.2681362775490328,0.7318637224509672,18.0
89,round_of_16,,Czech Republic,Morocco,0.017,,,,0.2571111124793669,0.742888887520633,17.0
89,round_of_16,,South Korea,Scotland,0.016,,,,0.5134460056798483,0.4865539943201517,16.0
89,round_of_16,,Bosnia and Herzegovina,Netherlands,0.015,,,,0.1168917678398158,0.8831082321601842,15.0
89,round_of_16,,Czech Republic,Brazil,0.015,,,,0.231502885659912,0.7684971143400879,15.0
89,round_of_16,,South Africa,Brazil,0.014,,,,0.1180422885281699,0.88195771147183,14.0
89,round_of_16,,Switzerland,Haiti,0.014,,,,0.8244310370279576,0.1755689629720423,14.0
89,round_of_16,,Mexico,Scotland,0.012,,,,0.6642059010455593,0.3357940989544407,12.0
89,round_of_16,,Mexico,Haiti,0.011,,,,0.8193634422441213,0.1806365577558787,11.0
89,round_of_16,,South Africa,Netherlands,0.011,,,,0.13015691041356,0.86984308958644,11.0
89,round_of_16,,Canada,Haiti,0.01,,,,0.776144482342257,0.223855517657743,10.0
89,round_of_16,,Canada,Scotland,0.01,,,,0.5899113807426303,0.4100886192573697,10.0
89,round_of_16,,Czech Republic,Tunisia,0.01,,,,0.6621563659165008,0.3378436340834991,10.0
89,round_of_16,,Bosnia and Herzegovina,Brazil,0.009,,,,0.1015671088404011,0.8984328911595988,9.0
89,round_of_16,,South Korea,Haiti,0.008,,,,0.7225667205034739,0.2774332794965261,8.0
89,round_of_16,,Switzerland,Scotland,0.008,,,,0.6813890864156779,0.3186109135843221,8.0
89,round_of_16,,Canada,Tunisia,0.007,,,,0.7350356886586796,0.2649643113413203,7.0
89,round_of_16,,Czech Republic,Haiti,0.007,,,,0.7141093328244346,0.2858906671755654,7.0
89,round_of_16,,Qatar,Brazil,0.007,,,,0.0528537435241223,0.9471462564758776,7.0
89,round_of_16,,Bosnia and Herzegovina,Morocco,0.005,,,,0.1082178093966321,0.8917821906033678,5.0
89,round_of_16,,Czech Republic,Scotland,0.005,,,,0.5035616567618773,0.4964383432381227,5.0
89,round_of_16,,Qatar,Japan,0.005,,,,0.050821805319488,0.949178194680512,5.0
89,round_of_16,,Qatar,Morocco,0.005,,,,0.048400499223809,0.951599500776191,5.0
89,round_of_16,,Qatar,Netherlands,0.005,,,,0.0565583285655862,0.9434416714344138,5.0
89,round_of_16,,South Africa,Morocco,0.005,,,,0.1113838209028637,0.8886161790971362,5.0
89,round_of_16,,Mexico,Tunisia,0.004,,,,0.7890449599582043,0.2109550400417956,4.0
89,round_of_16,,Qatar,Sweden,0.004,,,,0.1789122569484884,0.8210877430515116,4.0
89,round_of_16,,South Africa,Sweden,0.004,,,,0.3359805480631609,0.664019451936839,4.0
89,round_of_16,,Switzerland,Tunisia,0.004,,,,0.7989955173841072,0.2010044826158927,4.0
89,round_of_16,,Bosnia and Herzegovina,Scotland,0.003,,,,0.2625719325401596,0.7374280674598404,3.0
89,round_of_16,,South Africa,Haiti,0.003,,,,0.4751507948639286,0.5248492051360714,3.0
89,round_of_16,,Bosnia and Herzegovina,Sweden,0.002,,,,0.3301134814388931,0.6698865185611069,2.0
89,round_of_16,,Bosnia and Herzegovina,Tunisia,0.002,,,,0.4079534473010258,0.5920465526989742,2.0
89,round_of_16,,Czech Republic,Sweden,0.002,,,,0.5855527548092794,0.4144472451907206,2.0
89,round_of_16,,Qatar,Scotland,0.002,,,,0.1358065518177073,0.8641934481822926,2.0
89,round_of_16,,South Africa,Scotland,0.002,,,,0.2699783397298039,0.7300216602701961,2.0
89,round_of_16,,Switzerland,Sweden,0.002,,,,0.7495472439325397,0.2504527560674603,2.0
89,round_of_16,,Bosnia and Herzegovina,Haiti,0.001,,,,0.4722191088521612,0.5277808911478388,1.0
89,round_of_16,,Mexico,Sweden,0.001,,,,0.7324190213579655,0.2675809786420344,1.0
89,round_of_16,,South Africa,Tunisia,0.001,,,,0.4071710202239014,0.5928289797760986,1.0
89,round_of_16,,South Korea,Tunisia,0.001,,,,0.6714313420857986,0.3285686579142014,1.0
90,round_of_16,,Germany,Senegal,0.049,,,,0.6827955437478943,0.3172044562521057,49.0
90,round_of_16,,Germany,France,0.048,,,,0.4064693042060614,0.5935306957939386,48.0
90,round_of_16,,Ivory Coast,Norway,0.044,,,,0.316067885424248,0.683932114575752,44.0
90,round_of_16,,Germany,Norway,0.04,,,,0.5363562472918983,0.4636437527081016,40.0
90,round_of_16,,Ivory Coast,Senegal,0.033,,,,0.4630495380479367,0.5369504619520633,33.0
90,round_of_16,,Ivory Coast,France,0.031,,,,0.225788860475335,0.774211139524665,31.0
90,round_of_16,,Ecuador,Senegal,0.027,,,,0.6345626758028798,0.3654373241971201,27.0
90,round_of_16,,Ecuador,Norway,0.024,,,,0.4764636975184217,0.5235363024815782,24.0
90,round_of_16,,Ecuador,France,0.023,,,,0.3435941879555346,0.6564058120444654,23.0
90,round_of_16,,Paraguay,Norway,0.023,,,,0.3010710302366819,0.6989289697633181,23.0
90,round_of_16,,Brazil,Norway,0.022,,,,0.5714297284760221,0.4285702715239778,22.0
90,round_of_16,,Brazil,Senegal,0.021,,,,0.7095766436745493,0.2904233563254507,21.0
90,round_of_16,,Ivory Coast,Netherlands,0.018,,,,0.3080127383500088,0.6919872616499911,18.0
90,round_of_16,,Germany,Netherlands,0.015,,,,0.5269725071885437,0.4730274928114563,15.0
90,round_of_16,,Scotland,Norway,0.015,,,,0.2733325932484604,0.7266674067515395,15.0
90,round_of_16,,Turkey,Senegal,0.015,,,,0.5911199566578959,0.4088800433421041,15.0
90,round_of_16,,Brazil,France,0.014,,,,0.4407877680526487,0.5592122319473514,14.0
90,round_of_16,,Germany,Japan,0.014,,,,0.5138288427839043,0.4861711572160957,14.0
90,round_of_16,,Turkey,Norway,0.014,,,,0.4321532609827725,0.5678467390172275,14.0
90,round_of_16,,Scotland,France,0.013,,,,0.1862346855025403,0.8137653144974596,13.0
90,round_of_16,,Australia,France,0.012,,,,0.2163885851033699,0.78361141489663,12.0
90,round_of_16,,Paraguay,France,0.012,,,,0.2007695799405245,0.7992304200594755,12.0
90,round_of_16,,United States,Norway,0.012,,,,0.2774652854110456,0.7225347145889545,12.0
90,round_of_16,,Ivory Coast,Japan,0.011,,,,0.29449891615927,0.7055010838407301,11.0
90,round_of_16,,Paraguay,Senegal,0.011,,,,0.4569435614561634,0.5430564385438366,11.0
90,round_of_16,,Australia,Norway,0.01,,,,0.3118034971212338,0.6881965028787662,10.0
90,round_of_16,,Germany,Tunisia,0.01,,,,0.8487387745923405,0.1512612254076595,10.0
90,round_of_16,,Morocco,Senegal,0.01,,,,0.6779208481415323,0.3220791518584677,10.0
90,round_of_16,,Australia,Netherlands,0.009,,,,0.3033089203213833,0.6966910796786168,9.0
90,round_of_16,,Morocco,Norway,0.009,,,,0.528006506318092,0.471993493681908,9.0
90,round_of_16,,United States,France,0.009,,,,0.18672778949761,0.81327221050239,9.0
90,round_of_16,,Germany,Sweden,0.008,,,,0.813169083230879,0.186830916769121,8.0
90,round_of_16,,Paraguay,Netherlands,0.008,,,,0.2911196829584242,0.7088803170415758,8.0
90,round_of_16,,United States,Senegal,0.008,,,,0.4282882954382062,0.5717117045617938,8.0
90,round_of_16,,Australia,Senegal,0.007,,,,0.4644748999944623,0.5355251000055377,7.0
90,round_of_16,,Germany,United States,0.007,,,,0.7520225050289921,0.2479774949710078,7.0
90,round_of_16,,Haiti,France,0.007,,,,0.1086446968417221,0.8913553031582778,7.0
90,round_of_16,,Ivory Coast,Tunisia,0.007,,,,0.6959080491481173,0.3040919508518827,7.0
90,round_of_16,,Brazil,Paraguay,0.006,,,,0.7591022593931958,0.2408977406068042,6.0
90,round_of_16,,Curaçao,Norway,0.006,,,,0.0831053233246869,0.916894676675313,6.0
90,round_of_16,,Ecuador,Japan,0.006,,,,0.4579495526435791,0.5420504473564208,6.0
90,round_of_16,,Ecuador,Netherlands,0.006,,,,0.4636762886679576,0.5363237113320424,6.0
90,round_of_16,,Germany,Egypt,0.006,,,,0.7819363419077903,0.2180636580922097,6.0
90,round_of_16,,Ivory Coast,Paraguay,0.006,,,,0.5053784730105885,0.4946215269894115,6.0
90,round_of_16,,Ivory Coast,Turkey,0.006,,,,0.3749528704226774,0.6250471295773226,6.0
90,round_of_16,,Paraguay,Japan,0.006,,,,0.2867049993862649,0.7132950006137351,6.0
90,round_of_16,,Turkey,France,0.006,,,,0.3100416078265735,0.6899583921734265,6.0
90,round_of_16,,Turkey,Japan,0.006,,,,0.4127284099762744,0.5872715900237255,6.0
90,round_of_16,,Australia,Japan,0.005,,,,0.2934522398379395,0.7065477601620604,5.0
90,round_of_16,,Brazil,United States,0.005,,,,0.7745677718488843,0.2254322281511157,5.0
90,round_of_16,,Curaçao,France,0.005,,,,0.0716098951977269,0.928390104802273,5.0
90,round_of_16,,Germany,Paraguay,0.005,,,,0.7323530707578892,0.2676469292421107,5.0
90,round_of_16,,Germany,Spain,0.005,,,,0.2976719484521957,0.7023280515478043,5.0
90,round_of_16,,Haiti,Norway,0.005,,,,0.1395412944890827,0.8604587055109173,5.0
90,round_of_16,,Haiti,Senegal,0.005,,,,0.2238238008583199,0.7761761991416801,5.0
90,round_of_16,,Ivory Coast,Egypt,0.005,,,,0.589583630397751,0.410416369602249,5.0
90,round_of_16,,Ivory Coast,Uruguay,0.005,,,,0.4390793049814651,0.5609206950185348,5.0
90,round_of_16,,Morocco,France,0.005,,,,0.3954679199482592,0.6045320800517408,5.0
90,round_of_16,,Paraguay,Tunisia,0.005,,,,0.6838067867406971,0.3161932132593029,5.0
90,round_of_16,,Scotland,Senegal,0.005,,,,0.4217031577395871,0.5782968422604129,5.0
90,round_of_16,,Turkey,Netherlands,0.005,,,,0.4224143209524119,0.5775856790475882,5.0
90,round_of_16,,Curaçao,Senegal,0.004,,,,0.133908683284535,0.8660913167154649,4.0
90,round_of_16,,Ecuador,Paraguay,0.004,,,,0.6730119815718159,0.3269880184281841,4.0
90,round_of_16,,Ecuador,Tunisia,0.004,,,,0.8133208465757947,0.1866791534242052,4.0
90,round_of_16,,Germany,Australia,0.004,,,,0.7184050389966907,0.2815949610033093,4.0
90,round_of_16,,Germany,Iran,0.004,,,,0.6754309033023883,0.3245690966976117,4.0
90,round_of_16,,Ivory Coast,Sweden,0.004,,,,0.6190215842467838,0.3809784157532162,4.0
90,round_of_16,,Morocco,Netherlands,0.004,,,,0.513760308843874,0.486239691156126,4.0
90,round_of_16,,Australia,Sweden,0.003,,,,0.6203912059310781,0.3796087940689219,3.0
90,round_of_16,,Brazil,Iraq,0.003,,,,0.8808740223310512,0.1191259776689488,3.0
90,round_of_16,,Brazil,Netherlands,0.003,,,,0.5624606597749459,0.4375393402250541,3.0
90,round_of_16,,Brazil,Tunisia,0.003,,,,0.8590019239029602,0.1409980760970398,3.0
90,round_of_16,,Czech Republic,Belgium,0.003,,,,0.2667969464285247,0.7332030535714753,3.0
90,round_of_16,,Ecuador,Turkey,0.003,,,,0.5365055903756231,0.4634944096243769,3.0
90,round_of_16,,Ecuador,United States,0.003,,,,0.6930426746705335,0.3069573253294665,3.0
90,round_of_16,,Germany,Belgium,0.003,,,,0.5239991432482366,0.4760008567517634,3.0
90,round_of_16,,Germany,Iraq,0.003,,,,0.8725757037348653,0.1274242962651347,3.0
90,round_of_16,,Germany,Uruguay,0.003,,,,0.6749120930638229,0.325087906936177,3.0
90,round_of_16,,Haiti,Paraguay,0.003,,,,0.2733185448096131,0.7266814551903868,3.0
90,round_of_16,,Haiti,Turkey,0.003,,,,0.1856950043167061,0.8143049956832938,3.0
90,round_of_16,,Ivory Coast,Iraq,0.003,,,,0.7370099970867002,0.2629900029132997,3.0
90,round_of_16,,Morocco,United States,0.003,,,,0.7336030869978402,0.2663969130021598,3.0
90,round_of_16,,Netherlands,Senegal,0.003,,,,0.6613275687533046,0.3386724312466954,3.0
90,round_of_16,,Scotland,United States,0.003,,,,0.494130516396766,0.505869483603234,3.0
90,round_of_16,,Tunisia,Norway,0.003,,,,0.1662371475606789,0.8337628524393211,3.0
90,round_of_16,,United States,Iraq,0.003,,,,0.7082911467556431,0.2917088532443569,3.0
90,round_of_16,,United States,Japan,0.003,,,,0.2627304848185228,0.7372695151814772,3.0
90,round_of_16,,United States,Netherlands,0.003,,,,0.269717619541356,0.730282380458644,3.0
90,round_of_16,,Australia,Tunisia,0.002,,,,0.6960147005085812,0.3039852994914188,2.0
90,round_of_16,,Brazil,Australia,0.002,,,,0.7434499165397411,0.2565500834602588,2.0
90,round_of_16,,Brazil,Turkey,0.002,,,,0.6369768505036153,0.3630231494963847,2.0
90,round_of_16,,Ecuador,Australia,0.002,,,,0.6655979469725826,0.3344020530274174,2.0
90,round_of_16,,Ecuador,Belgium,0.002,,,,0.4655775183670963,0.5344224816329037,2.0
90,round_of_16,,Ecuador,Egypt,0.002,,,,0.7409473254756221,0.2590526745243778,2.0
90,round_of_16,,Germany,Turkey,0.002,,,,0.6045951643182648,0.3954048356817352,2.0
90,round_of_16,,Haiti,Netherlands,0.002,,,,0.1409113007601296,0.8590886992398703,2.0
90,round_of_16,,Haiti,Tunisia,0.002,,,,0.4335674244132395,0.5664325755867605,2.0
90,round_of_16,,Ivory Coast,Australia,0.002,,,,0.4980625666951007,0.5019374333048993,2.0
90,round_of_16,,Ivory Coast,Iran,0.002,,,,0.4526859987056377,0.5473140012943623,2.0
90,round_of_16,,Ivory Coast,Spain,0.002,,,,0.1593502868009011,0.8406497131990989,2.0
90,round_of_16,,Mexico,Norway,0.002,,,,0.4324756136515216,0.5675243863484783,2.0
90,round_of_16,,Morocco,Japan,0.002,,,,0.5021963570157761,0.4978036429842238,2.0
90,round_of_16,,Morocco,Turkey,0.002,,,,0.5847501542460797,0.4152498457539203,2.0
90,round_of_16,,Netherlands,New Zealand,0.002,,,,0.8860321071608198,0.1139678928391801,2.0
90,round_of_16,,Paraguay,Iran,0.002,,,,0.445384741357443,0.554615258642557,2.0
90,round_of_16,,Paraguay,Sweden,0.002,,,,0.6053107165205789,0.3946892834794211,2.0
90,round_of_16,,Scotland,Japan,0.002,,,,0.2576873089993632,0.7423126910006368,2.0
90,round_of_16,,Scotland,Netherlands,0.002,,,,0.2662160902791275,0.7337839097208725,2.0
90,round_of_16,,South Korea,France,0.002,,,,0.1994731323073467,0.8005268676926532,2.0
90,round_of_16,,Sweden,Norway,0.002,,,,0.2109389800114663,0.7890610199885337,2.0
90,round_of_16,,Turkey,Egypt,0.002,,,,0.7068281740160433,0.2931718259839567,2.0
90,round_of_16,,Turkey,Spain,0.002,,,,0.2171035589035916,0.7828964410964083,2.0
90,round_of_16,,Turkey,Sweden,0.002,,,,0.7381938440669837,0.2618061559330162,2.0
90,round_of_16,,United States,Sweden,0.002,,,,0.5873868235060585,0.4126131764939414,2.0
90,round_of_16,,United States,Tunisia,0.002,,,,0.6636625448688905,0.3363374551311094,2.0
90,round_of_16,,Australia,Saudi Arabia,0.001,,,,0.7684972899268713,0.2315027100731287,1.0
90,round_of_16,,Australia,Uruguay,0.001,,,,0.4426369576311201,0.5573630423688799,1.0
90,round_of_16,,Brazil,Iran,0.001,,,,0.702960115693482,0.2970398843065179,1.0
90,round_of_16,,Brazil,New Zealand,0.001,,,,0.8994560981684748,0.1005439018315251,1.0
90,round_of_16,,Brazil,Sweden,0.001,,,,0.8300276354927923,0.1699723645072076,1.0
90,round_of_16,,Curaçao,Japan,0.001,,,,0.0743611274550833,0.9256388725449166,1.0
90,round_of_16,,Curaçao,Paraguay,0.001,,,,0.1817940296312739,0.8182059703687261,1.0
90,round_of_16,,Curaçao,Turkey,0.001,,,,0.1202335396501294,0.8797664603498706,1.0
90,round_of_16,,Czech Republic,France,0.001,,,,0.1941628285628286,0.8058371714371713,1.0
90,round_of_16,,Ecuador,Iran,0.001,,,,0.6244871067215202,0.3755128932784798,1.0
90,round_of_16,,Ecuador,Iraq,0.001,,,,0.8413988380271451,0.1586011619728549,1.0
90,round_of_16,,Ecuador,Saudi Arabia,0.001,,,,0.8611281465654806,0.1388718534345193,1.0
90,round_of_16,,Ecuador,Spain,0.001,,,,0.2482397703601984,0.7517602296398016,1.0
90,round_of_16,,Ecuador,Sweden,0.001,,,,0.7608443312171008,0.2391556687828991,1.0
90,round_of_16,,Ecuador,Uruguay,0.001,,,,0.6123269966516893,0.3876730033483107,1.0
90,round_of_16,,Germany,Brazil,0.001,,,,0.4646273949509034,0.5353726050490966,1.0
90,round_of_16,,Germany,Cape Verde,0.001,,,,0.8993505797677321,0.1006494202322678,1.0
90,round_of_16,,Germany,New Zealand,0.001,,,,0.8949564048704968,0.1050435951295032,1.0
90,round_of_16,,Haiti,Iraq,0.001,,,,0.4837743388548688,0.5162256611451312,1.0
90,round_of_16,,Haiti,Japan,0.001,,,,0.1264245753941901,0.8735754246058098,1.0
90,round_of_16,,Haiti,Spain,0.001,,,,0.0720845246033015,0.9279154753966984,1.0
90,round_of_16,,Haiti,Sweden,0.001,,,,0.3630349487676315,0.6369650512323685,1.0
90,round_of_16,,Haiti,United States,0.001,,,,0.2917161302147268,0.7082838697852731,1.0
90,round_of_16,,Ivory Coast,Haiti,0.001,,,,0.7505793835774133,0.2494206164225867,1.0
90,round_of_16,,Ivory Coast,United States,0.001,,,,0.5343819908919155,0.4656180091080845,1.0
90,round_of_16,,Japan,Belgium,0.001,,,,0.5123756099891676,0.4876243900108323,1.0
90,round_of_16,,Japan,France,0.001,,,,0.3933510950895046,0.6066489049104953,1.0
90,round_of_16,,Japan,Iraq,0.001,,,,0.8701931595589858,0.1298068404410142,1.0
90,round_of_16,,Japan,New Zealand,0.001,,,,0.8943585361171277,0.1056414638828723,1.0
90,round_of_16,,Japan,Spain,0.001,,,,0.2916289970688298,0.7083710029311702,1.0
90,round_of_16,,Morocco,Belgium,0.001,,,,0.5161465786718022,0.4838534213281977,1.0
90,round_of_16,,Morocco,Cape Verde,0.001,,,,0.9045504352496476,0.0954495647503523,1.0
90,round_of_16,,Morocco,Egypt,0.001,,,,0.7770252652340729,0.2229747347659271,1.0
90,round_of_16,,Morocco,Iraq,0.001,,,,0.8720810148210042,0.1279189851789958,1.0
90,round_of_16,,Morocco,Paraguay,0.001,,,,0.7074082103927866,0.2925917896072134,1.0
90,round_of_16,,Morocco,Sweden,0.001,,,,0.7971543625719144,0.2028456374280856,1.0
90,round_of_16,,Morocco,Tunisia,0.001,,,,0.8481707408290784,0.1518292591709216,1.0
90,round_of_16,,Netherlands,Belgium,0.001,,,,0.4977712722815451,0.502228727718455,1.0
90,round_of_16,,Netherlands,France,0.001,,,,0.3809930049521787,0.6190069950478213,1.0
90,round_of_16,,Netherlands,Iran,0.001,,,,0.6531666350785292,0.3468333649214707,1.0
90,round_of_16,,Netherlands,Norway,0.001,,,,0.510095646210057,0.489904353789943,1.0
90,round_of_16,,Netherlands,Saudi Arabia,0.001,,,,0.8817300329299924,0.1182699670700075,1.0
90,round_of_16,,Paraguay,Belgium,0.001,,,,0.2919779583865718,0.7080220416134282,1.0
90,round_of_16,,Paraguay,Saudi Arabia,0.001,,,,0.7562290988652948,0.2437709011347052,1.0
90,round_of_16,,Scotland,Australia,0.001,,,,0.4584210883525852,0.5415789116474148,1.0
90,round_of_16,,Scotland,Iraq,0.001,,,,0.7041316447438399,0.29586835525616,1.0
90,round_of_16,,Scotland,Tunisia,0.001,,,,0.6592030489211425,0.3407969510788575,1.0
90,round_of_16,,Scotland,Turkey,0.001,,,,0.3319920508067208,0.6680079491932791,1.0
90,round_of_16,,Sweden,Egypt,0.001,,,,0.4723208272096812,0.5276791727903187,1.0
90,round_of_16,,Sweden,Iran,0.001,,,,0.3350018592238683,0.6649981407761316,1.0
90,round_of_16,,Sweden,Senegal,0.001,,,,0.3453250667422164,0.6546749332577836,1.0
90,round_of_16,,Tunisia,Belgium,0.001,,,,0.1593111765028861,0.8406888234971138,1.0
90,round_of_16,,Tunisia,France,0.001,,,,0.1172803258941564,0.8827196741058435,1.0
90,round_of_16,,Tunisia,Iran,0.001,,,,0.2649907886554308,0.7350092113445692,1.0
90,round_of_16,,Tunisia,Senegal,0.001,,,,0.2732024714935771,0.7267975285064229,1.0
90,round_of_16,,Tunisia,Uruguay,0.001,,,,0.2630376560190178,0.7369623439809821,1.0
90,round_of_16,,Turkey,Belgium,0.001,,,,0.4206443874332928,0.5793556125667072,1.0
90,round_of_16,,Turkey,Saudi Arabia,0.001,,,,0.8442086922858183,0.1557913077141817,1.0
90,round_of_16,,Turkey,Tunisia,0.001,,,,0.788776741049726,0.211223258950274,1.0
90,round_of_16,,Turkey,Uruguay,0.001,,,,0.5792747125970877,0.4207252874029122,1.0
90,round_of_16,,United States,Belgium,0.001,,,,0.268258602462383,0.731741397537617,1.0
90,round_of_16,,United States,Egypt,0.001,,,,0.558144634189994,0.4418553658100059,1.0
90,round_of_16,,United States,Uruguay,0.001,,,,0.4130331460508915,0.5869668539491085,1.0
91,round_of_16,,Morocco,Norway,0.087,,,,0.528006506318092,0.471993493681908,87.0
91,round_of_16,,Morocco,France,0.08,,,,0.3954679199482592,0.6045320800517408,80.0
91,round_of_16,,Morocco,Ecuador,0.064,,,,0.5363741666106292,0.4636258333893708,64.0
91,round_of_16,,Morocco,Ivory Coast,0.056,,,,0.7091765896785323,0.2908234103214677,56.0
91,round_of_16,,Morocco,Germany,0.053,,,,0.4877891201963874,0.5122108798036126,53.0
91,round_of_16,,Morocco,Senegal,0.045,,,,0.6779208481415323,0.3220791518584677,45.0
91,round_of_16,,Netherlands,Norway,0.039,,,,0.510095646210057,0.489904353789943,39.0
91,round_of_16,,Netherlands,France,0.037,,,,0.3809930049521787,0.6190069950478213,37.0
91,round_of_16,,Netherlands,Senegal,0.037,,,,0.6613275687533046,0.3386724312466954,37.0
91,round_of_16,,Netherlands,Germany,0.032,,,,0.4730274928114564,0.5269725071885436,32.0
91,round_of_16,,Netherlands,Ecuador,0.028,,,,0.5363237113320423,0.4636762886679577,28.0
91,round_of_16,,Netherlands,Ivory Coast,0.026,,,,0.6919872616499911,0.3080127383500088,26.0
91,round_of_16,,Japan,Senegal,0.023,,,,0.6747895709169123,0.3252104290830877,23.0
91,round_of_16,,Japan,Norway,0.022,,,,0.5246495687130787,0.4753504312869213,22.0
91,round_of_16,,Brazil,France,0.021,,,,0.4407877680526487,0.5592122319473514,21.0
91,round_of_16,,Brazil,Germany,0.021,,,,0.5353726050490967,0.4646273949509033,21.0
91,round_of_16,,Japan,France,0.021,,,,0.3933510950895046,0.6066489049104953,21.0
91,round_of_16,,Japan,Germany,0.019,,,,0.4861711572160956,0.5138288427839044,19.0
91,round_of_16,,Morocco,Iraq,0.019,,,,0.8720810148210042,0.1279189851789958,19.0
91,round_of_16,,Brazil,Ivory Coast,0.017,,,,0.7358065793595521,0.2641934206404479,17.0
91,round_of_16,,Brazil,Norway,0.017,,,,0.5714297284760221,0.4285702715239778,17.0
91,round_of_16,,Japan,Ivory Coast,0.016,,,,0.7055010838407301,0.2944989161592699,16.0
91,round_of_16,,Japan,Ecuador,0.014,,,,0.5420504473564209,0.457949552643579,14.0
91,round_of_16,,Brazil,Senegal,0.013,,,,0.7095766436745493,0.2904233563254507,13.0
91,round_of_16,,Tunisia,Norway,0.012,,,,0.1662371475606789,0.8337628524393211,12.0
91,round_of_16,,Brazil,Ecuador,0.01,,,,0.6024833024325894,0.3975166975674106,10.0
91,round_of_16,,Sweden,Norway,0.01,,,,0.2109389800114663,0.7890610199885337,10.0
91,round_of_16,,Tunisia,Ecuador,0.009,,,,0.1866791534242053,0.8133208465757946,9.0
91,round_of_16,,Morocco,Curaçao,0.008,,,,0.9333152927886016,0.0666847072113985,8.0
91,round_of_16,,Scotland,Germany,0.008,,,,0.2454527952957352,0.7545472047042647,8.0
91,round_of_16,,Tunisia,Senegal,0.008,,,,0.2732024714935771,0.7267975285064229,8.0
91,round_of_16,,Scotland,Senegal,0.007,,,,0.4217031577395871,0.5782968422604129,7.0
91,round_of_16,,Tunisia,France,0.007,,,,0.1172803258941564,0.8827196741058435,7.0
91,round_of_16,,Tunisia,Ivory Coast,0.007,,,,0.3040919508518825,0.6959080491481174,7.0
91,round_of_16,,Haiti,Ecuador,0.006,,,,0.1614072775582536,0.8385927224417463,6.0
91,round_of_16,,Haiti,France,0.006,,,,0.1086446968417221,0.8913553031582778,6.0
91,round_of_16,,Japan,Curaçao,0.006,,,,0.9256388725449166,0.0743611274550833,6.0
91,round_of_16,,Japan,Iraq,0.006,,,,0.8701931595589858,0.1298068404410142,6.0
91,round_of_16,,Netherlands,Iraq,0.006,,,,0.8619673658330235,0.1380326341669765,6.0
91,round_of_16,,Sweden,Ivory Coast,0.006,,,,0.3809784157532164,0.6190215842467837,6.0
91,round_of_16,,Sweden,Senegal,0.006,,,,0.3453250667422164,0.6546749332577836,6.0
91,round_of_16,,Brazil,Iraq,0.005,,,,0.8808740223310512,0.1191259776689488,5.0
91,round_of_16,,Haiti,Germany,0.005,,,,0.1327272504075624,0.8672727495924376,5.0
91,round_of_16,,Haiti,Senegal,0.005,,,,0.2238238008583199,0.7761761991416801,5.0
91,round_of_16,,Netherlands,Curaçao,0.005,,,,0.9128252844375172,0.0871747155624826,5.0
91,round_of_16,,Scotland,France,0.005,,,,0.1862346855025403,0.8137653144974596,5.0
91,round_of_16,,Sweden,France,0.005,,,,0.1387684749891786,0.8612315250108213,5.0
91,round_of_16,,Scotland,Ecuador,0.004,,,,0.3009756766906919,0.6990243233093081,4.0
91,round_of_16,,Sweden,Ecuador,0.004,,,,0.2391556687828991,0.7608443312171009,4.0
91,round_of_16,,Tunisia,Germany,0.004,,,,0.1512612254076595,0.8487387745923405,4.0
91,round_of_16,,Brazil,Curaçao,0.003,,,,0.9144578852133914,0.0855421147866085,3.0
91,round_of_16,,Haiti,Iraq,0.003,,,,0.4837743388548688,0.5162256611451312,3.0
91,round_of_16,,Haiti,Ivory Coast,0.003,,,,0.2494206164225867,0.7505793835774133,3.0
91,round_of_16,,Haiti,Norway,0.003,,,,0.1395412944890827,0.8604587055109173,3.0
91,round_of_16,,Scotland,Norway,0.003,,,,0.2733325932484604,0.7266674067515395,3.0
91,round_of_16,,Tunisia,Iraq,0.003,,,,0.5514966973028773,0.4485033026971227,3.0
91,round_of_16,,Scotland,Curaçao,0.001,,,,0.8111431176968964,0.1888568823031036,1.0
91,round_of_16,,Scotland,Iraq,0.001,,,,0.7041316447438399,0.29586835525616,1.0
91,round_of_16,,Scotland,Ivory Coast,0.001,,,,0.4589532277288759,0.5410467722711241,1.0
91,round_of_16,,Sweden,Germany,0.001,,,,0.186830916769121,0.8131690832308789,1.0
91,round_of_16,,Tunisia,Curaçao,0.001,,,,0.7110427564033898,0.2889572435966102,1.0
92,round_of_16,,Mexico,England,0.082,,,,0.3580479742919781,0.6419520257080218,82.0
92,round_of_16,,Czech Republic,England,0.056,,,,0.2189902517625031,0.7810097482374969,56.0
92,round_of_16,,South Korea,England,0.048,,,,0.2272858257734764,0.7727141742265236,48.0
92,round_of_16,,Germany,England,0.042,,,,0.4576450814743856,0.5423549185256143,42.0
92,round_of_16,,Ecuador,England,0.034,,,,0.400678677491063,0.599321322508937,34.0
92,round_of_16,,South Africa,England,0.029,,,,0.1007930936955467,0.8992069063044532,29.0
92,round_of_16,,Czech Republic,Croatia,0.025,,,,0.3551773988128082,0.6448226011871918,25.0
92,round_of_16,,Mexico,Colombia,0.02,,,,0.3849130060578664,0.6150869939421336,20.0
92,round_of_16,,Mexico,Croatia,0.02,,,,0.5168281669743817,0.4831718330256183,20.0
92,round_of_16,,Uruguay,England,0.017,,,,0.2952133089680215,0.7047866910319784,17.0
92,round_of_16,,Brazil,England,0.016,,,,0.4966597319088994,0.5033402680911006,16.0
92,round_of_16,,Ivory Coast,England,0.016,,,,0.2510815621392887,0.7489184378607112,16.0
92,round_of_16,,South Korea,Croatia,0.016,,,,0.3641046959191065,0.6358953040808935,16.0
92,round_of_16,,South Korea,Portugal,0.016,,,,0.2477794555668244,0.7522205444331755,16.0
92,round_of_16,,Spain,England,0.015,,,,0.663180363934699,0.3368196360653009,15.0
92,round_of_16,,Czech Republic,Colombia,0.013,,,,0.2480712587375602,0.7519287412624398,13.0
92,round_of_16,,Mexico,Portugal,0.013,,,,0.3811762182363093,0.6188237817636906,13.0
92,round_of_16,,Scotland,England,0.012,,,,0.2168872502473777,0.7831127497526222,12.0
92,round_of_16,,South Africa,Croatia,0.012,,,,0.177375151650611,0.822624848349389,12.0
92,round_of_16,,South Korea,Colombia,0.011,,,,0.2548214518680239,0.7451785481319761,11.0
92,round_of_16,,Czech Republic,Norway,0.01,,,,0.2768549490442956,0.7231450509557044,10.0
92,round_of_16,,Czech Republic,Portugal,0.01,,,,0.2397626516923447,0.7602373483076552,10.0
92,round_of_16,,Germany,Portugal,0.01,,,,0.485010101452174,0.5149898985478261,10.0
92,round_of_16,,Cape Verde,England,0.009,,,,0.0839974757939864,0.9160025242060136,9.0
92,round_of_16,,Czech Republic,Uzbekistan,0.009,,,,0.5662433380722348,0.4337566619277652,9.0
92,round_of_16,,Ecuador,Croatia,0.009,,,,0.5582287322779795,0.4417712677220204,9.0
92,round_of_16,,Germany,Croatia,0.009,,,,0.6236810539888517,0.3763189460111483,9.0
92,round_of_16,,Mexico,DR Congo,0.009,,,,0.7675028975397602,0.2324971024602398,9.0
92,round_of_16,,Morocco,England,0.009,,,,0.443249212169303,0.556750787830697,9.0
92,round_of_16,,Saudi Arabia,England,0.009,,,,0.0928472152748965,0.9071527847251034,9.0
92,round_of_16,,Ecuador,Portugal,0.008,,,,0.4228384700129488,0.5771615299870512,8.0
92,round_of_16,,Ivory Coast,Portugal,0.008,,,,0.2756796950449742,0.7243203049550258,8.0
92,round_of_16,,Mexico,France,0.008,,,,0.3084464873219043,0.6915535126780957,8.0
92,round_of_16,,Brazil,Colombia,0.007,,,,0.5272632839895478,0.4727367160104522,7.0
92,round_of_16,,Mexico,Uzbekistan,0.007,,,,0.7181674644538046,0.2818325355461953,7.0
92,round_of_16,,Ecuador,Colombia,0.006,,,,0.4245865170622711,0.5754134829377289,6.0
92,round_of_16,,Germany,Uzbekistan,0.006,,,,0.7939166315071041,0.2060833684928958,6.0
92,round_of_16,,Haiti,England,0.006,,,,0.1084996039982939,0.891500396001706,6.0
92,round_of_16,,South Africa,Portugal,0.006,,,,0.114853118960656,0.8851468810393439,6.0
92,round_of_16,,South Africa,Uzbekistan,0.006,,,,0.3158821459845295,0.6841178540154704,6.0
92,round_of_16,,Uruguay,Croatia,0.006,,,,0.442625129717391,0.557374870282609,6.0
92,round_of_16,,Czech Republic,France,0.005,,,,0.1941628285628286,0.8058371714371713,5.0
92,round_of_16,,Ecuador,France,0.005,,,,0.3435941879555346,0.6564058120444654,5.0
92,round_of_16,,Ecuador,Panama,0.005,,,,0.7820866597445825,0.2179133402554175,5.0
92,round_of_16,,Germany,Colombia,0.005,,,,0.4912021157331433,0.5087978842668567,5.0
92,round_of_16,,Mexico,Panama,0.005,,,,0.7553795152757359,0.2446204847242641,5.0
92,round_of_16,,Mexico,Senegal,0.005,,,,0.5926312427591951,0.4073687572408049,5.0
92,round_of_16,,South Africa,Colombia,0.005,,,,0.1238259790116525,0.8761740209883474,5.0
92,round_of_16,,Brazil,Panama,0.004,,,,0.8419154226817362,0.1580845773182637,4.0
92,round_of_16,,Brazil,Uzbekistan,0.004,,,,0.8113781389101241,0.1886218610898759,4.0
92,round_of_16,,Cape Verde,Croatia,0.004,,,,0.1523228202376421,0.8476771797623579,4.0
92,round_of_16,,Curaçao,England,0.004,,,,0.0655972301432752,0.9344027698567248,4.0
92,round_of_16,,Curaçao,Portugal,0.004,,,,0.0764968918384566,0.9235031081615436,4.0
92,round_of_16,,Czech Republic,DR Congo,0.004,,,,0.631424348824437,0.368575651175563,4.0
92,round_of_16,,Czech Republic,Ghana,0.004,,,,0.7992434942880283,0.2007565057119716,4.0
92,round_of_16,,Ecuador,Uzbekistan,0.004,,,,0.7501071142961108,0.2498928857038892,4.0
92,round_of_16,,Germany,Panama,0.004,,,,0.8282684887339177,0.1717315112660823,4.0
92,round_of_16,,Ivory Coast,Senegal,0.004,,,,0.4630495380479367,0.5369504619520633,4.0
92,round_of_16,,Ivory Coast,Uzbekistan,0.004,,,,0.6025124037057146,0.3974875962942854,4.0
92,round_of_16,,Morocco,Colombia,0.004,,,,0.473285614882368,0.526714385117632,4.0
92,round_of_16,,South Korea,France,0.004,,,,0.1994731323073467,0.8005268676926532,4.0
92,round_of_16,,South Korea,Germany,0.004,,,,0.2593319455388161,0.7406680544611839,4.0
92,round_of_16,,South Korea,Panama,0.004,,,,0.6243697813123918,0.3756302186876081,4.0
92,round_of_16,,South Korea,Uzbekistan,0.004,,,,0.5768390984477116,0.4231609015522883,4.0
92,round_of_16,,Uruguay,France,0.004,,,,0.2478191834031348,0.7521808165968652,4.0
92,round_of_16,,Uruguay,Panama,0.004,,,,0.6946604687644201,0.3053395312355799,4.0
92,round_of_16,,Brazil,Croatia,0.003,,,,0.6556028720371787,0.3443971279628213,3.0
92,round_of_16,,Brazil,France,0.003,,,,0.4407877680526487,0.5592122319473514,3.0
92,round_of_16,,Curaçao,Colombia,0.003,,,,0.0882593460357728,0.9117406539642272,3.0
92,round_of_16,,France,Croatia,0.003,,,,0.7065324405243061,0.2934675594756939,3.0
92,round_of_16,,Germany,Ghana,0.003,,,,0.9182219124265156,0.0817780875734844,3.0
92,round_of_16,,Haiti,Croatia,0.003,,,,0.1935442218825369,0.806455778117463,3.0
92,round_of_16,,Ivory Coast,Colombia,0.003,,,,0.2813771310521523,0.7186228689478478,3.0
92,round_of_16,,Ivory Coast,Croatia,0.003,,,,0.3920689117986926,0.6079310882013074,3.0
92,round_of_16,,Ivory Coast,DR Congo,0.003,,,,0.6669676594894848,0.3330323405105152,3.0
92,round_of_16,,Mexico,Argentina,0.003,,,,0.2215456121668036,0.7784543878331964,3.0
92,round_of_16,,Mexico,Ghana,0.003,,,,0.8788938588466477,0.1211061411533522,3.0
92,round_of_16,,Mexico,Iraq,0.003,,,,0.8203991932498541,0.1796008067501459,3.0
92,round_of_16,,Saudi Arabia,Croatia,0.003,,,,0.1655633114303061,0.8344366885696939,3.0
92,round_of_16,,Senegal,Colombia,0.003,,,,0.3094632156395112,0.6905367843604888,3.0
92,round_of_16,,South Africa,France,0.003,,,,0.0998694316447531,0.9001305683552469,3.0
92,round_of_16,,South Africa,Norway,0.003,,,,0.1297912648683141,0.8702087351316858,3.0
92,round_of_16,,South Africa,Senegal,0.003,,,,0.2084200679779522,0.7915799320220478,3.0
92,round_of_16,,South Korea,DR Congo,0.003,,,,0.6423641978534377,0.3576358021465623,3.0
92,round_of_16,,South Korea,Ecuador,0.003,,,,0.3107145529247744,0.6892854470752257,3.0
92,round_of_16,,South Korea,Iraq,0.003,,,,0.7151386638494482,0.2848613361505517,3.0
92,round_of_16,,South Korea,Norway,0.003,,,,0.2865369624829172,0.7134630375170827,3.0
92,round_of_16,,Spain,Ghana,0.003,,,,0.9594491706629352,0.0405508293370646,3.0
92,round_of_16,,Spain,Uzbekistan,0.003,,,,0.893904383104939,0.1060956168950609,3.0
92,round_of_16,,Uruguay,Argentina,0.003,,,,0.1758872907967765,0.8241127092032234,3.0
92,round_of_16,,Uruguay,Ecuador,0.003,,,,0.3876730033483108,0.6123269966516892,3.0
92,round_of_16,,Brazil,Curaçao,0.002,,,,0.9144578852133914,0.0855421147866085,2.0
92,round_of_16,,Brazil,Norway,0.002,,,,0.5714297284760221,0.4285702715239778,2.0
92,round_of_16,,Curaçao,Croatia,0.002,,,,0.1241663966682305,0.8758336033317694,2.0
92,round_of_16,,Curaçao,DR Congo,0.002,,,,0.259549354042985,0.740450645957015,2.0
92,round_of_16,,Czech Republic,Algeria,0.002,,,,0.3967245449357335,0.6032754550642665,2.0
92,round_of_16,,Czech Republic,Argentina,0.002,,,,0.1256910961823877,0.8743089038176122,2.0
92,round_of_16,,Czech Republic,Germany,0.002,,,,0.2515390115472918,0.7484609884527081,2.0
92,round_of_16,,Ecuador,DR Congo,0.002,,,,0.795794776925537,0.2042052230744629,2.0
92,round_of_16,,Ecuador,Norway,0.002,,,,0.4764636975184217,0.5235363024815782,2.0
92,round_of_16,,France,England,0.002,,,,0.5540713528559442,0.4459286471440558,2.0
92,round_of_16,,Germany,DR Congo,0.002,,,,0.8264290227235278,0.1735709772764722,2.0
92,round_of_16,,Haiti,Portugal,0.002,,,,0.1240134630234645,0.8759865369765355,2.0
92,round_of_16,,Ivory Coast,France,0.002,,,,0.225788860475335,0.774211139524665,2.0
92,round_of_16,,Ivory Coast,Panama,0.002,,,,0.6498535419587216,0.3501464580412784,2.0
92,round_of_16,,Mexico,Curaçao,0.002,,,,0.8847213943678948,0.1152786056321052,2.0
92,round_of_16,,Mexico,Jordan,0.002,,,,0.7900751369724253,0.2099248630275747,2.0
92,round_of_16,,Mexico,Norway,0.002,,,,0.4324756136515216,0.5675243863484783,2.0
92,round_of_16,,Morocco,Ivory Coast,0.002,,,,0.7091765896785323,0.2908234103214677,2.0
92,round_of_16,,Morocco,Senegal,0.002,,,,0.6779208481415323,0.3220791518584677,2.0
92,round_of_16,,Norway,England,0.002,,,,0.419046187386575,0.580953812613425,2.0
92,round_of_16,,Norway,Uzbekistan,0.002,,,,0.7711398396111899,0.22886016038881,2.0
92,round_of_16,,Saudi Arabia,Ivory Coast,0.002,,,,0.2314217163283366,0.7685782836716634,2.0
92,round_of_16,,Saudi Arabia,Portugal,0.002,,,,0.1027233286177834,0.8972766713822166,2.0
92,round_of_16,,Scotland,Colombia,0.002,,,,0.2417788204276981,0.7582211795723018,2.0
92,round_of_16,,Scotland,Panama,0.002,,,,0.6114369451274458,0.3885630548725541,2.0
92,round_of_16,,Scotland,Portugal,0.002,,,,0.2347803235901614,0.7652196764098386,2.0
92,round_of_16,,South Africa,DR Congo,0.002,,,,0.3760835760706551,0.6239164239293449,2.0
92,round_of_16,,South Korea,Senegal,0.002,,,,0.4342408578281028,0.5657591421718973,2.0
92,round_of_16,,Spain,Colombia,0.002,,,,0.6947356891794826,0.3052643108205174,2.0
92,round_of_16,,Spain,Croatia,0.002,,,,0.7950640103667238,0.2049359896332762,2.0
92,round_of_16,,Spain,France,0.002,,,,0.6173595200785099,0.3826404799214901,2.0
92,round_of_16,,Spain,Panama,0.002,,,,0.9162466802038182,0.0837533197961818,2.0
92,round_of_16,,Uruguay,Algeria,0.002,,,,0.5008801530701448,0.4991198469298552,2.0
92,round_of_16,,Uruguay,Colombia,0.002,,,,0.3170348848623132,0.6829651151376868,2.0
92,round_of_16,,Uruguay,DR Congo,0.002,,,,0.7158566661720662,0.2841433338279338,2.0
92,round_of_16,,Uruguay,Portugal,0.002,,,,0.3140132635530687,0.6859867364469313,2.0
92,round_of_16,,Uruguay,Senegal,0.002,,,,0.5239851496475635,0.4760148503524365,2.0
92,round_of_16,,Brazil,Algeria,0.001,,,,0.6871766516167312,0.3128233483832687,1.0
92,round_of_16,,Brazil,DR Congo,0.001,,,,0.839350265827093,0.1606497341729069,1.0
92,round_of_16,,Brazil,Ecuador,0.001,,,,0.6024833024325894,0.3975166975674106,1.0
92,round_of_16,,Brazil,Ghana,0.001,,,,0.9209560713872542,0.0790439286127457,1.0
92,round_of_16,,Brazil,Ivory Coast,0.001,,,,0.7358065793595521,0.2641934206404479,1.0
92,round_of_16,,Brazil,Portugal,0.001,,,,0.5213246863240992,0.4786753136759007,1.0
92,round_of_16,,Brazil,Senegal,0.001,,,,0.7095766436745493,0.2904233563254507,1.0
92,round_of_16,,Cape Verde,Austria,0.001,,,,0.1400646150910892,0.8599353849089109,1.0
92,round_of_16,,Cape Verde,DR Congo,0.001,,,,0.3437843708224858,0.6562156291775142,1.0
92,round_of_16,,Cape Verde,Germany,0.001,,,,0.1006494202322679,0.899350579767732,1.0
92,round_of_16,,Cape Verde,Ivory Coast,0.001,,,,0.2054426322322704,0.7945573677677296,1.0
92,round_of_16,,Cape Verde,Portugal,0.001,,,,0.0944021515808021,0.905597848419198,1.0
92,round_of_16,,Cape Verde,Uzbekistan,0.001,,,,0.2847568249853183,0.7152431750146817,1.0
92,round_of_16,,Curaçao,Iraq,0.001,,,,0.3313595568165077,0.6686404431834923,1.0
92,round_of_16,,Czech Republic,Ecuador,0.001,,,,0.3026917518854796,0.6973082481145204,1.0
92,round_of_16,,Czech Republic,Iraq,0.001,,,,0.7067887838615553,0.2932112161384447,1.0
92,round_of_16,,Czech Republic,Ivory Coast,0.001,,,,0.4588810863599392,0.5411189136400607,1.0
92,round_of_16,,Czech Republic,Panama,0.001,,,,0.6153533408278258,0.3846466591721742,1.0
92,round_of_16,,Czech Republic,Senegal,0.001,,,,0.4219573620939752,0.5780426379060248,1.0
92,round_of_16,,Ecuador,Argentina,0.001,,,,0.2546951815717577,0.7453048184282423,1.0
92,round_of_16,,Ecuador,Austria,0.001,,,,0.5579350007729788,0.4420649992270212,1.0
92,round_of_16,,France,Colombia,0.001,,,,0.585648093022735,0.414351906977265,1.0
92,round_of_16,,France,Portugal,0.001,,,,0.5794201625705282,0.4205798374294718,1.0
92,round_of_16,,France,Uzbekistan,0.001,,,,0.8424218674607524,0.1575781325392475,1.0
92,round_of_16,,Germany,Norway,0.001,,,,0.5363562472918983,0.4636437527081016,1.0
92,round_of_16,,Germany,Senegal,0.001,,,,0.6827955437478943,0.3172044562521057,1.0
92,round_of_16,,Haiti,Argentina,0.001,,,,0.0617020234362072,0.9382979765637928,1.0
92,round_of_16,,Haiti,Colombia,0.001,,,,0.1352345775138061,0.8647654224861938,1.0
92,round_of_16,,Haiti,Norway,0.001,,,,0.1395412944890827,0.8604587055109173,1.0
92,round_of_16,,Haiti,Panama,0.001,,,,0.3876390739589394,0.6123609260410605,1.0
92,round_of_16,,Iraq,Uzbekistan,0.001,,,,0.3514052032365429,0.6485947967634571,1.0
92,round_of_16,,Ivory Coast,Austria,0.001,,,,0.3852689130746624,0.6147310869253375,1.0
92,round_of_16,,Ivory Coast,Ghana,0.001,,,,0.8231490027381934,0.1768509972618066,1.0
92,round_of_16,,Mexico,Algeria,0.001,,,,0.5688213638427186,0.4311786361572813,1.0
92,round_of_16,,Mexico,Germany,0.001,,,,0.3941529858799128,0.6058470141200871,1.0
92,round_of_16,,Mexico,Ivory Coast,0.001,,,,0.627255950463805,0.372744049536195,1.0
92,round_of_16,,Morocco,DR Congo,0.001,,,,0.8285614606150901,0.1714385393849099,1.0
92,round_of_16,,Morocco,France,0.001,,,,0.3954679199482592,0.6045320800517408,1.0
92,round_of_16,,Morocco,Panama,0.001,,,,0.8193918696317416,0.1806081303682584,1.0
92,round_of_16,,Norway,Croatia,0.001,,,,0.5871952641158803,0.4128047358841197,1.0
92,round_of_16,,Norway,Portugal,0.001,,,,0.4483148639751579,0.551685136024842,1.0
92,round_of_16,,Saudi Arabia,DR Congo,0.001,,,,0.3803365555948557,0.6196634444051443,1.0
92,round_of_16,,Saudi Arabia,Iraq,0.001,,,,0.4589746485953878,0.5410253514046122,1.0
92,round_of_16,,Saudi Arabia,Senegal,0.001,,,,0.2054925287652108,0.7945074712347892,1.0
92,round_of_16,,Saudi Arabia,Uzbekistan,0.001,,,,0.3146618573740631,0.6853381426259368,1.0
92,round_of_16,,Scotland,DR Congo,0.001,,,,0.6308016846743946,0.3691983153256054,1.0
92,round_of_16,,Scotland,Iraq,0.001,,,,0.7041316447438399,0.29586835525616,1.0
92,round_of_16,,Scotland,Norway,0.001,,,,0.2733325932484604,0.7266674067515395,1.0
92,round_of_16,,Scotland,Uzbekistan,0.001,,,,0.5648042722191052,0.4351957277808947,1.0
92,round_of_16,,Senegal,Portugal,0.001,,,,0.3039822218087367,0.6960177781912633,1.0
92,round_of_16,,South Africa,Cape Verde,0.001,,,,0.5363282675869565,0.4636717324130435,1.0
92,round_of_16,,South Africa,Ecuador,0.001,,,,0.1465620816185829,0.8534379183814171,1.0
92,round_of_16,,South Africa,Jordan,0.001,,,,0.4066352550296131,0.5933647449703869,1.0
92,round_of_16,,South Korea,Algeria,0.001,,,,0.4094969491090285,0.5905030508909714,1.0
92,round_of_16,,South Korea,Argentina,0.001,,,,0.1313925819402959,0.8686074180597041,1.0
92,round_of_16,,Spain,Algeria,0.001,,,,0.8056489071290897,0.1943510928709103,1.0
92,round_of_16,,Spain,Austria,0.001,,,,0.7807367342059902,0.2192632657940098,1.0
92,round_of_16,,Spain,Curaçao,0.001,,,,0.9541689791391176,0.0458310208608824,1.0
92,round_of_16,,Spain,Ecuador,0.001,,,,0.7517602296398016,0.2482397703601984,1.0
92,round_of_16,,Spain,Portugal,0.001,,,,0.6889781423550443,0.3110218576449557,1.0
92,round_of_16,,Sweden,Uzbekistan,0.001,,,,0.4849914864395424,0.5150085135604576,1.0
92,round_of_16,,Uruguay,Ghana,0.001,,,,0.841775796204133,0.158224203795867,1.0
92,round_of_16,,Uruguay,Norway,0.001,,,,0.362357918769617,0.637642081230383,1.0
92,round_of_16,,Uruguay,Uzbekistan,0.001,,,,0.6566501072621987,0.3433498927378012,1.0
93,round_of_16,,Croatia,Spain,0.096,,,,0.2049359896332762,0.7950640103667238,96.0
93,round_of_16,,Colombia,Spain,0.094,,,,0.3052643108205176,0.6947356891794824,94.0
93,round_of_16,,Portugal,Spain,0.087,,,,0.3110218576449556,0.6889781423550443,87.0
93,round_of_16,,England,Spain,0.086,,,,0.3368196360653009,0.6631803639346991,86.0
93,round_of_16,,DR Congo,Spain,0.051,,,,0.0939270127962676,0.9060729872037324,51.0
93,round_of_16,,Uzbekistan,Spain,0.045,,,,0.106095616895061,0.893904383104939,45.0
93,round_of_16,,Croatia,Argentina,0.04,,,,0.2073512757624995,0.7926487242375004,40.0
93,round_of_16,,Colombia,Argentina,0.038,,,,0.3110715919399893,0.6889284080600107,38.0
93,round_of_16,,Panama,Spain,0.03,,,,0.0837533197961819,0.916246680203818,30.0
93,round_of_16,,Portugal,Argentina,0.03,,,,0.3122500876968886,0.6877499123031114,30.0
93,round_of_16,,England,Argentina,0.028,,,,0.3381187059521877,0.6618812940478123,28.0
93,round_of_16,,England,Austria,0.028,,,,0.654800679439433,0.345199320560567,28.0
93,round_of_16,,Colombia,Algeria,0.025,,,,0.6676914083478788,0.3323085916521212,25.0
93,round_of_16,,Portugal,Austria,0.025,,,,0.6270449986351238,0.3729550013648762,25.0
93,round_of_16,,Colombia,Austria,0.023,,,,0.6220805225295928,0.3779194774704072,23.0
93,round_of_16,,Croatia,Austria,0.022,,,,0.4933746390655308,0.5066253609344691,22.0
93,round_of_16,,DR Congo,Argentina,0.022,,,,0.0857497204878419,0.914250279512158,22.0
93,round_of_16,,Uzbekistan,Argentina,0.019,,,,0.1020792078266102,0.8979207921733898,19.0
93,round_of_16,,England,Algeria,0.016,,,,0.7001298744855432,0.2998701255144568,16.0
93,round_of_16,,Portugal,Algeria,0.016,,,,0.6723404820761971,0.3276595179238029,16.0
93,round_of_16,,Croatia,Uruguay,0.015,,,,0.5573748702826091,0.4426251297173909,15.0
93,round_of_16,,DR Congo,Algeria,0.013,,,,0.2807890186013724,0.7192109813986276,13.0
93,round_of_16,,DR Congo,Austria,0.012,,,,0.239449798519907,0.7605502014800929,12.0
93,round_of_16,,Colombia,Uruguay,0.011,,,,0.6829651151376868,0.3170348848623132,11.0
93,round_of_16,,Croatia,Algeria,0.011,,,,0.5481034781848396,0.4518965218151604,11.0
93,round_of_16,,Portugal,Uruguay,0.01,,,,0.6859867364469313,0.3140132635530687,10.0
93,round_of_16,,Ghana,Spain,0.009,,,,0.0405508293370646,0.9594491706629352,9.0
93,round_of_16,,DR Congo,Uruguay,0.008,,,,0.2841433338279337,0.7158566661720662,8.0
93,round_of_16,,Panama,Argentina,0.008,,,,0.0820306581581056,0.9179693418418944,8.0
93,round_of_16,,Colombia,Cape Verde,0.007,,,,0.8969844013383337,0.1030155986616663,7.0
93,round_of_16,,England,Uruguay,0.007,,,,0.7047866910319784,0.2952133089680215,7.0
93,round_of_16,,Panama,Algeria,0.007,,,,0.2946497065546864,0.7053502934453135,7.0
93,round_of_16,,Panama,Uruguay,0.007,,,,0.3053395312355798,0.6946604687644202,7.0
93,round_of_16,,Uzbekistan,Algeria,0.007,,,,0.3393517145854263,0.6606482854145737,7.0
93,round_of_16,,Panama,Austria,0.006,,,,0.2486314943745272,0.7513685056254727,6.0
93,round_of_16,,Croatia,Cape Verde,0.005,,,,0.8476771797623579,0.1523228202376421,5.0
93,round_of_16,,England,Cape Verde,0.004,,,,0.9160025242060136,0.0839974757939864,4.0
93,round_of_16,,England,Jordan,0.004,,,,0.874128886515725,0.125871113484275,4.0
93,round_of_16,,Croatia,Saudi Arabia,0.003,,,,0.834436688569694,0.165563311430306,3.0
93,round_of_16,,Portugal,Cape Verde,0.003,,,,0.905597848419198,0.0944021515808021,3.0
93,round_of_16,,Uzbekistan,Austria,0.003,,,,0.2901566604507021,0.7098433395492978,3.0
93,round_of_16,,Colombia,Jordan,0.002,,,,0.8544536820118299,0.14554631798817,2.0
93,round_of_16,,Ghana,Algeria,0.002,,,,0.1421503353991299,0.85784966460087,2.0
93,round_of_16,,Ghana,Argentina,0.002,,,,0.0373009217881547,0.9626990782118452,2.0
93,round_of_16,,Panama,Jordan,0.002,,,,0.5511720582469385,0.4488279417530615,2.0
93,round_of_16,,Uzbekistan,Uruguay,0.002,,,,0.3433498927378013,0.6566501072621986,2.0
93,round_of_16,,Colombia,Saudi Arabia,0.001,,,,0.8903309883934437,0.1096690116065562,1.0
93,round_of_16,,England,Saudi Arabia,0.001,,,,0.9071527847251034,0.0928472152748965,1.0
93,round_of_16,,Ghana,Cape Verde,0.001,,,,0.4553749019902794,0.5446250980097206,1.0
93,round_of_16,,Ghana,Uruguay,0.001,,,,0.158224203795867,0.8417757962041329,1.0
93,round_of_16,,Panama,Cape Verde,0.001,,,,0.6739153377372199,0.3260846622627801,1.0
93,round_of_16,,Panama,Saudi Arabia,0.001,,,,0.6440763876350859,0.3559236123649141,1.0
93,round_of_16,,Portugal,Jordan,0.001,,,,0.8621703614113095,0.1378296385886904,1.0
93,round_of_16,,Uzbekistan,Cape Verde,0.001,,,,0.7152431750146816,0.2847568249853184,1.0
93,round_of_16,,Uzbekistan,Saudi Arabia,0.001,,,,0.685338142625937,0.314661857374063,1.0
94,round_of_16,,Australia,Belgium,0.073,,,,0.3016140990075643,0.6983859009924356,73.0
94,round_of_16,,Turkey,Belgium,0.071,,,,0.4206443874332928,0.5793556125667072,71.0
94,round_of_16,,Turkey,Iran,0.046,,,,0.5816965765012061,0.4183034234987939,46.0
94,round_of_16,,Switzerland,Belgium,0.045,,,,0.4363829705831911,0.5636170294168089,45.0
94,round_of_16,,Australia,Iran,0.04,,,,0.4536549805992533,0.5463450194007466,40.0
94,round_of_16,,United States,Belgium,0.036,,,,0.268258602462383,0.731741397537617,36.0
94,round_of_16,,Turkey,South Korea,0.024,,,,0.6537949352180814,0.3462050647819186,24.0
94,round_of_16,,Canada,Belgium,0.022,,,,0.3461353361876561,0.653864663812344,22.0
94,round_of_16,,Paraguay,Belgium,0.022,,,,0.2919779583865718,0.7080220416134282,22.0
94,round_of_16,,Turkey,Egypt,0.021,,,,0.7068281740160433,0.2931718259839567,21.0
94,round_of_16,,Canada,Iran,0.02,,,,0.5048183350717645,0.4951816649282354,20.0
94,round_of_16,,Turkey,Mexico,0.02,,,,0.5044143593770435,0.4955856406229565,20.0
94,round_of_16,,Bosnia and Herzegovina,Belgium,0.018,,,,0.1126366677141446,0.8873633322858554,18.0
94,round_of_16,,Switzerland,Iran,0.016,,,,0.5968174105793255,0.4031825894206745,16.0
94,round_of_16,,Australia,Egypt,0.015,,,,0.5923681403119087,0.4076318596880913,15.0
94,round_of_16,,Australia,Mexico,0.015,,,,0.3732588454079708,0.6267411545920292,15.0
94,round_of_16,,Algeria,Belgium,0.013,,,,0.3612430137054474,0.6387569862945526,13.0
94,round_of_16,,Bosnia and Herzegovina,Iran,0.012,,,,0.1972352319277597,0.8027647680722403,12.0
94,round_of_16,,Canada,Egypt,0.012,,,,0.6399833521793299,0.3600166478206701,12.0
94,round_of_16,,Paraguay,Iran,0.012,,,,0.445384741357443,0.554615258642557,12.0
94,round_of_16,,Turkey,Czech Republic,0.012,,,,0.6620714451975118,0.3379285548024882,12.0
94,round_of_16,,Australia,Czech Republic,0.011,,,,0.5401033165032945,0.4598966834967055,11.0
94,round_of_16,,Paraguay,Egypt,0.011,,,,0.5840483406506939,0.4159516593493061,11.0
94,round_of_16,,United States,Iran,0.01,,,,0.4174699694742156,0.5825300305257843,10.0
94,round_of_16,,Australia,South Korea,0.009,,,,0.5291388424174518,0.4708611575825482,9.0
94,round_of_16,,France,Belgium,0.008,,,,0.6153736057804472,0.3846263942195528,8.0
94,round_of_16,,Australia,South Africa,0.007,,,,0.7637310893323698,0.2362689106676302,7.0
94,round_of_16,,Australia,Uruguay,0.007,,,,0.4426369576311201,0.5573630423688799,7.0
94,round_of_16,,Austria,Belgium,0.007,,,,0.4100633319962848,0.5899366680037152,7.0
94,round_of_16,,Qatar,Belgium,0.007,,,,0.0520510441959164,0.9479489558040836,7.0
94,round_of_16,,Norway,Belgium,0.006,,,,0.4872745025862511,0.5127254974137488,6.0
94,round_of_16,,Paraguay,South Korea,0.006,,,,0.517785509195159,0.482214490804841,6.0
94,round_of_16,,Senegal,Belgium,0.006,,,,0.3363694771836753,0.6636305228163246,6.0
94,round_of_16,,Switzerland,Egypt,0.006,,,,0.7193694891058834,0.2806305108941166,6.0
94,round_of_16,,Switzerland,Mexico,0.006,,,,0.51922244977167,0.48077755022833,6.0
94,round_of_16,,Turkey,South Africa,0.006,,,,0.8300479796231812,0.1699520203768187,6.0
94,round_of_16,,Argentina,Belgium,0.005,,,,0.7218513509073634,0.2781486490926366,5.0
94,round_of_16,,Argentina,Mexico,0.005,,,,0.7784543878331964,0.2215456121668035,5.0
94,round_of_16,,Canada,Czech Republic,0.005,,,,0.5888026523375696,0.4111973476624304,5.0
94,round_of_16,,Canada,South Africa,0.005,,,,0.794353038320791,0.205646961679209,5.0
94,round_of_16,,Canada,South Korea,0.005,,,,0.5785053154783667,0.4214946845216333,5.0
94,round_of_16,,Ecuador,Belgium,0.005,,,,0.4655775183670963,0.5344224816329037,5.0
94,round_of_16,,Ecuador,Iran,0.005,,,,0.6244871067215202,0.3755128932784798,5.0
94,round_of_16,,Turkey,Argentina,0.005,,,,0.2206760350182198,0.7793239649817802,5.0
94,round_of_16,,Turkey,Uruguay,0.005,,,,0.5792747125970877,0.4207252874029122,5.0
94,round_of_16,,United States,Egypt,0.005,,,,0.558144634189994,0.4418553658100059,5.0
94,round_of_16,,Algeria,Iran,0.004,,,,0.5150600730675774,0.4849399269324226,4.0
94,round_of_16,,Australia,Norway,0.004,,,,0.3118034971212338,0.6881965028787662,4.0
94,round_of_16,,Bosnia and Herzegovina,Egypt,0.004,,,,0.3034819535770449,0.6965180464229551,4.0
94,round_of_16,,Bosnia and Herzegovina,Mexico,0.004,,,,0.156737568993055,0.843262431006945,4.0
94,round_of_16,,Bosnia and Herzegovina,South Korea,0.004,,,,0.2511185825140422,0.7488814174859578,4.0
94,round_of_16,,Canada,Mexico,0.004,,,,0.4206615373632626,0.5793384626367374,4.0
94,round_of_16,,Canada,Spain,0.004,,,,0.1719194603627911,0.8280805396372088,4.0
94,round_of_16,,Paraguay,Czech Republic,0.004,,,,0.5268997722978283,0.4731002277021717,4.0
94,round_of_16,,Qatar,Iran,0.004,,,,0.0949316071835321,0.905068392816468,4.0
94,round_of_16,,Qatar,Mexico,0.004,,,,0.0795027578567538,0.9204972421432462,4.0
94,round_of_16,,Turkey,Austria,0.004,,,,0.512867107061034,0.487132892938966,4.0
94,round_of_16,,United States,Czech Republic,0.004,,,,0.5017679553496385,0.4982320446503615,4.0
94,round_of_16,,United States,South Korea,0.004,,,,0.4925299173908905,0.5074700826091094,4.0
94,round_of_16,,Argentina,Iran,0.003,,,,0.8278838502675747,0.1721161497324252,3.0
94,round_of_16,,Argentina,South Africa,0.003,,,,0.9416215443779492,0.0583784556220507,3.0
94,round_of_16,,Australia,Algeria,0.003,,,,0.4399757389946059,0.560024261005394,3.0
94,round_of_16,,Australia,Argentina,0.003,,,,0.1457596815597639,0.8542403184402361,3.0
94,round_of_16,,Australia,New Zealand,0.003,,,,0.7758432496379168,0.2241567503620831,3.0
94,round_of_16,,Australia,Saudi Arabia,0.003,,,,0.7684972899268713,0.2315027100731287,3.0
94,round_of_16,,Australia,Senegal,0.003,,,,0.4644748999944623,0.5355251000055377,3.0
94,round_of_16,,Austria,Mexico,0.003,,,,0.4865533286491472,0.5134466713508528,3.0
94,round_of_16,,Bosnia and Herzegovina,Czech Republic,0.003,,,,0.2579858375755467,0.7420141624244533,3.0
94,round_of_16,,Canada,Algeria,0.003,,,,0.4918490026920347,0.5081509973079653,3.0
94,round_of_16,,Canada,Austria,0.003,,,,0.4347079918089278,0.5652920081910722,3.0
94,round_of_16,,France,Egypt,0.003,,,,0.8318010388426101,0.1681989611573898,3.0
94,round_of_16,,France,Iran,0.003,,,,0.7461990045034034,0.2538009954965966,3.0
94,round_of_16,,Germany,Belgium,0.003,,,,0.5239991432482366,0.4760008567517634,3.0
94,round_of_16,,Germany,Mexico,0.003,,,,0.6058470141200872,0.3941529858799127,3.0
94,round_of_16,,Ivory Coast,Belgium,0.003,,,,0.3053846628594324,0.6946153371405676,3.0
94,round_of_16,,Netherlands,Belgium,0.003,,,,0.4977712722815451,0.502228727718455,3.0
94,round_of_16,,Switzerland,Austria,0.003,,,,0.5285640509484347,0.4714359490515653,3.0
94,round_of_16,,Switzerland,South Korea,0.003,,,,0.6677300847691058,0.3322699152308942,3.0
94,round_of_16,,United States,Mexico,0.003,,,,0.341519563337008,0.6584804366629919,3.0
94,round_of_16,,United States,South Africa,0.003,,,,0.7316297216885961,0.2683702783114039,3.0
94,round_of_16,,United States,Uruguay,0.003,,,,0.4130331460508915,0.5869668539491085,3.0
94,round_of_16,,Algeria,Mexico,0.002,,,,0.4311786361572813,0.5688213638427186,2.0
94,round_of_16,,Algeria,South Korea,0.002,,,,0.5905030508909715,0.4094969491090284,2.0
94,round_of_16,,Austria,Czech Republic,0.002,,,,0.6549213749976928,0.3450786250023072,2.0
94,round_of_16,,Austria,Iran,0.002,,,,0.5696351258440919,0.4303648741559081,2.0
94,round_of_16,,Bosnia and Herzegovina,Austria,0.002,,,,0.1556653367253007,0.8443346632746993,2.0
94,round_of_16,,Bosnia and Herzegovina,France,0.002,,,,0.0830694035127487,0.9169305964872512,2.0
94,round_of_16,,Canada,Argentina,0.002,,,,0.1721098114797416,0.8278901885202583,2.0
94,round_of_16,,Canada,Norway,0.002,,,,0.3566366966904328,0.6433633033095671,2.0
94,round_of_16,,Ecuador,South Korea,0.002,,,,0.6892854470752258,0.3107145529247742,2.0
94,round_of_16,,France,Austria,0.002,,,,0.6937138361967508,0.3062861638032492,2.0
94,round_of_16,,France,Mexico,0.002,,,,0.6915535126780956,0.3084464873219044,2.0
94,round_of_16,,France,South Korea,0.002,,,,0.8005268676926532,0.1994731323073467,2.0
94,round_of_16,,Iraq,Iran,0.002,,,,0.2273496719330439,0.7726503280669561,2.0
94,round_of_16,,Jordan,Belgium,0.002,,,,0.1553727231053816,0.8446272768946184,2.0
94,round_of_16,,Jordan,Iran,0.002,,,,0.2646947305390343,0.7353052694609656,2.0
94,round_of_16,,Netherlands,Iran,0.002,,,,0.6531666350785292,0.3468333649214707,2.0
94,round_of_16,,Norway,Czech Republic,0.002,,,,0.7231450509557045,0.2768549490442955,2.0
94,round_of_16,,Norway,South Africa,0.002,,,,0.8702087351316858,0.1297912648683141,2.0
94,round_of_16,,Norway,Uruguay,0.002,,,,0.6376420812303831,0.3623579187696168,2.0
94,round_of_16,,Paraguay,Algeria,0.002,,,,0.4341557576436624,0.5658442423563376,2.0
94,round_of_16,,Paraguay,Mexico,0.002,,,,0.3638789062398353,0.6361210937601647,2.0
94,round_of_16,,Paraguay,New Zealand,0.002,,,,0.7596952082903251,0.2403047917096749,2.0
94,round_of_16,,Qatar,Austria,0.002,,,,0.0731870278662679,0.926812972133732,2.0
94,round_of_16,,Qatar,New Zealand,0.002,,,,0.3050466936788178,0.6949533063211821,2.0
94,round_of_16,,Qatar,South Africa,0.002,,,,0.2967732180121605,0.7032267819878395,2.0
94,round_of_16,,Qatar,South Korea,0.002,,,,0.1265748996163988,0.8734251003836012,2.0
94,round_of_16,,Senegal,Egypt,0.002,,,,0.6253840025350733,0.3746159974649267,2.0
94,round_of_16,,Senegal,South Korea,0.002,,,,0.5657591421718973,0.4342408578281027,2.0
94,round_of_16,,Switzerland,Czech Republic,0.002,,,,0.6761622320940431,0.3238377679059568,2.0
94,round_of_16,,Switzerland,Senegal,0.002,,,,0.6061276699381871,0.3938723300618129,2.0
94,round_of_16,,Switzerland,Uruguay,0.002,,,,0.5928746928306345,0.4071253071693654,2.0
94,round_of_16,,Tunisia,Belgium,0.002,,,,0.1593111765028861,0.8406888234971138,2.0
94,round_of_16,,Turkey,Algeria,0.002,,,,0.5662075201845559,0.4337924798154441,2.0
94,round_of_16,,Turkey,France,0.002,,,,0.3100416078265735,0.6899583921734265,2.0
94,round_of_16,,Turkey,Jordan,0.002,,,,0.792821667078002,0.207178332921998,2.0
94,round_of_16,,Turkey,New Zealand,0.002,,,,0.8474975069630702,0.1525024930369297,2.0
94,round_of_16,,Turkey,Saudi Arabia,0.002,,,,0.8442086922858183,0.1557913077141817,2.0
94,round_of_16,,Turkey,Spain,0.002,,,,0.2171035589035916,0.7828964410964083,2.0
94,round_of_16,,United States,Argentina,0.002,,,,0.1250180125116179,0.8749819874883821,2.0
94,round_of_16,,United States,Austria,0.002,,,,0.349753053389052,0.650246946610948,2.0
94,round_of_16,,Argentina,Cape Verde,0.001,,,,0.953400762592731,0.046599237407269,1.0
94,round_of_16,,Argentina,New Zealand,0.001,,,,0.951857817924029,0.0481421820759709,1.0
94,round_of_16,,Argentina,Uruguay,0.001,,,,0.8241127092032234,0.1758872907967765,1.0
94,round_of_16,,Australia,Austria,0.001,,,,0.384902083478394,0.615097916521606,1.0
94,round_of_16,,Australia,Germany,0.001,,,,0.2815949610033093,0.7184050389966907,1.0
94,round_of_16,,Australia,Iraq,0.001,,,,0.7374630562380415,0.2625369437619584,1.0
94,round_of_16,,Australia,Jordan,0.001,,,,0.6950283861619599,0.30497161383804,1.0
94,round_of_16,,Australia,Spain,0.001,,,,0.1486238091320195,0.8513761908679804,1.0
94,round_of_16,,Austria,Egypt,0.001,,,,0.6974875673760478,0.3025124326239522,1.0
94,round_of_16,,Austria,South Korea,0.001,,,,0.6435932330644591,0.3564067669355408,1.0
94,round_of_16,,Austria,Spain,0.001,,,,0.2192632657940098,0.7807367342059902,1.0
94,round_of_16,,Bosnia and Herzegovina,Argentina,0.001,,,,0.0495381425063441,0.950461857493656,1.0
94,round_of_16,,Bosnia and Herzegovina,Ecuador,0.001,,,,0.1397853522247069,0.860214647775293,1.0
94,round_of_16,,Bosnia and Herzegovina,Germany,0.001,,,,0.107292694251871,0.892707305748129,1.0
94,round_of_16,,Bosnia and Herzegovina,Norway,0.001,,,,0.1178909228744288,0.8821090771255712,1.0
94,round_of_16,,Bosnia and Herzegovina,South Africa,0.001,,,,0.5010566832501256,0.4989433167498743,1.0
94,round_of_16,,Canada,Cape Verde,0.001,,,,0.8188850069266345,0.1811149930733655,1.0
94,round_of_16,,Canada,France,0.001,,,,0.2474322943404765,0.7525677056595235,1.0
94,round_of_16,,Canada,Jordan,0.001,,,,0.7339432042935818,0.2660567957064181,1.0
94,round_of_16,,Canada,New Zealand,0.001,,,,0.8055167556513368,0.1944832443486631,1.0
94,round_of_16,,Canada,Senegal,0.001,,,,0.5159130699194059,0.4840869300805941,1.0
94,round_of_16,,Curaçao,Belgium,0.001,,,,0.0782167520943493,0.9217832479056506,1.0
94,round_of_16,,Curaçao,Mexico,0.001,,,,0.1152786056321051,0.8847213943678949,1.0
94,round_of_16,,Curaçao,Spain,0.001,,,,0.0458310208608824,0.9541689791391176,1.0
94,round_of_16,,Ecuador,Austria,0.001,,,,0.5579350007729788,0.4420649992270212,1.0
94,round_of_16,,Ecuador,Czech Republic,0.001,,,,0.6973082481145204,0.3026917518854796,1.0
94,round_of_16,,Ecuador,Mexico,0.001,,,,0.5427812770695837,0.4572187229304163,1.0
94,round_of_16,,Ecuador,New Zealand,0.001,,,,0.8633486058466275,0.1366513941533724,1.0
94,round_of_16,,France,Algeria,0.001,,,,0.7300941199178983,0.2699058800821017,1.0
94,round_of_16,,France,Czech Republic,0.001,,,,0.8058371714371713,0.1941628285628287,1.0
94,round_of_16,,Germany,Algeria,0.001,,,,0.6585705965413005,0.3414294034586995,1.0
94,round_of_16,,Germany,Argentina,0.001,,,,0.2996825401407175,0.7003174598592825,1.0
94,round_of_16,,Germany,Cape Verde,0.001,,,,0.8993505797677321,0.1006494202322678,1.0
94,round_of_16,,Germany,France,0.001,,,,0.4064693042060614,0.5935306957939386,1.0
94,round_of_16,,Germany,Iran,0.001,,,,0.6754309033023883,0.3245690966976117,1.0
94,round_of_16,,Germany,Saudi Arabia,0.001,,,,0.8912701798829084,0.1087298201170916,1.0
94,round_of_16,,Germany,South Korea,0.001,,,,0.7406680544611839,0.2593319455388161,1.0
94,round_of_16,,Germany,Uruguay,0.001,,,,0.6749120930638229,0.325087906936177,1.0
94,round_of_16,,Iraq,Algeria,0.001,,,,0.2171360564778145,0.7828639435221855,1.0
94,round_of_16,,Iraq,South Korea,0.001,,,,0.2848613361505516,0.7151386638494484,1.0
94,round_of_16,,Ivory Coast,Austria,0.001,,,,0.3852689130746624,0.6147310869253375,1.0
94,round_of_16,,Ivory Coast,Czech Republic,0.001,,,,0.5411189136400607,0.4588810863599393,1.0
94,round_of_16,,Ivory Coast,Mexico,0.001,,,,0.3727440495361949,0.6272559504638051,1.0
94,round_of_16,,Ivory Coast,South Korea,0.001,,,,0.528568891250335,0.471431108749665,1.0
94,round_of_16,,Japan,Belgium,0.001,,,,0.5123756099891676,0.4876243900108323,1.0
94,round_of_16,,Japan,Mexico,0.001,,,,0.5871500182575508,0.4128499817424492,1.0
94,round_of_16,,Jordan,Mexico,0.001,,,,0.2099248630275747,0.7900751369724253,1.0
94,round_of_16,,Norway,Algeria,0.001,,,,0.6271542888207873,0.3728457111792127,1.0
94,round_of_16,,Norway,Iran,0.001,,,,0.6441080542679823,0.3558919457320176,1.0
94,round_of_16,,Norway,Mexico,0.001,,,,0.5675243863484782,0.4324756136515217,1.0
94,round_of_16,,Norway,Saudi Arabia,0.001,,,,0.8802686369560373,0.1197313630439627,1.0
94,round_of_16,,Paraguay,Argentina,0.001,,,,0.139150342466447,0.8608496575335529,1.0
94,round_of_16,,Paraguay,Austria,0.001,,,,0.3767305737832719,0.6232694262167281,1.0
94,round_of_16,,Paraguay,Cape Verde,0.001,,,,0.7760414545915905,0.2239585454084095,1.0
94,round_of_16,,Paraguay,Senegal,0.001,,,,0.4569435614561634,0.5430564385438366,1.0
94,round_of_16,,Paraguay,South Africa,0.001,,,,0.7497812903905994,0.2502187096094006,1.0
94,round_of_16,,Paraguay,Uruguay,0.001,,,,0.4342698258463622,0.5657301741536378,1.0
94,round_of_16,,Qatar,Algeria,0.001,,,,0.0879365780729663,0.9120634219270336,1.0
94,round_of_16,,Qatar,Cape Verde,0.001,,,,0.328049280604814,0.6719507193951859,1.0
94,round_of_16,,Qatar,Czech Republic,0.001,,,,0.129401244971183,0.870598755028817,1.0
94,round_of_16,,Senegal,Cape Verde,0.001,,,,0.8175682927363178,0.1824317072636821,1.0
94,round_of_16,,Senegal,South Africa,0.001,,,,0.7915799320220478,0.2084200679779522,1.0
94,round_of_16,,Switzerland,Algeria,0.001,,,,0.5814325582184944,0.4185674417815056,1.0
94,round_of_16,,Switzerland,France,0.001,,,,0.3237743450262828,0.6762256549737171,1.0
94,round_of_16,,Switzerland,New Zealand,0.001,,,,0.8556282339985388,0.1443717660014611,1.0
94,round_of_16,,Switzerland,Saudi Arabia,0.001,,,,0.8520899432325258,0.1479100567674741,1.0
94,round_of_16,,Tunisia,Iran,0.001,,,,0.2649907886554308,0.7350092113445692,1.0
94,round_of_16,,Turkey,Germany,0.001,,,,0.3954048356817349,0.604595164318265,1.0
94,round_of_16,,Turkey,Norway,0.001,,,,0.4321532609827725,0.5678467390172275,1.0
94,round_of_16,,Turkey,Senegal,0.001,,,,0.5911199566578959,0.4088800433421041,1.0
94,round_of_16,,United States,Algeria,0.001,,,,0.4045141370652226,0.5954858629347773,1.0
94,round_of_16,,United States,Germany,0.001,,,,0.2479774949710077,0.7520225050289923,1.0
94,round_of_16,,United States,New Zealand,0.001,,,,0.7463763666434542,0.2536236333565458,1.0
94,round_of_16,,United States,Saudi Arabia,0.001,,,,0.741491658177418,0.258508341822582,1.0
95,round_of_16,,Argentina,Iran,0.087,,,,0.8278838502675747,0.1721161497324252,87.0
95,round_of_16,,Argentina,Belgium,0.063,,,,0.7218513509073634,0.2781486490926366,63.0
95,round_of_16,,Argentina,Australia,0.056,,,,0.8542403184402361,0.1457596815597639,56.0
95,round_of_16,,Argentina,Turkey,0.053,,,,0.7793239649817802,0.2206760350182197,53.0
95,round_of_16,,Argentina,United States,0.05,,,,0.8749819874883821,0.1250180125116179,50.0
95,round_of_16,,Argentina,Paraguay,0.036,,,,0.8608496575335528,0.1391503424664472,36.0
95,round_of_16,,Argentina,Egypt,0.034,,,,0.8906326186807448,0.1093673813192551,34.0
95,round_of_16,,Algeria,Iran,0.03,,,,0.5150600730675774,0.4849399269324226,30.0
95,round_of_16,,Algeria,Australia,0.029,,,,0.560024261005394,0.4399757389946059,29.0
95,round_of_16,,Algeria,Belgium,0.029,,,,0.3612430137054474,0.6387569862945526,29.0
95,round_of_16,,Algeria,Turkey,0.029,,,,0.4337924798154441,0.5662075201845559,29.0
95,round_of_16,,Austria,Iran,0.026,,,,0.5696351258440919,0.4303648741559081,26.0
95,round_of_16,,Spain,Turkey,0.026,,,,0.7828964410964084,0.2171035589035915,26.0
95,round_of_16,,Spain,Belgium,0.025,,,,0.7182454436509673,0.2817545563490327,25.0
95,round_of_16,,Austria,Belgium,0.023,,,,0.4100633319962848,0.5899366680037152,23.0
95,round_of_16,,Austria,Egypt,0.023,,,,0.6974875673760478,0.3025124326239522,23.0
95,round_of_16,,Algeria,Egypt,0.021,,,,0.6481023555122902,0.3518976444877097,21.0
95,round_of_16,,Spain,Iran,0.02,,,,0.8213065814224647,0.1786934185775353,20.0
95,round_of_16,,Algeria,United States,0.019,,,,0.5954858629347775,0.4045141370652225,19.0
95,round_of_16,,Uruguay,Turkey,0.019,,,,0.4207252874029123,0.5792747125970876,19.0
95,round_of_16,,Spain,Australia,0.017,,,,0.8513761908679804,0.1486238091320195,17.0
95,round_of_16,,Uruguay,Iran,0.017,,,,0.5125913678104413,0.4874086321895586,17.0
95,round_of_16,,Spain,Paraguay,0.016,,,,0.8645872588252346,0.1354127411747654,16.0
95,round_of_16,,Algeria,Paraguay,0.015,,,,0.5658442423563377,0.4341557576436623,15.0
95,round_of_16,,Austria,Australia,0.015,,,,0.615097916521606,0.384902083478394,15.0
95,round_of_16,,Austria,Paraguay,0.015,,,,0.623269426216728,0.376730573783272,15.0
95,round_of_16,,Austria,Turkey,0.015,,,,0.4871328929389659,0.5128671070610341,15.0
95,round_of_16,,Austria,United States,0.015,,,,0.650246946610948,0.349753053389052,15.0
95,round_of_16,,Uruguay,Australia,0.015,,,,0.55736304236888,0.44263695763112,15.0
95,round_of_16,,Spain,Egypt,0.014,,,,0.8846266369712263,0.1153733630287736,14.0
95,round_of_16,,Spain,United States,0.014,,,,0.8765369173239683,0.1234630826760316,14.0
95,round_of_16,,Uruguay,United States,0.012,,,,0.5869668539491086,0.4130331460508913,12.0
95,round_of_16,,Uruguay,Belgium,0.011,,,,0.3523636575246608,0.6476363424753392,11.0
95,round_of_16,,Uruguay,Paraguay,0.011,,,,0.5657301741536378,0.4342698258463622,11.0
95,round_of_16,,Cape Verde,Belgium,0.01,,,,0.1027639145778188,0.8972360854221811,10.0
95,round_of_16,,Uruguay,Egypt,0.01,,,,0.6463146430045941,0.3536853569954059,10.0
95,round_of_16,,Cape Verde,Australia,0.009,,,,0.2087306369588102,0.7912693630411898,9.0
95,round_of_16,,Argentina,New Zealand,0.007,,,,0.951857817924029,0.0481421820759709,7.0
95,round_of_16,,Cape Verde,Paraguay,0.007,,,,0.2239585454084095,0.7760414545915905,7.0
95,round_of_16,,Saudi Arabia,Egypt,0.007,,,,0.3039117580179143,0.6960882419820857,7.0
95,round_of_16,,Saudi Arabia,Iran,0.006,,,,0.1986608758791301,0.8013391241208698,6.0
95,round_of_16,,Jordan,Belgium,0.005,,,,0.1553727231053816,0.8446272768946184,5.0
95,round_of_16,,Cape Verde,Iran,0.004,,,,0.1769938578192634,0.8230061421807365,4.0
95,round_of_16,,Saudi Arabia,Australia,0.004,,,,0.2315027100731287,0.7684972899268713,4.0
95,round_of_16,,Saudi Arabia,Paraguay,0.004,,,,0.2437709011347052,0.7562290988652948,4.0
95,round_of_16,,Saudi Arabia,Turkey,0.004,,,,0.1557913077141816,0.8442086922858184,4.0
95,round_of_16,,Uruguay,New Zealand,0.004,,,,0.8031213754895101,0.1968786245104898,4.0
95,round_of_16,,Austria,New Zealand,0.003,,,,0.8499073373694105,0.1500926626305895,3.0
95,round_of_16,,Saudi Arabia,Belgium,0.003,,,,0.1145236501336038,0.8854763498663962,3.0
95,round_of_16,,Saudi Arabia,United States,0.003,,,,0.2585083418225818,0.7414916581774181,3.0
95,round_of_16,,Spain,New Zealand,0.003,,,,0.9477278883390272,0.0522721116609727,3.0
95,round_of_16,,Algeria,New Zealand,0.002,,,,0.820075057709727,0.179924942290273,2.0
95,round_of_16,,Cape Verde,Turkey,0.002,,,,0.1445404399740373,0.8554595600259627,2.0
95,round_of_16,,Jordan,Egypt,0.001,,,,0.3903074123487657,0.6096925876512342,1.0
95,round_of_16,,Jordan,Paraguay,0.001,,,,0.3196523309451288,0.6803476690548712,1.0
95,round_of_16,,Jordan,Turkey,0.001,,,,0.207178332921998,0.792821667078002,1.0
96,round_of_16,,Switzerland,Portugal,0.079,,,,0.3971499476698773,0.6028500523301227,79.0
96,round_of_16,,Switzerland,Colombia,0.049,,,,0.4029441718649715,0.5970558281350284,49.0
96,round_of_16,,Canada,Portugal,0.044,,,,0.3098438432896359,0.690156156710364,44.0
96,round_of_16,,Canada,Colombia,0.036,,,,0.3139254602715883,0.6860745397284116,36.0
96,round_of_16,,Iran,Portugal,0.024,,,,0.311279319216988,0.688720680783012,24.0
96,round_of_16,,Switzerland,Croatia,0.024,,,,0.5362051933728154,0.4637948066271846,24.0
96,round_of_16,,Austria,Portugal,0.023,,,,0.3729550013648762,0.6270449986351238,23.0
96,round_of_16,,Austria,Colombia,0.019,,,,0.3779194774704072,0.6220805225295928,19.0
96,round_of_16,,Belgium,Colombia,0.019,,,,0.4655713069413382,0.5344286930586617,19.0
96,round_of_16,,Switzerland,DR Congo,0.019,,,,0.7756706526886932,0.2243293473113068,19.0
96,round_of_16,,Argentina,Portugal,0.017,,,,0.6877499123031114,0.3122500876968885,17.0
96,round_of_16,,Egypt,Portugal,0.017,,,,0.207828506079664,0.7921714939203359,17.0
96,round_of_16,,Algeria,Portugal,0.016,,,,0.327659517923803,0.672340482076197,16.0
96,round_of_16,,Canada,England,0.016,,,,0.2885202237868621,0.7114797762131378,16.0
96,round_of_16,,Canada,Panama,0.016,,,,0.6928403414701133,0.3071596585298867,16.0
96,round_of_16,,Egypt,Colombia,0.016,,,,0.2138071571838963,0.7861928428161037,16.0
96,round_of_16,,Iran,Colombia,0.016,,,,0.3168863655506146,0.6831136344493853,16.0
96,round_of_16,,Switzerland,England,0.015,,,,0.3732547689229044,0.6267452310770956,15.0
96,round_of_16,,Belgium,Portugal,0.014,,,,0.4606525827770672,0.5393474172229328,14.0
96,round_of_16,,Switzerland,Uzbekistan,0.014,,,,0.7315296231129069,0.2684703768870931,14.0
96,round_of_16,,Algeria,Colombia,0.013,,,,0.3323085916521213,0.6676914083478787,13.0
96,round_of_16,,Canada,Croatia,0.013,,,,0.4373419069192595,0.5626580930807404,13.0
96,round_of_16,,Canada,Uzbekistan,0.013,,,,0.6513494049138436,0.3486505950861563,13.0
96,round_of_16,,Switzerland,France,0.013,,,,0.3237743450262828,0.6762256549737171,13.0
96,round_of_16,,Switzerland,Panama,0.013,,,,0.7696203874309872,0.2303796125690128,13.0
96,round_of_16,,Canada,DR Congo,0.012,,,,0.711164536798407,0.288835463201593,12.0
96,round_of_16,,Argentina,Croatia,0.01,,,,0.7926487242375005,0.2073512757624994,10.0
96,round_of_16,,Algeria,Croatia,0.009,,,,0.4518965218151605,0.5481034781848395,9.0
96,round_of_16,,Argentina,Colombia,0.009,,,,0.6889284080600107,0.3110715919399893,9.0
96,round_of_16,,Iran,DR Congo,0.009,,,,0.7075363748805032,0.2924636251194967,9.0
96,round_of_16,,Belgium,Croatia,0.008,,,,0.5985351283342792,0.4014648716657207,8.0
96,round_of_16,,Belgium,DR Congo,0.007,,,,0.8174525434830726,0.1825474565169274,7.0
96,round_of_16,,New Zealand,Portugal,0.007,,,,0.0987533735413302,0.9012466264586698,7.0
96,round_of_16,,Argentina,Uzbekistan,0.006,,,,0.8979207921733899,0.10207920782661,6.0
96,round_of_16,,Austria,Croatia,0.006,,,,0.5066253609344692,0.4933746390655308,6.0
96,round_of_16,,Austria,DR Congo,0.006,,,,0.7605502014800929,0.2394497985199071,6.0
96,round_of_16,,Austria,France,0.006,,,,0.3062861638032493,0.6937138361967506,6.0
96,round_of_16,,Belgium,England,0.006,,,,0.4308583243505766,0.5691416756494234,6.0
96,round_of_16,,Egypt,DR Congo,0.006,,,,0.5835683801626054,0.4164316198373946,6.0
96,round_of_16,,Jordan,Portugal,0.006,,,,0.1378296385886905,0.8621703614113094,6.0
96,round_of_16,,Switzerland,Ecuador,0.006,,,,0.4776122461974653,0.5223877538025347,6.0
96,round_of_16,,Switzerland,Ghana,0.006,,,,0.8861887096362119,0.1138112903637881,6.0
96,round_of_16,,Switzerland,Norway,0.006,,,,0.4480326797564617,0.5519673202435382,6.0
96,round_of_16,,Switzerland,Senegal,0.006,,,,0.6061276699381871,0.3938723300618129,6.0
96,round_of_16,,Algeria,DR Congo,0.005,,,,0.7192109813986277,0.2807890186013723,5.0
96,round_of_16,,Algeria,France,0.005,,,,0.2699058800821016,0.7300941199178983,5.0
96,round_of_16,,Austria,Norway,0.005,,,,0.4221852663057652,0.5778147336942348,5.0
96,round_of_16,,Bosnia and Herzegovina,Portugal,0.005,,,,0.1011857988092974,0.8988142011907025,5.0
96,round_of_16,,Canada,Ghana,0.005,,,,0.8447952181978354,0.1552047818021645,5.0
96,round_of_16,,Canada,Norway,0.005,,,,0.3566366966904328,0.6433633033095671,5.0
96,round_of_16,,Canada,Senegal,0.005,,,,0.5159130699194059,0.4840869300805941,5.0
96,round_of_16,,Egypt,France,0.005,,,,0.1681989611573897,0.8318010388426103,5.0
96,round_of_16,,Egypt,Senegal,0.005,,,,0.3746159974649267,0.6253840025350733,5.0
96,round_of_16,,New Zealand,Colombia,0.005,,,,0.1073880390528995,0.8926119609471004,5.0
96,round_of_16,,Algeria,Panama,0.004,,,,0.7053502934453136,0.2946497065546863,4.0
96,round_of_16,,Algeria,Uzbekistan,0.004,,,,0.6606482854145738,0.3393517145854262,4.0
96,round_of_16,,Argentina,England,0.004,,,,0.6618812940478123,0.3381187059521877,4.0
96,round_of_16,,Argentina,France,0.004,,,,0.6107606907169963,0.3892393092830036,4.0
96,round_of_16,,Argentina,Panama,0.004,,,,0.9179693418418944,0.0820306581581056,4.0
96,round_of_16,,Austria,England,0.004,,,,0.3451993205605669,0.6548006794394331,4.0
96,round_of_16,,Belgium,France,0.004,,,,0.3846263942195529,0.6153736057804471,4.0
96,round_of_16,,Bosnia and Herzegovina,Colombia,0.004,,,,0.1090238210320448,0.8909761789679551,4.0
96,round_of_16,,Bosnia and Herzegovina,Croatia,0.004,,,,0.1653591445188857,0.8346408554811142,4.0
96,round_of_16,,Canada,France,0.004,,,,0.2474322943404765,0.7525677056595235,4.0
96,round_of_16,,Canada,Iraq,0.004,,,,0.7725784110648802,0.2274215889351197,4.0
96,round_of_16,,Ecuador,DR Congo,0.004,,,,0.795794776925537,0.2042052230744629,4.0
96,round_of_16,,Egypt,Croatia,0.004,,,,0.3086964845727033,0.6913035154272966,4.0
96,round_of_16,,Egypt,England,0.004,,,,0.1889482441049285,0.8110517558950714,4.0
96,round_of_16,,Egypt,Ivory Coast,0.004,,,,0.4104163696022489,0.5895836303977511,4.0
96,round_of_16,,Egypt,Panama,0.004,,,,0.5602566915378668,0.4397433084621331,4.0
96,round_of_16,,Egypt,Uzbekistan,0.004,,,,0.5124150160174026,0.4875849839825974,4.0
96,round_of_16,,Germany,Portugal,0.004,,,,0.485010101452174,0.5149898985478261,4.0
96,round_of_16,,Iran,Croatia,0.004,,,,0.436982198459836,0.563017801540164,4.0
96,round_of_16,,Iran,Ecuador,0.004,,,,0.3755128932784797,0.6244871067215203,4.0
96,round_of_16,,Iran,Norway,0.004,,,,0.3558919457320177,0.6441080542679822,4.0
96,round_of_16,,Senegal,Portugal,0.004,,,,0.3039822218087367,0.6960177781912633,4.0
96,round_of_16,,Algeria,Senegal,0.003,,,,0.525363795118678,0.4746362048813219,3.0
96,round_of_16,,Argentina,DR Congo,0.003,,,,0.914250279512158,0.0857497204878421,3.0
96,round_of_16,,Argentina,Norway,0.003,,,,0.7317936752130743,0.2682063247869257,3.0
96,round_of_16,,Austria,Panama,0.003,,,,0.7513685056254727,0.2486314943745272,3.0
96,round_of_16,,Austria,Uzbekistan,0.003,,,,0.7098433395492978,0.2901566604507022,3.0
96,round_of_16,,Belgium,Ecuador,0.003,,,,0.5344224816329036,0.4655775183670964,3.0
96,round_of_16,,Belgium,Panama,0.003,,,,0.8157473840756838,0.1842526159243162,3.0
96,round_of_16,,Bosnia and Herzegovina,England,0.003,,,,0.0914970934984714,0.9085029065015284,3.0
96,round_of_16,,Egypt,Ghana,0.003,,,,0.7607606264331823,0.2392393735668176,3.0
96,round_of_16,,Iran,Senegal,0.003,,,,0.5104082490920163,0.4895917509079837,3.0
96,round_of_16,,Jordan,Colombia,0.003,,,,0.1455463179881701,0.8544536820118298,3.0
96,round_of_16,,New Zealand,Norway,0.003,,,,0.1141822187132926,0.8858177812867073,3.0
96,round_of_16,,Switzerland,Germany,0.003,,,,0.4108304576041678,0.5891695423958321,3.0
96,round_of_16,,Algeria,England,0.002,,,,0.2998701255144568,0.7001298744855432,2.0
96,round_of_16,,Algeria,Germany,0.002,,,,0.3414294034586995,0.6585705965413005,2.0
96,round_of_16,,Argentina,Senegal,0.002,,,,0.8321771190365232,0.1678228809634767,2.0
96,round_of_16,,Austria,Germany,0.002,,,,0.3873293683280954,0.6126706316719046,2.0
96,round_of_16,,Austria,Ghana,0.002,,,,0.8822763274322056,0.1177236725677943,2.0
96,round_of_16,,Austria,Senegal,0.002,,,,0.5794970500976685,0.4205029499023315,2.0
96,round_of_16,,Belgium,Argentina,0.002,,,,0.2781486490926366,0.7218513509073634,2.0
96,round_of_16,,Belgium,Uzbekistan,0.002,,,,0.7795862041092452,0.2204137958907548,2.0
96,round_of_16,,Bosnia and Herzegovina,France,0.002,,,,0.0830694035127487,0.9169305964872512,2.0
96,round_of_16,,Bosnia and Herzegovina,Norway,0.002,,,,0.1178909228744288,0.8821090771255712,2.0
96,round_of_16,,Bosnia and Herzegovina,Panama,0.002,,,,0.3569537902224307,0.6430462097775693,2.0
96,round_of_16,,Canada,Austria,0.002,,,,0.4347079918089278,0.5652920081910722,2.0
96,round_of_16,,Canada,Ecuador,0.002,,,,0.3793956031288654,0.6206043968711346,2.0
96,round_of_16,,Canada,Germany,0.002,,,,0.3218047381410323,0.6781952618589677,2.0
96,round_of_16,,Ecuador,Colombia,0.002,,,,0.4245865170622711,0.5754134829377289,2.0
96,round_of_16,,France,Colombia,0.002,,,,0.585648093022735,0.414351906977265,2.0
96,round_of_16,,France,Portugal,0.002,,,,0.5794201625705282,0.4205798374294718,2.0
96,round_of_16,,Germany,DR Congo,0.002,,,,0.8264290227235278,0.1735709772764722,2.0
96,round_of_16,,Iran,England,0.002,,,,0.285967349183878,0.7140326508161219,2.0
96,round_of_16,,Iran,France,0.002,,,,0.2538009954965965,0.7461990045034035,2.0
96,round_of_16,,Iran,Ghana,0.002,,,,0.8492312772786211,0.1507687227213788,2.0
96,round_of_16,,Iran,Panama,0.002,,,,0.6934644147447268,0.3065355852552732,2.0
96,round_of_16,,Ivory Coast,Portugal,0.002,,,,0.2756796950449742,0.7243203049550258,2.0
96,round_of_16,,Jordan,Croatia,0.002,,,,0.2205545001461201,0.7794454998538799,2.0
96,round_of_16,,Jordan,England,0.002,,,,0.125871113484275,0.874128886515725,2.0
96,round_of_16,,Qatar,France,0.002,,,,0.0429366070394999,0.9570633929605,2.0
96,round_of_16,,Switzerland,United States,0.002,,,,0.6772735548785875,0.3227264451214124,2.0
96,round_of_16,,Algeria,Ghana,0.001,,,,0.85784966460087,0.14215033539913,1.0
96,round_of_16,,Algeria,Iraq,0.001,,,,0.7828639435221854,0.2171360564778146,1.0
96,round_of_16,,Algeria,Turkey,0.001,,,,0.4337924798154441,0.5662075201845559,1.0
96,round_of_16,,Argentina,Germany,0.001,,,,0.7003174598592825,0.2996825401407175,1.0
96,round_of_16,,Argentina,Ghana,0.001,,,,0.9626990782118452,0.0373009217881548,1.0
96,round_of_16,,Argentina,Ivory Coast,0.001,,,,0.8496474577869033,0.1503525422130966,1.0
96,round_of_16,,Austria,Ecuador,0.001,,,,0.4420649992270211,0.5579350007729789,1.0
96,round_of_16,,Austria,Iraq,0.001,,,,0.8181388814471112,0.1818611185528887,1.0
96,round_of_16,,Austria,Ivory Coast,0.001,,,,0.6147310869253375,0.3852689130746625,1.0
96,round_of_16,,Belgium,Algeria,0.001,,,,0.6387569862945527,0.3612430137054473,1.0
96,round_of_16,,Belgium,Australia,0.001,,,,0.6983859009924355,0.3016140990075645,1.0
96,round_of_16,,Belgium,Austria,0.001,,,,0.5899366680037154,0.4100633319962846,1.0
96,round_of_16,,Belgium,Norway,0.001,,,,0.5127254974137487,0.4872745025862512,1.0
96,round_of_16,,Belgium,Paraguay,0.001,,,,0.7080220416134282,0.2919779583865718,1.0
96,round_of_16,,Belgium,Senegal,0.001,,,,0.6636305228163247,0.3363694771836752,1.0
96,round_of_16,,Bosnia and Herzegovina,Argentina,0.001,,,,0.0495381425063441,0.950461857493656,1.0
96,round_of_16,,Bosnia and Herzegovina,DR Congo,0.001,,,,0.3795504579085532,0.6204495420914469,1.0
96,round_of_16,,Bosnia and Herzegovina,Ghana,0.001,,,,0.5815922077054336,0.4184077922945663,1.0
96,round_of_16,,Bosnia and Herzegovina,Ivory Coast,0.001,,,,0.2298519582999668,0.7701480417000331,1.0
96,round_of_16,,Bosnia and Herzegovina,United States,0.001,,,,0.2595973744524333,0.7404026255475666,1.0
96,round_of_16,,Canada,Algeria,0.001,,,,0.4918490026920347,0.5081509973079653,1.0
96,round_of_16,,Canada,Argentina,0.001,,,,0.1721098114797416,0.8278901885202583,1.0
96,round_of_16,,Canada,Ivory Coast,0.001,,,,0.553065185807596,0.446934814192404,1.0
96,round_of_16,,Canada,Turkey,0.001,,,,0.4167799588967168,0.5832200411032832,1.0
96,round_of_16,,Ecuador,Croatia,0.001,,,,0.5582287322779795,0.4417712677220204,1.0
96,round_of_16,,Ecuador,Iraq,0.001,,,,0.8413988380271451,0.1586011619728549,1.0
96,round_of_16,,Ecuador,Panama,0.001,,,,0.7820866597445825,0.2179133402554175,1.0
96,round_of_16,,Ecuador,Portugal,0.001,,,,0.4228384700129488,0.5771615299870512,1.0
96,round_of_16,,Egypt,Austria,0.001,,,,0.3025124326239521,0.6974875673760479,1.0
96,round_of_16,,Egypt,Ecuador,0.001,,,,0.2590526745243779,0.740947325475622,1.0
96,round_of_16,,France,Croatia,0.001,,,,0.7065324405243061,0.2934675594756939,1.0
96,round_of_16,,France,England,0.001,,,,0.5540713528559442,0.4459286471440558,1.0
96,round_of_16,,France,Ghana,0.001,,,,0.9354751932053788,0.0645248067946211,1.0
96,round_of_16,,France,Panama,0.001,,,,0.8702657848990416,0.1297342151009584,1.0
96,round_of_16,,Germany,Colombia,0.001,,,,0.4912021157331433,0.5087978842668567,1.0
96,round_of_16,,Germany,Croatia,0.001,,,,0.6236810539888517,0.3763189460111483,1.0
96,round_of_16,,Iran,Austria,0.001,,,,0.4303648741559081,0.5696351258440919,1.0
96,round_of_16,,Iran,Germany,0.001,,,,0.3245690966976117,0.6754309033023882,1.0
96,round_of_16,,Iran,Iraq,0.001,,,,0.7726503280669561,0.2273496719330439,1.0
96,round_of_16,,Iran,Ivory Coast,0.001,,,,0.5473140012943621,0.4526859987056378,1.0
96,round_of_16,,Iran,Paraguay,0.001,,,,0.5546152586425571,0.4453847413574429,1.0
96,round_of_16,,Iraq,Croatia,0.001,,,,0.1902104350863055,0.8097895649136945,1.0
96,round_of_16,,Iraq,Ghana,0.001,,,,0.6201578884349493,0.3798421115650506,1.0
96,round_of_16,,Iraq,Uzbekistan,0.001,,,,0.3514052032365429,0.6485947967634571,1.0
96,round_of_16,,Ivory Coast,DR Congo,0.001,,,,0.6669676594894848,0.3330323405105152,1.0
96,round_of_16,,Jordan,Australia,0.001,,,,0.3049716138380399,0.69502838616196,1.0
96,round_of_16,,Jordan,France,0.001,,,,0.1101177474673073,0.8898822525326927,1.0
96,round_of_16,,Jordan,Germany,0.001,,,,0.1453286383104169,0.854671361689583,1.0
96,round_of_16,,Jordan,Uzbekistan,0.001,,,,0.4027301383430572,0.5972698616569427,1.0
96,round_of_16,,Netherlands,Norway,0.001,,,,0.510095646210057,0.489904353789943,1.0
96,round_of_16,,Netherlands,Panama,0.001,,,,0.8125821579391859,0.1874178420608141,1.0
96,round_of_16,,New Zealand,Curaçao,0.001,,,,0.6195428332372924,0.3804571667627076,1.0
96,round_of_16,,New Zealand,DR Congo,0.001,,,,0.3679844467824125,0.6320155532175875,1.0
96,round_of_16,,New Zealand,Ecuador,0.001,,,,0.1366513941533725,0.8633486058466275,1.0
96,round_of_16,,New Zealand,England,0.001,,,,0.088718518272794,0.911281481727206,1.0
96,round_of_16,,New Zealand,Ivory Coast,0.001,,,,0.2214131550976139,0.778586844902386,1.0
96,round_of_16,,New Zealand,Panama,0.001,,,,0.3481091227633327,0.6518908772366673,1.0
96,round_of_16,,New Zealand,Paraguay,0.001,,,,0.2403047917096749,0.7596952082903251,1.0
96,round_of_16,,New Zealand,Uzbekistan,0.001,,,,0.305581896764379,0.6944181032356209,1.0
96,round_of_16,,Norway,Colombia,0.001,,,,0.4538777403912886,0.5461222596087114,1.0
96,round_of_16,,Norway,Panama,0.001,,,,0.8082898382751892,0.1917101617248108,1.0
96,round_of_16,,Norway,Portugal,0.001,,,,0.4483148639751579,0.551685136024842,1.0
96,round_of_16,,Qatar,Colombia,0.001,,,,0.0559255209746661,0.9440744790253338,1.0
96,round_of_16,,Qatar,England,0.001,,,,0.0435749935157989,0.956425006484201,1.0
96,round_of_16,,Qatar,Portugal,0.001,,,,0.0487208590792646,0.9512791409207354,1.0
96,round_of_16,,Senegal,Panama,0.001,,,,0.6839875715614678,0.3160124284385321,1.0
96,round_of_16,,Senegal,Uzbekistan,0.001,,,,0.6381899683094091,0.3618100316905909,1.0
96,round_of_16,,Switzerland,Australia,0.001,,,,0.6428179157593198,0.3571820842406802,1.0
96,round_of_16,,Switzerland,Curaçao,0.001,,,,0.8872710895573296,0.1127289104426704,1.0
96,round_of_16,,Switzerland,Iraq,0.001,,,,0.8292986846159468,0.1707013153840532,1.0
96,round_of_16,,Switzerland,Ivory Coast,0.001,,,,0.6395505276314178,0.3604494723685821,1.0
96,round_of_16,,Switzerland,Paraguay,0.001,,,,0.6564350689489579,0.3435649310510421,1.0
96,round_of_16,,Switzerland,Turkey,0.001,,,,0.5153098801486097,0.4846901198513903,1.0
96,round_of_16,,Tunisia,DR Congo,0.001,,,,0.4697829419838445,0.5302170580161554,1.0
97,quarter_final,,Japan,Norway,0.045,,,,0.5246495687130787,0.4753504312869213,45.0
97,quarter_final,,Japan,France,0.039,,,,0.3933510950895046,0.6066489049104953,39.0
97,quarter_final,,Japan,Germany,0.033,,,,0.4861711572160956,0.5138288427839044,33.0
97,quarter_final,,Brazil,France,0.026,,,,0.4407877680526487,0.5592122319473514,26.0
97,quarter_final,,Netherlands,Germany,0.024,,,,0.4730274928114564,0.5269725071885436,24.0
97,quarter_final,,Brazil,Germany,0.018,,,,0.5353726050490967,0.4646273949509033,18.0
97,quarter_final,,Japan,Netherlands,0.017,,,,0.512644397730344,0.487355602269656,17.0
97,quarter_final,,Netherlands,Norway,0.017,,,,0.510095646210057,0.489904353789943,17.0
97,quarter_final,,Netherlands,Brazil,0.016,,,,0.437539340225054,0.562460659774946,16.0
97,quarter_final,,Canada,Norway,0.015,,,,0.3566366966904328,0.6433633033095671,15.0
97,quarter_final,,Japan,Ivory Coast,0.015,,,,0.7055010838407301,0.2944989161592699,15.0
97,quarter_final,,Japan,Paraguay,0.014,,,,0.7132950006137351,0.2867049993862649,14.0
97,quarter_final,,Canada,France,0.013,,,,0.2474322943404765,0.7525677056595235,13.0
97,quarter_final,,Japan,Senegal,0.013,,,,0.6747895709169123,0.3252104290830877,13.0
97,quarter_final,,Netherlands,France,0.013,,,,0.3809930049521787,0.6190069950478213,13.0
97,quarter_final,,Switzerland,Germany,0.013,,,,0.4108304576041678,0.5891695423958321,13.0
97,quarter_final,,Brazil,Ecuador,0.012,,,,0.6024833024325894,0.3975166975674106,12.0
97,quarter_final,,Brazil,Norway,0.012,,,,0.5714297284760221,0.4285702715239778,12.0
97,quarter_final,,Canada,Germany,0.012,,,,0.3218047381410323,0.6781952618589677,12.0
97,quarter_final,,Morocco,Norway,0.012,,,,0.528006506318092,0.471993493681908,12.0
97,quarter_final,,Switzerland,Norway,0.012,,,,0.4480326797564617,0.5519673202435382,12.0
97,quarter_final,,Japan,Brazil,0.011,,,,0.4483861180810333,0.5516138819189667,11.0
97,quarter_final,,Japan,Ecuador,0.011,,,,0.5420504473564209,0.457949552643579,11.0
97,quarter_final,,Japan,Turkey,0.011,,,,0.5872715900237254,0.4127284099762746,11.0
97,quarter_final,,Mexico,France,0.011,,,,0.3084464873219043,0.6915535126780957,11.0
97,quarter_final,,Netherlands,Japan,0.011,,,,0.4873556022696559,0.5126443977303441,11.0
97,quarter_final,,Switzerland,Senegal,0.011,,,,0.6061276699381871,0.3938723300618129,11.0
97,quarter_final,,Brazil,Senegal,0.01,,,,0.7095766436745493,0.2904233563254507,10.0
97,quarter_final,,Morocco,France,0.01,,,,0.3954679199482592,0.6045320800517408,10.0
97,quarter_final,,Mexico,Norway,0.009,,,,0.4324756136515216,0.5675243863484783,9.0
97,quarter_final,,Brazil,Netherlands,0.008,,,,0.5624606597749459,0.4375393402250541,8.0
97,quarter_final,,Japan,United States,0.008,,,,0.7372695151814772,0.2627304848185228,8.0
97,quarter_final,,Mexico,Germany,0.008,,,,0.3941529858799128,0.6058470141200871,8.0
97,quarter_final,,Mexico,Ivory Coast,0.008,,,,0.627255950463805,0.372744049536195,8.0
97,quarter_final,,Mexico,Senegal,0.008,,,,0.5926312427591951,0.4073687572408049,8.0
97,quarter_final,,Morocco,Brazil,0.008,,,,0.4480406387598044,0.5519593612401956,8.0
97,quarter_final,,Morocco,Ecuador,0.008,,,,0.5363741666106292,0.4636258333893708,8.0
97,quarter_final,,Netherlands,Ecuador,0.008,,,,0.5363237113320423,0.4636762886679577,8.0
97,quarter_final,,Netherlands,Turkey,0.008,,,,0.5775856790475881,0.4224143209524119,8.0
97,quarter_final,,Switzerland,France,0.008,,,,0.3237743450262828,0.6762256549737171,8.0
97,quarter_final,,Brazil,Ivory Coast,0.007,,,,0.7358065793595521,0.2641934206404479,7.0
97,quarter_final,,Brazil,Japan,0.007,,,,0.5516138819189668,0.4483861180810332,7.0
97,quarter_final,,Czech Republic,France,0.007,,,,0.1941628285628286,0.8058371714371713,7.0
97,quarter_final,,Czech Republic,Norway,0.007,,,,0.2768549490442956,0.7231450509557044,7.0
97,quarter_final,,Morocco,Paraguay,0.007,,,,0.7074082103927866,0.2925917896072134,7.0
97,quarter_final,,Morocco,Senegal,0.007,,,,0.6779208481415323,0.3220791518584677,7.0
97,quarter_final,,South Korea,Norway,0.007,,,,0.2865369624829172,0.7134630375170827,7.0
97,quarter_final,,South Korea,Senegal,0.007,,,,0.4342408578281028,0.5657591421718973,7.0
97,quarter_final,,Brazil,Morocco,0.006,,,,0.5519593612401956,0.4480406387598044,6.0
97,quarter_final,,Japan,Tunisia,0.006,,,,0.8459683006469761,0.1540316993530238,6.0
97,quarter_final,,Mexico,Ecuador,0.006,,,,0.4572187229304162,0.5427812770695838,6.0
97,quarter_final,,Netherlands,Senegal,0.006,,,,0.6613275687533046,0.3386724312466954,6.0
97,quarter_final,,Switzerland,Brazil,0.006,,,,0.3774125268465481,0.6225874731534519,6.0
97,quarter_final,,Brazil,Scotland,0.005,,,,0.7760637891386419,0.223936210861358,5.0
97,quarter_final,,Japan,Australia,0.005,,,,0.7065477601620604,0.2934522398379395,5.0
97,quarter_final,,Mexico,Turkey,0.005,,,,0.4955856406229565,0.5044143593770435,5.0
97,quarter_final,,Morocco,Japan,0.005,,,,0.5021963570157761,0.4978036429842238,5.0
97,quarter_final,,Morocco,Netherlands,0.005,,,,0.513760308843874,0.486239691156126,5.0
97,quarter_final,,Netherlands,Paraguay,0.005,,,,0.7088803170415758,0.2911196829584241,5.0
97,quarter_final,,Switzerland,Australia,0.005,,,,0.6428179157593198,0.3571820842406802,5.0
97,quarter_final,,Switzerland,Ivory Coast,0.005,,,,0.6395505276314178,0.3604494723685821,5.0
97,quarter_final,,Switzerland,Japan,0.005,,,,0.4279781572864385,0.5720218427135615,5.0
97,quarter_final,,Bosnia and Herzegovina,Norway,0.004,,,,0.1178909228744288,0.8821090771255712,4.0
97,quarter_final,,Brazil,Turkey,0.004,,,,0.6369768505036153,0.3630231494963847,4.0
97,quarter_final,,Canada,Brazil,0.004,,,,0.2920277925586959,0.7079722074413042,4.0
97,quarter_final,,Canada,Ecuador,0.004,,,,0.3793956031288654,0.6206043968711346,4.0
97,quarter_final,,Canada,Morocco,0.004,,,,0.3410995195475897,0.6589004804524102,4.0
97,quarter_final,,Canada,Netherlands,0.004,,,,0.346201668773972,0.6537983312260279,4.0
97,quarter_final,,Canada,Senegal,0.004,,,,0.5159130699194059,0.4840869300805941,4.0
97,quarter_final,,Czech Republic,Germany,0.004,,,,0.2515390115472918,0.7484609884527081,4.0
97,quarter_final,,Czech Republic,Ivory Coast,0.004,,,,0.4588810863599392,0.5411189136400607,4.0
97,quarter_final,,Czech Republic,Senegal,0.004,,,,0.4219573620939752,0.5780426379060248,4.0
97,quarter_final,,Japan,Morocco,0.004,,,,0.4978036429842239,0.5021963570157761,4.0
97,quarter_final,,Mexico,Brazil,0.004,,,,0.3597791100828884,0.6402208899171116,4.0
97,quarter_final,,Mexico,Netherlands,0.004,,,,0.4210844149021625,0.5789155850978376,4.0
97,quarter_final,,Morocco,Ivory Coast,0.004,,,,0.7091765896785323,0.2908234103214677,4.0
97,quarter_final,,Morocco,United States,0.004,,,,0.7336030869978402,0.2663969130021598,4.0
97,quarter_final,,Scotland,France,0.004,,,,0.1862346855025403,0.8137653144974596,4.0
97,quarter_final,,South Korea,France,0.004,,,,0.1994731323073467,0.8005268676926532,4.0
97,quarter_final,,South Korea,Germany,0.004,,,,0.2593319455388161,0.7406680544611839,4.0
97,quarter_final,,Sweden,Ivory Coast,0.004,,,,0.3809784157532164,0.6190215842467837,4.0
97,quarter_final,,Switzerland,Netherlands,0.004,,,,0.4379554793516955,0.5620445206483045,4.0
97,quarter_final,,Brazil,Paraguay,0.003,,,,0.7591022593931958,0.2408977406068042,3.0
97,quarter_final,,Brazil,Uruguay,0.003,,,,0.7064214888210676,0.2935785111789324,3.0
97,quarter_final,,Canada,Japan,0.003,,,,0.3381469304123133,0.6618530695876867,3.0
97,quarter_final,,Czech Republic,Ecuador,0.003,,,,0.3026917518854796,0.6973082481145204,3.0
97,quarter_final,,Czech Republic,Paraguay,0.003,,,,0.4731002277021717,0.5268997722978283,3.0
97,quarter_final,,Haiti,France,0.003,,,,0.1086446968417221,0.8913553031582778,3.0
97,quarter_final,,Japan,Uruguay,0.003,,,,0.6538960303088069,0.346103969691193,3.0
97,quarter_final,,Mexico,Sweden,0.003,,,,0.7324190213579655,0.2675809786420344,3.0
97,quarter_final,,Mexico,United States,0.003,,,,0.658480436662992,0.3415195633370079,3.0
97,quarter_final,,Morocco,Germany,0.003,,,,0.4877891201963874,0.5122108798036126,3.0
97,quarter_final,,Morocco,Turkey,0.003,,,,0.5847501542460797,0.4152498457539203,3.0
97,quarter_final,,Netherlands,Australia,0.003,,,,0.6966910796786168,0.3033089203213832,3.0
97,quarter_final,,Netherlands,Ivory Coast,0.003,,,,0.6919872616499911,0.3080127383500088,3.0
97,quarter_final,,Netherlands,Morocco,0.003,,,,0.486239691156126,0.513760308843874,3.0
97,quarter_final,,Netherlands,Scotland,0.003,,,,0.7337839097208725,0.2662160902791275,3.0
97,quarter_final,,South Africa,Germany,0.003,,,,0.1225110599299257,0.8774889400700743,3.0
97,quarter_final,,South Korea,Brazil,0.003,,,,0.2374296309367304,0.7625703690632696,3.0
97,quarter_final,,South Korea,Ivory Coast,0.003,,,,0.471431108749665,0.528568891250335,3.0
97,quarter_final,,Switzerland,Ecuador,0.003,,,,0.4776122461974653,0.5223877538025347,3.0
97,quarter_final,,Switzerland,Scotland,0.003,,,,0.6813890864156779,0.3186109135843221,3.0
97,quarter_final,,Switzerland,United States,0.003,,,,0.6772735548785875,0.3227264451214124,3.0
97,quarter_final,,Tunisia,Brazil,0.003,,,,0.1409980760970398,0.8590019239029602,3.0
97,quarter_final,,Bosnia and Herzegovina,Ecuador,0.002,,,,0.1397853522247069,0.860214647775293,2.0
97,quarter_final,,Bosnia and Herzegovina,France,0.002,,,,0.0830694035127487,0.9169305964872512,2.0
97,quarter_final,,Bosnia and Herzegovina,Germany,0.002,,,,0.107292694251871,0.892707305748129,2.0
97,quarter_final,,Bosnia and Herzegovina,Ivory Coast,0.002,,,,0.2298519582999668,0.7701480417000331,2.0
97,quarter_final,,Bosnia and Herzegovina,Senegal,0.002,,,,0.2039201158824123,0.7960798841175877,2.0
97,quarter_final,,Brazil,Australia,0.002,,,,0.7434499165397411,0.2565500834602588,2.0
97,quarter_final,,Brazil,Sweden,0.002,,,,0.8300276354927923,0.1699723645072076,2.0
97,quarter_final,,Canada,Ivory Coast,0.002,,,,0.553065185807596,0.446934814192404,2.0
97,quarter_final,,Canada,Paraguay,0.002,,,,0.5585183832769228,0.4414816167230772,2.0
97,quarter_final,,Canada,Tunisia,0.002,,,,0.7350356886586796,0.2649643113413203,2.0
97,quarter_final,,Canada,United States,0.002,,,,0.5830115851825168,0.4169884148174831,2.0
97,quarter_final,,Czech Republic,Japan,0.002,,,,0.2587672250379477,0.7412327749620523,2.0
97,quarter_final,,Czech Republic,Morocco,0.002,,,,0.2571111124793669,0.742888887520633,2.0
97,quarter_final,,Czech Republic,Netherlands,0.002,,,,0.2709348998812847,0.7290651001187153,2.0
97,quarter_final,,Czech Republic,Turkey,0.002,,,,0.3379285548024881,0.6620714451975118,2.0
97,quarter_final,,Czech Republic,United States,0.002,,,,0.4982320446503616,0.5017679553496384,2.0
97,quarter_final,,Haiti,Ecuador,0.002,,,,0.1614072775582536,0.8385927224417463,2.0
97,quarter_final,,Haiti,Germany,0.002,,,,0.1327272504075624,0.8672727495924376,2.0
97,quarter_final,,Japan,Spain,0.002,,,,0.2916289970688298,0.7083710029311702,2.0
97,quarter_final,,Japan,Sweden,0.002,,,,0.800749018732548,0.199250981267452,2.0
97,quarter_final,,Mexico,Australia,0.002,,,,0.6267411545920293,0.3732588454079707,2.0
97,quarter_final,,Mexico,Belgium,0.002,,,,0.4212516378922856,0.5787483621077143,2.0
97,quarter_final,,Mexico,Haiti,0.002,,,,0.8193634422441213,0.1806365577558787,2.0
97,quarter_final,,Mexico,Scotland,0.002,,,,0.6642059010455593,0.3357940989544407,2.0
97,quarter_final,,Morocco,Scotland,0.002,,,,0.7403673709435363,0.2596326290564636,2.0
97,quarter_final,,Morocco,Tunisia,0.002,,,,0.8481707408290784,0.1518292591709216,2.0
97,quarter_final,,Netherlands,Belgium,0.002,,,,0.4977712722815451,0.502228727718455,2.0
97,quarter_final,,Netherlands,Egypt,0.002,,,,0.7650959132791839,0.234904086720816,2.0
97,quarter_final,,Netherlands,Iraq,0.002,,,,0.8619673658330235,0.1380326341669765,2.0
97,quarter_final,,Netherlands,United States,0.002,,,,0.730282380458644,0.269717619541356,2.0
97,quarter_final,,Scotland,Australia,0.002,,,,0.4584210883525852,0.5415789116474148,2.0
97,quarter_final,,Scotland,Germany,0.002,,,,0.2454527952957352,0.7545472047042647,2.0
97,quarter_final,,Scotland,Ivory Coast,0.002,,,,0.4589532277288759,0.5410467722711241,2.0
97,quarter_final,,Scotland,Japan,0.002,,,,0.2576873089993632,0.7423126910006368,2.0
97,quarter_final,,Scotland,Netherlands,0.002,,,,0.2662160902791275,0.7337839097208725,2.0
97,quarter_final,,Scotland,Paraguay,0.002,,,,0.471721075246503,0.5282789247534969,2.0
97,quarter_final,,Scotland,United States,0.002,,,,0.494130516396766,0.505869483603234,2.0
97,quarter_final,,South Africa,Tunisia,0.002,,,,0.4071710202239014,0.5928289797760986,2.0
97,quarter_final,,South Korea,Ecuador,0.002,,,,0.3107145529247744,0.6892854470752257,2.0
97,quarter_final,,South Korea,Morocco,0.002,,,,0.2681362775490328,0.7318637224509672,2.0
97,quarter_final,,South Korea,Paraguay,0.002,,,,0.4822144908048409,0.5177855091951591,2.0
97,quarter_final,,South Korea,Turkey,0.002,,,,0.3462050647819186,0.6537949352180814,2.0
97,quarter_final,,South Korea,United States,0.002,,,,0.5074700826091094,0.4925299173908906,2.0
97,quarter_final,,Sweden,Senegal,0.002,,,,0.3453250667422164,0.6546749332577836,2.0
97,quarter_final,,Switzerland,Paraguay,0.002,,,,0.6564350689489579,0.3435649310510421,2.0
97,quarter_final,,Switzerland,Turkey,0.002,,,,0.5153098801486097,0.4846901198513903,2.0
97,quarter_final,,Tunisia,Japan,0.002,,,,0.1540316993530237,0.8459683006469763,2.0
97,quarter_final,,Bosnia and Herzegovina,Netherlands,0.001,,,,0.1168917678398158,0.8831082321601842,1.0
97,quarter_final,,Brazil,Haiti,0.001,,,,0.8709359420093192,0.1290640579906807,1.0
97,quarter_final,,Brazil,Iraq,0.001,,,,0.8808740223310512,0.1191259776689488,1.0
97,quarter_final,,Brazil,Spain,0.001,,,,0.3281771112179441,0.6718228887820559,1.0
97,quarter_final,,Brazil,Tunisia,0.001,,,,0.8590019239029602,0.1409980760970398,1.0
97,quarter_final,,Brazil,United States,0.001,,,,0.7745677718488843,0.2254322281511157,1.0
97,quarter_final,,Canada,Iran,0.001,,,,0.5048183350717645,0.4951816649282354,1.0
97,quarter_final,,Canada,Spain,0.001,,,,0.1719194603627911,0.8280805396372088,1.0
97,quarter_final,,Canada,Sweden,0.001,,,,0.6648693277716335,0.3351306722283664,1.0
97,quarter_final,,Canada,Turkey,0.001,,,,0.4167799588967168,0.5832200411032832,1.0
97,quarter_final,,Czech Republic,Haiti,0.001,,,,0.7141093328244346,0.2858906671755654,1.0
97,quarter_final,,Czech Republic,Sweden,0.001,,,,0.5855527548092794,0.4144472451907206,1.0
97,quarter_final,,Haiti,Belgium,0.001,,,,0.1326381808924715,0.8673618191075285,1.0
97,quarter_final,,Haiti,Brazil,0.001,,,,0.1290640579906807,0.8709359420093192,1.0
97,quarter_final,,Haiti,Norway,0.001,,,,0.1395412944890827,0.8604587055109173,1.0
97,quarter_final,,Haiti,Senegal,0.001,,,,0.2238238008583199,0.7761761991416801,1.0
97,quarter_final,,Haiti,United States,0.001,,,,0.2917161302147268,0.7082838697852731,1.0
97,quarter_final,,Japan,Belgium,0.001,,,,0.5123756099891676,0.4876243900108323,1.0
97,quarter_final,,Japan,Iran,0.001,,,,0.6661406649230358,0.3338593350769642,1.0
97,quarter_final,,Japan,Iraq,0.001,,,,0.8701931595589858,0.1298068404410142,1.0
97,quarter_final,,Japan,Scotland,0.001,,,,0.7423126910006368,0.2576873089993632,1.0
97,quarter_final,,Mexico,Iran,0.001,,,,0.5824085718789145,0.4175914281210855,1.0
97,quarter_final,,Mexico,Japan,0.001,,,,0.4128499817424492,0.5871500182575509,1.0
97,quarter_final,,Mexico,Morocco,0.001,,,,0.4161589864298191,0.5838410135701808,1.0
97,quarter_final,,Mexico,Paraguay,0.001,,,,0.6361210937601647,0.3638789062398353,1.0
97,quarter_final,,Mexico,Tunisia,0.001,,,,0.7890449599582043,0.2109550400417956,1.0
97,quarter_final,,Morocco,Australia,0.001,,,,0.705862224098085,0.294137775901915,1.0
97,quarter_final,,Morocco,Egypt,0.001,,,,0.7770252652340729,0.2229747347659271,1.0
97,quarter_final,,Morocco,Spain,0.001,,,,0.2990811156155361,0.7009188843844639,1.0
97,quarter_final,,Morocco,Sweden,0.001,,,,0.7971543625719144,0.2028456374280856,1.0
97,quarter_final,,Morocco,Uruguay,0.001,,,,0.6477831169123855,0.3522168830876144,1.0
97,quarter_final,,Netherlands,Haiti,0.001,,,,0.8590886992398703,0.1409113007601297,1.0
97,quarter_final,,Netherlands,Spain,0.001,,,,0.2769160056538134,0.7230839943461866,1.0
97,quarter_final,,Qatar,Germany,0.001,,,,0.0522535632209644,0.9477464367790356,1.0
97,quarter_final,,Scotland,Brazil,0.001,,,,0.2239362108613581,0.7760637891386419,1.0
97,quarter_final,,Scotland,Ecuador,0.001,,,,0.3009756766906919,0.6990243233093081,1.0
97,quarter_final,,Scotland,Iraq,0.001,,,,0.7041316447438399,0.29586835525616,1.0
97,quarter_final,,Scotland,Morocco,0.001,,,,0.2596326290564636,0.7403673709435363,1.0
97,quarter_final,,Scotland,Norway,0.001,,,,0.2733325932484604,0.7266674067515395,1.0
97,quarter_final,,Scotland,Senegal,0.001,,,,0.4217031577395871,0.5782968422604129,1.0
97,quarter_final,,South Africa,Ecuador,0.001,,,,0.1465620816185829,0.8534379183814171,1.0
97,quarter_final,,South Africa,France,0.001,,,,0.0998694316447531,0.9001305683552469,1.0
97,quarter_final,,South Africa,Iran,0.001,,,,0.2028939770370459,0.7971060229629541,1.0
97,quarter_final,,South Africa,Ivory Coast,0.001,,,,0.2326623212085889,0.767337678791411,1.0
97,quarter_final,,South Africa,Norway,0.001,,,,0.1297912648683141,0.8702087351316858,1.0
97,quarter_final,,South Africa,Scotland,0.001,,,,0.2699783397298039,0.7300216602701961,1.0
97,quarter_final,,South Korea,Netherlands,0.001,,,,0.2795309609772625,0.7204690390227375,1.0
97,quarter_final,,South Korea,Spain,0.001,,,,0.1354091612217713,0.8645908387782287,1.0
97,quarter_final,,South Korea,Tunisia,0.001,,,,0.6714313420857986,0.3285686579142014,1.0
97,quarter_final,,Sweden,Germany,0.001,,,,0.186830916769121,0.8131690832308789,1.0
97,quarter_final,,Sweden,United States,0.001,,,,0.4126131764939414,0.5873868235060585,1.0
97,quarter_final,,Switzerland,Belgium,0.001,,,,0.4363829705831911,0.5636170294168089,1.0
97,quarter_final,,Switzerland,Czech Republic,0.001,,,,0.6761622320940431,0.3238377679059568,1.0
97,quarter_final,,Switzerland,Morocco,0.001,,,,0.4300237140296464,0.5699762859703537,1.0
97,quarter_final,,Switzerland,Spain,0.001,,,,0.228850792555893,0.771149207444107,1.0
97,quarter_final,,Switzerland,Sweden,0.001,,,,0.7495472439325397,0.2504527560674603,1.0
97,quarter_final,,Switzerland,Tunisia,0.001,,,,0.7989955173841072,0.2010044826158927,1.0
97,quarter_final,,Switzerland,Uruguay,0.001,,,,0.5928746928306345,0.4071253071693654,1.0
97,quarter_final,,Tunisia,France,0.001,,,,0.1172803258941564,0.8827196741058435,1.0
97,quarter_final,,Tunisia,Ivory Coast,0.001,,,,0.3040919508518825,0.6959080491481174,1.0
97,quarter_final,,Tunisia,Netherlands,0.001,,,,0.1635729590605608,0.8364270409394391,1.0
97,quarter_final,,Tunisia,Norway,0.001,,,,0.1662371475606789,0.8337628524393211,1.0
97,quarter_final,,Tunisia,Turkey,0.001,,,,0.2112232589502739,0.7887767410497261,1.0
98,quarter_final,,Spain,Belgium,0.103,,,,0.7182454436509673,0.2817545563490327,103.0
98,quarter_final,,Spain,Turkey,0.047,,,,0.7828964410964084,0.2171035589035915,47.0
98,quarter_final,,Argentina,Belgium,0.034,,,,0.7218513509073634,0.2781486490926366,34.0
98,quarter_final,,Spain,Australia,0.031,,,,0.8513761908679804,0.1486238091320195,31.0
98,quarter_final,,Spain,Iran,0.031,,,,0.8213065814224647,0.1786934185775353,31.0
98,quarter_final,,England,Belgium,0.02,,,,0.5691416756494234,0.4308583243505766,20.0
98,quarter_final,,Spain,Canada,0.018,,,,0.828080539637209,0.171919460362791,18.0
98,quarter_final,,Austria,Belgium,0.017,,,,0.4100633319962848,0.5899366680037152,17.0
98,quarter_final,,Colombia,Belgium,0.016,,,,0.5344286930586617,0.4655713069413383,16.0
98,quarter_final,,Spain,Mexico,0.016,,,,0.7811891287545916,0.2188108712454084,16.0
98,quarter_final,,Portugal,Belgium,0.015,,,,0.5393474172229327,0.4606525827770673,15.0
98,quarter_final,,Argentina,Turkey,0.014,,,,0.7793239649817802,0.2206760350182197,14.0
98,quarter_final,,Croatia,Belgium,0.014,,,,0.4014648716657207,0.5985351283342792,14.0
98,quarter_final,,Croatia,Turkey,0.014,,,,0.4789354811169507,0.5210645188830493,14.0
98,quarter_final,,Colombia,Turkey,0.013,,,,0.6117399641781387,0.3882600358218613,13.0
98,quarter_final,,Spain,Egypt,0.013,,,,0.8846266369712263,0.1153733630287736,13.0
98,quarter_final,,Spain,South Korea,0.012,,,,0.8645908387782288,0.1354091612217711,12.0
98,quarter_final,,Colombia,Iran,0.011,,,,0.6831136344493856,0.3168863655506144,11.0
98,quarter_final,,Portugal,Turkey,0.011,,,,0.6180711085183225,0.3819288914816775,11.0
98,quarter_final,,Spain,Argentina,0.011,,,,0.5035531580645625,0.4964468419354375,11.0
98,quarter_final,,Spain,Switzerland,0.011,,,,0.771149207444107,0.228850792555893,11.0
98,quarter_final,,Argentina,Australia,0.01,,,,0.8542403184402361,0.1457596815597639,10.0
98,quarter_final,,Argentina,Iran,0.01,,,,0.8278838502675747,0.1721161497324252,10.0
98,quarter_final,,England,Turkey,0.01,,,,0.6411921164341989,0.358807883565801,10.0
98,quarter_final,,Algeria,Turkey,0.009,,,,0.4337924798154441,0.5662075201845559,9.0
98,quarter_final,,Croatia,Iran,0.009,,,,0.5630178015401641,0.4369821984598359,9.0
98,quarter_final,,Spain,Germany,0.009,,,,0.7023280515478043,0.2976719484521957,9.0
98,quarter_final,,Algeria,Belgium,0.008,,,,0.3612430137054474,0.6387569862945526,8.0
98,quarter_final,,Argentina,Mexico,0.008,,,,0.7784543878331964,0.2215456121668035,8.0
98,quarter_final,,Austria,Turkey,0.008,,,,0.4871328929389659,0.5128671070610341,8.0
98,quarter_final,,England,Australia,0.008,,,,0.7511317573430816,0.2488682426569184,8.0
98,quarter_final,,Uruguay,Turkey,0.008,,,,0.4207252874029123,0.5792747125970876,8.0
98,quarter_final,,Argentina,Canada,0.007,,,,0.8278901885202584,0.1721098114797415,7.0
98,quarter_final,,Argentina,South Korea,0.007,,,,0.868607418059704,0.131392581940296,7.0
98,quarter_final,,Argentina,Switzerland,0.007,,,,0.7680508624885581,0.2319491375114418,7.0
98,quarter_final,,Portugal,Australia,0.007,,,,0.7301180802336537,0.2698819197663463,7.0
98,quarter_final,,Portugal,Iran,0.007,,,,0.688720680783012,0.311279319216988,7.0
98,quarter_final,,Spain,Paraguay,0.007,,,,0.8645872588252346,0.1354127411747654,7.0
98,quarter_final,,Spain,United States,0.007,,,,0.8765369173239683,0.1234630826760316,7.0
98,quarter_final,,Spain,Uruguay,0.007,,,,0.8287009959587011,0.1712990040412989,7.0
98,quarter_final,,Argentina,Austria,0.006,,,,0.7864841280025551,0.2135158719974449,6.0
98,quarter_final,,Argentina,Paraguay,0.006,,,,0.8608496575335528,0.1391503424664472,6.0
98,quarter_final,,Colombia,Paraguay,0.006,,,,0.7384398028517586,0.2615601971482414,6.0
98,quarter_final,,Colombia,Switzerland,0.006,,,,0.5970558281350283,0.4029441718649716,6.0
98,quarter_final,,England,Iran,0.006,,,,0.7140326508161219,0.2859673491838781,6.0
98,quarter_final,,Portugal,Switzerland,0.006,,,,0.6028500523301226,0.3971499476698774,6.0
98,quarter_final,,Spain,Austria,0.006,,,,0.7807367342059902,0.2192632657940098,6.0
98,quarter_final,,Spain,Czech Republic,0.006,,,,0.8692201840191465,0.1307798159808535,6.0
98,quarter_final,,Spain,Norway,0.006,,,,0.7287112517307578,0.2712887482692422,6.0
98,quarter_final,,Argentina,France,0.005,,,,0.6107606907169963,0.3892393092830036,5.0
98,quarter_final,,Austria,South Korea,0.005,,,,0.6435932330644591,0.3564067669355408,5.0
98,quarter_final,,Croatia,Mexico,0.005,,,,0.4831718330256183,0.5168281669743817,5.0
98,quarter_final,,England,Egypt,0.005,,,,0.8110517558950715,0.1889482441049285,5.0
98,quarter_final,,England,Switzerland,0.005,,,,0.6267452310770958,0.3732547689229042,5.0
98,quarter_final,,Portugal,Egypt,0.005,,,,0.7921714939203359,0.207828506079664,5.0
98,quarter_final,,Spain,Algeria,0.005,,,,0.8056489071290897,0.1943510928709103,5.0
98,quarter_final,,Spain,Senegal,0.005,,,,0.8242101720089834,0.1757898279910166,5.0
98,quarter_final,,Austria,Argentina,0.004,,,,0.2135158719974449,0.7864841280025551,4.0
98,quarter_final,,Austria,Iran,0.004,,,,0.5696351258440919,0.4303648741559081,4.0
98,quarter_final,,Colombia,Australia,0.004,,,,0.7244620689394538,0.2755379310605462,4.0
98,quarter_final,,Colombia,United States,0.004,,,,0.7557638562360998,0.2442361437639002,4.0
98,quarter_final,,Croatia,Australia,0.004,,,,0.6098057775668868,0.3901942224331132,4.0
98,quarter_final,,Croatia,Canada,0.004,,,,0.5626580930807404,0.4373419069192595,4.0
98,quarter_final,,England,Mexico,0.004,,,,0.6419520257080219,0.3580479742919781,4.0
98,quarter_final,,England,South Korea,0.004,,,,0.7727141742265236,0.2272858257734764,4.0
98,quarter_final,,Portugal,Mexico,0.004,,,,0.6188237817636906,0.3811762182363094,4.0
98,quarter_final,,Spain,Ecuador,0.004,,,,0.7517602296398016,0.2482397703601984,4.0
98,quarter_final,,Spain,France,0.004,,,,0.6173595200785099,0.3826404799214901,4.0
98,quarter_final,,Uruguay,Australia,0.004,,,,0.55736304236888,0.44263695763112,4.0
98,quarter_final,,Uruguay,Iran,0.004,,,,0.5125913678104413,0.4874086321895586,4.0
98,quarter_final,,Algeria,Argentina,0.003,,,,0.1841750296741359,0.815824970325864,3.0
98,quarter_final,,Algeria,Mexico,0.003,,,,0.4311786361572813,0.5688213638427186,3.0
98,quarter_final,,Algeria,United States,0.003,,,,0.5954858629347775,0.4045141370652225,3.0
98,quarter_final,,Argentina,Algeria,0.003,,,,0.8158249703258641,0.1841750296741359,3.0
98,quarter_final,,Argentina,Czech Republic,0.003,,,,0.8743089038176123,0.1256910961823877,3.0
98,quarter_final,,Argentina,Egypt,0.003,,,,0.8906326186807448,0.1093673813192551,3.0
98,quarter_final,,Argentina,Norway,0.003,,,,0.7317936752130743,0.2682063247869257,3.0
98,quarter_final,,Austria,Czech Republic,0.003,,,,0.6549213749976928,0.3450786250023072,3.0
98,quarter_final,,Austria,Ecuador,0.003,,,,0.4420649992270211,0.5579350007729789,3.0
98,quarter_final,,Austria,Paraguay,0.003,,,,0.623269426216728,0.376730573783272,3.0
98,quarter_final,,Colombia,Argentina,0.003,,,,0.3110715919399893,0.6889284080600107,3.0
98,quarter_final,,Colombia,Austria,0.003,,,,0.6220805225295928,0.3779194774704072,3.0
98,quarter_final,,Colombia,Czech Republic,0.003,,,,0.7519287412624398,0.2480712587375602,3.0
98,quarter_final,,Colombia,Egypt,0.003,,,,0.7861928428161038,0.2138071571838962,3.0
98,quarter_final,,Croatia,United States,0.003,,,,0.6445089755105657,0.3554910244894342,3.0
98,quarter_final,,DR Congo,Australia,0.003,,,,0.3310218561337722,0.6689781438662278,3.0
98,quarter_final,,England,Canada,0.003,,,,0.7114797762131378,0.2885202237868621,3.0
98,quarter_final,,Uruguay,Paraguay,0.003,,,,0.5657301741536378,0.4342698258463622,3.0
98,quarter_final,,Algeria,Iran,0.002,,,,0.5150600730675774,0.4849399269324226,2.0
98,quarter_final,,Algeria,New Zealand,0.002,,,,0.820075057709727,0.179924942290273,2.0
98,quarter_final,,Algeria,Switzerland,0.002,,,,0.4185674417815057,0.5814325582184943,2.0
98,quarter_final,,Argentina,Ecuador,0.002,,,,0.7453048184282423,0.2546951815717577,2.0
98,quarter_final,,Argentina,Iraq,0.002,,,,0.939382239243078,0.0606177607569219,2.0
98,quarter_final,,Argentina,Spain,0.002,,,,0.4964468419354376,0.5035531580645624,2.0
98,quarter_final,,Argentina,United States,0.002,,,,0.8749819874883821,0.1250180125116179,2.0
98,quarter_final,,Argentina,Uruguay,0.002,,,,0.8241127092032234,0.1758872907967765,2.0
98,quarter_final,,Austria,Bosnia and Herzegovina,0.002,,,,0.8443346632746992,0.1556653367253008,2.0
98,quarter_final,,Austria,Canada,0.002,,,,0.5652920081910722,0.4347079918089278,2.0
98,quarter_final,,Austria,Egypt,0.002,,,,0.6974875673760478,0.3025124326239522,2.0
98,quarter_final,,Austria,Mexico,0.002,,,,0.4865533286491472,0.5134466713508528,2.0
98,quarter_final,,Austria,Switzerland,0.002,,,,0.4714359490515653,0.5285640509484347,2.0
98,quarter_final,,Colombia,France,0.002,,,,0.4143519069772649,0.585648093022735,2.0
98,quarter_final,,Colombia,Mexico,0.002,,,,0.6150869939421336,0.3849130060578664,2.0
98,quarter_final,,Colombia,Norway,0.002,,,,0.5461222596087114,0.4538777403912886,2.0
98,quarter_final,,Colombia,South Africa,0.002,,,,0.8761740209883474,0.1238259790116526,2.0
98,quarter_final,,Colombia,South Korea,0.002,,,,0.7451785481319761,0.2548214518680238,2.0
98,quarter_final,,Croatia,Algeria,0.002,,,,0.5481034781848396,0.4518965218151604,2.0
98,quarter_final,,Croatia,Argentina,0.002,,,,0.2073512757624995,0.7926487242375004,2.0
98,quarter_final,,Croatia,France,0.002,,,,0.2934675594756938,0.7065324405243061,2.0
98,quarter_final,,Croatia,Netherlands,0.002,,,,0.4027796051939503,0.5972203948060497,2.0
98,quarter_final,,DR Congo,Belgium,0.002,,,,0.1825474565169272,0.8174525434830727,2.0
98,quarter_final,,DR Congo,Canada,0.002,,,,0.2888354632015931,0.711164536798407,2.0
98,quarter_final,,DR Congo,Turkey,0.002,,,,0.2353328724427911,0.7646671275572088,2.0
98,quarter_final,,England,Austria,0.002,,,,0.654800679439433,0.345199320560567,2.0
98,quarter_final,,England,Czech Republic,0.002,,,,0.7810097482374968,0.2189902517625032,2.0
98,quarter_final,,England,France,0.002,,,,0.4459286471440558,0.5540713528559442,2.0
98,quarter_final,,England,Paraguay,0.002,,,,0.758576775172086,0.241423224827914,2.0
98,quarter_final,,England,Spain,0.002,,,,0.3368196360653009,0.6631803639346991,2.0
98,quarter_final,,England,United States,0.002,,,,0.7791815663097176,0.2208184336902824,2.0
98,quarter_final,,Jordan,United States,0.002,,,,0.3368035086103262,0.6631964913896737,2.0
98,quarter_final,,Panama,Iran,0.002,,,,0.3065355852552733,0.6934644147447266,2.0
98,quarter_final,,Panama,South Korea,0.002,,,,0.3756302186876082,0.6243697813123918,2.0
98,quarter_final,,Panama,Turkey,0.002,,,,0.2414687362832144,0.7585312637167856,2.0
98,quarter_final,,Portugal,Algeria,0.002,,,,0.6723404820761971,0.3276595179238029,2.0
98,quarter_final,,Portugal,Argentina,0.002,,,,0.3122500876968886,0.6877499123031114,2.0
98,quarter_final,,Portugal,Austria,0.002,,,,0.6270449986351238,0.3729550013648762,2.0
98,quarter_final,,Portugal,Canada,0.002,,,,0.6901561567103641,0.3098438432896359,2.0
98,quarter_final,,Portugal,France,0.002,,,,0.4205798374294718,0.5794201625705282,2.0
98,quarter_final,,Portugal,Netherlands,0.002,,,,0.5417865470005169,0.4582134529994831,2.0
98,quarter_final,,Spain,Bosnia and Herzegovina,0.002,,,,0.9472274595216816,0.0527725404783184,2.0
98,quarter_final,,Spain,South Africa,0.002,,,,0.9322973865472496,0.0677026134527503,2.0
98,quarter_final,,Uruguay,Belgium,0.002,,,,0.3523636575246608,0.6476363424753392,2.0
98,quarter_final,,Uzbekistan,Australia,0.002,,,,0.3951842026030812,0.6048157973969188,2.0
98,quarter_final,,Uzbekistan,Belgium,0.002,,,,0.2204137958907549,0.7795862041092451,2.0
98,quarter_final,,Algeria,Australia,0.001,,,,0.560024261005394,0.4399757389946059,1.0
98,quarter_final,,Algeria,Canada,0.001,,,,0.5081509973079653,0.4918490026920347,1.0
98,quarter_final,,Algeria,Cape Verde,0.001,,,,0.833344168360066,0.166655831639934,1.0
98,quarter_final,,Algeria,Czech Republic,0.001,,,,0.6032754550642665,0.3967245449357335,1.0
98,quarter_final,,Algeria,Egypt,0.001,,,,0.6481023555122902,0.3518976444877097,1.0
98,quarter_final,,Algeria,Germany,0.001,,,,0.3414294034586995,0.6585705965413005,1.0
98,quarter_final,,Algeria,Paraguay,0.001,,,,0.5658442423563377,0.4341557576436623,1.0
98,quarter_final,,Algeria,Senegal,0.001,,,,0.525363795118678,0.4746362048813219,1.0
98,quarter_final,,Algeria,South Africa,0.001,,,,0.8089993885569154,0.1910006114430845,1.0
98,quarter_final,,Algeria,Spain,0.001,,,,0.1943510928709103,0.8056489071290898,1.0
98,quarter_final,,Argentina,Germany,0.001,,,,0.7003174598592825,0.2996825401407175,1.0
98,quarter_final,,Argentina,Ivory Coast,0.001,,,,0.8496474577869033,0.1503525422130966,1.0
98,quarter_final,,Argentina,Japan,0.001,,,,0.7111381711565289,0.2888618288434711,1.0
98,quarter_final,,Argentina,New Zealand,0.001,,,,0.951857817924029,0.0481421820759709,1.0
98,quarter_final,,Argentina,Senegal,0.001,,,,0.8321771190365232,0.1678228809634767,1.0
98,quarter_final,,Argentina,South Africa,0.001,,,,0.9416215443779492,0.0583784556220507,1.0
98,quarter_final,,Austria,Australia,0.001,,,,0.615097916521606,0.384902083478394,1.0
98,quarter_final,,Austria,France,0.001,,,,0.3062861638032493,0.6937138361967506,1.0
98,quarter_final,,Austria,Norway,0.001,,,,0.4221852663057652,0.5778147336942348,1.0
98,quarter_final,,Cape Verde,Argentina,0.001,,,,0.0465992374072691,0.9534007625927308,1.0
98,quarter_final,,Cape Verde,Australia,0.001,,,,0.2087306369588102,0.7912693630411898,1.0
98,quarter_final,,Cape Verde,Belgium,0.001,,,,0.1027639145778188,0.8972360854221811,1.0
98,quarter_final,,Cape Verde,United States,0.001,,,,0.2375643054659902,0.7624356945340098,1.0
98,quarter_final,,Colombia,Bosnia and Herzegovina,0.001,,,,0.8909761789679551,0.1090238210320448,1.0
98,quarter_final,,Colombia,Canada,0.001,,,,0.6860745397284117,0.3139254602715883,1.0
98,quarter_final,,Colombia,Germany,0.001,,,,0.5087978842668568,0.4912021157331432,1.0
98,quarter_final,,Croatia,Austria,0.001,,,,0.4933746390655308,0.5066253609344691,1.0
98,quarter_final,,Croatia,Ecuador,0.001,,,,0.4417712677220205,0.5582287322779795,1.0
98,quarter_final,,Croatia,Egypt,0.001,,,,0.6913035154272967,0.3086964845727032,1.0
98,quarter_final,,Croatia,Ivory Coast,0.001,,,,0.6079310882013075,0.3920689117986925,1.0
98,quarter_final,,Croatia,Norway,0.001,,,,0.4128047358841196,0.5871952641158804,1.0
98,quarter_final,,Croatia,Paraguay,0.001,,,,0.6227765794468613,0.3772234205531387,1.0
98,quarter_final,,Croatia,Qatar,0.001,,,,0.9162881765161632,0.0837118234838366,1.0
98,quarter_final,,Croatia,Spain,0.001,,,,0.2049359896332762,0.7950640103667238,1.0
98,quarter_final,,Croatia,Switzerland,0.001,,,,0.4637948066271847,0.5362051933728154,1.0
98,quarter_final,,DR Congo,France,0.001,,,,0.1359133895305718,0.8640866104694283,1.0
98,quarter_final,,DR Congo,Iran,0.001,,,,0.2924636251194967,0.7075363748805032,1.0
98,quarter_final,,DR Congo,South Korea,0.001,,,,0.3576358021465622,0.6423641978534378,1.0
98,quarter_final,,DR Congo,Switzerland,0.001,,,,0.2243293473113068,0.7756706526886932,1.0
98,quarter_final,,England,Algeria,0.001,,,,0.7001298744855432,0.2998701255144568,1.0
98,quarter_final,,England,Bosnia and Herzegovina,0.001,,,,0.9085029065015284,0.0914970934984714,1.0
98,quarter_final,,England,Netherlands,0.001,,,,0.5690929795342046,0.4309070204657954,1.0
98,quarter_final,,England,Norway,0.001,,,,0.580953812613425,0.4190461873865749,1.0
98,quarter_final,,England,Senegal,0.001,,,,0.7216349009056227,0.2783650990943773,1.0
98,quarter_final,,Ghana,Argentina,0.001,,,,0.0373009217881547,0.9626990782118452,1.0
98,quarter_final,,Ghana,Belgium,0.001,,,,0.0844745800289524,0.9155254199710476,1.0
98,quarter_final,,Jordan,Australia,0.001,,,,0.3049716138380399,0.69502838616196,1.0
98,quarter_final,,Panama,Argentina,0.001,,,,0.0820306581581056,0.9179693418418944,1.0
98,quarter_final,,Panama,Czech Republic,0.001,,,,0.3846466591721741,0.6153533408278258,1.0
98,quarter_final,,Panama,France,0.001,,,,0.1297342151009584,0.8702657848990416,1.0
98,quarter_final,,Portugal,Czech Republic,0.001,,,,0.7602373483076553,0.2397626516923446,1.0
98,quarter_final,,Portugal,Iraq,0.001,,,,0.8794976410906428,0.1205023589093572,1.0
98,quarter_final,,Portugal,New Zealand,0.001,,,,0.9012466264586696,0.0987533735413302,1.0
98,quarter_final,,Portugal,Norway,0.001,,,,0.5516851360248419,0.4483148639751581,1.0
98,quarter_final,,Portugal,Paraguay,0.001,,,,0.7422544023185602,0.2577455976814398,1.0
98,quarter_final,,Portugal,Qatar,0.001,,,,0.9512791409207354,0.0487208590792646,1.0
98,quarter_final,,Portugal,South Africa,0.001,,,,0.8851468810393439,0.114853118960656,1.0
98,quarter_final,,Portugal,South Korea,0.001,,,,0.7522205444331757,0.2477794555668243,1.0
98,quarter_final,,Portugal,United States,0.001,,,,0.7623577003004743,0.2376422996995256,1.0
98,quarter_final,,Saudi Arabia,Belgium,0.001,,,,0.1145236501336038,0.8854763498663962,1.0
98,quarter_final,,Spain,Curaçao,0.001,,,,0.9541689791391176,0.0458310208608824,1.0
98,quarter_final,,Spain,Japan,0.001,,,,0.7083710029311701,0.2916289970688299,1.0
98,quarter_final,,Spain,Jordan,0.001,,,,0.9295800154264982,0.0704199845735018,1.0
98,quarter_final,,Spain,Qatar,0.001,,,,0.9737009741773456,0.0262990258226543,1.0
98,quarter_final,,Uruguay,Algeria,0.001,,,,0.5008801530701448,0.4991198469298552,1.0
98,quarter_final,,Uruguay,Argentina,0.001,,,,0.1758872907967765,0.8241127092032234,1.0
98,quarter_final,,Uruguay,Czech Republic,0.001,,,,0.5929859172078394,0.4070140827921605,1.0
98,quarter_final,,Uruguay,Egypt,0.001,,,,0.6463146430045941,0.3536853569954059,1.0
98,quarter_final,,Uruguay,Mexico,0.001,,,,0.428061509003505,0.5719384909964951,1.0
98,quarter_final,,Uruguay,Senegal,0.001,,,,0.5239851496475635,0.4760148503524365,1.0
98,quarter_final,,Uruguay,South Africa,0.001,,,,0.79319767619872,0.20680232380128,1.0
98,quarter_final,,Uruguay,South Korea,0.001,,,,0.584012220847386,0.415987779152614,1.0
98,quarter_final,,Uruguay,Switzerland,0.001,,,,0.4071253071693655,0.5928746928306345,1.0
98,quarter_final,,Uruguay,United States,0.001,,,,0.5869668539491086,0.4130331460508913,1.0
98,quarter_final,,Uzbekistan,Austria,0.001,,,,0.2901566604507021,0.7098433395492978,1.0
98,quarter_final,,Uzbekistan,Canada,0.001,,,,0.3486505950861563,0.6513494049138437,1.0
98,quarter_final,,Uzbekistan,Czech Republic,0.001,,,,0.4337566619277652,0.5662433380722347,1.0
98,quarter_final,,Uzbekistan,Iran,0.001,,,,0.3517046499458534,0.6482953500541466,1.0
98,quarter_final,,Uzbekistan,Mexico,0.001,,,,0.2818325355461956,0.7181674644538044,1.0
98,quarter_final,,Uzbekistan,Paraguay,0.001,,,,0.4050834419730248,0.5949165580269752,1.0
98,quarter_final,,Uzbekistan,Spain,0.001,,,,0.106095616895061,0.893904383104939,1.0
98,quarter_final,,Uzbekistan,Switzerland,0.001,,,,0.2684703768870931,0.7315296231129069,1.0
98,quarter_final,,Uzbekistan,United States,0.001,,,,0.4289108653363923,0.5710891346636077,1.0
99,quarter_final,,Morocco,England,0.06,,,,0.443249212169303,0.556750787830697,60.0
99,quarter_final,,Netherlands,England,0.038,,,,0.4309070204657954,0.5690929795342046,38.0
99,quarter_final,,France,England,0.03,,,,0.5540713528559442,0.4459286471440558,30.0
99,quarter_final,,Japan,England,0.029,,,,0.4421778161290071,0.5578221838709929,29.0
99,quarter_final,,Morocco,Mexico,0.028,,,,0.5838410135701808,0.4161589864298192,28.0
99,quarter_final,,Norway,England,0.027,,,,0.419046187386575,0.580953812613425,27.0
99,quarter_final,,Brazil,England,0.021,,,,0.4966597319088994,0.5033402680911006,21.0
99,quarter_final,,Morocco,Croatia,0.02,,,,0.6040625301714858,0.3959374698285142,20.0
99,quarter_final,,Germany,England,0.019,,,,0.4576450814743856,0.5423549185256143,19.0
99,quarter_final,,Senegal,England,0.019,,,,0.2783650990943773,0.7216349009056227,19.0
99,quarter_final,,Ecuador,England,0.017,,,,0.400678677491063,0.599321322508937,17.0
99,quarter_final,,Morocco,Colombia,0.014,,,,0.473285614882368,0.526714385117632,14.0
99,quarter_final,,Ivory Coast,England,0.013,,,,0.2510815621392887,0.7489184378607112,13.0
99,quarter_final,,Morocco,Czech Republic,0.013,,,,0.742888887520633,0.257111112479367,13.0
99,quarter_final,,Morocco,France,0.013,,,,0.3954679199482592,0.6045320800517408,13.0
99,quarter_final,,Morocco,Portugal,0.012,,,,0.4735608485262033,0.5264391514737967,12.0
99,quarter_final,,France,Mexico,0.011,,,,0.6915535126780956,0.3084464873219044,11.0
99,quarter_final,,Morocco,Ecuador,0.011,,,,0.5363741666106292,0.4636258333893708,11.0
99,quarter_final,,Morocco,Germany,0.011,,,,0.4877891201963874,0.5122108798036126,11.0
99,quarter_final,,France,Croatia,0.009,,,,0.7065324405243061,0.2934675594756939,9.0
99,quarter_final,,Morocco,Scotland,0.009,,,,0.7403673709435363,0.2596326290564636,9.0
99,quarter_final,,France,Czech Republic,0.008,,,,0.8058371714371713,0.1941628285628287,8.0
99,quarter_final,,Netherlands,Brazil,0.008,,,,0.437539340225054,0.562460659774946,8.0
99,quarter_final,,Netherlands,Ecuador,0.008,,,,0.5363237113320423,0.4636762886679577,8.0
99,quarter_final,,Netherlands,Portugal,0.008,,,,0.458213452999483,0.541786547000517,8.0
99,quarter_final,,Norway,Mexico,0.008,,,,0.5675243863484782,0.4324756136515217,8.0
99,quarter_final,,Brazil,Ecuador,0.007,,,,0.6024833024325894,0.3975166975674106,7.0
99,quarter_final,,Ecuador,Croatia,0.007,,,,0.5582287322779795,0.4417712677220204,7.0
99,quarter_final,,France,Colombia,0.007,,,,0.585648093022735,0.414351906977265,7.0
99,quarter_final,,France,Germany,0.007,,,,0.5935306957939386,0.4064693042060614,7.0
99,quarter_final,,Germany,Croatia,0.007,,,,0.6236810539888517,0.3763189460111483,7.0
99,quarter_final,,Germany,Mexico,0.007,,,,0.6058470141200872,0.3941529858799127,7.0
99,quarter_final,,Germany,Portugal,0.007,,,,0.485010101452174,0.5149898985478261,7.0
99,quarter_final,,Germany,South Korea,0.007,,,,0.7406680544611839,0.2593319455388161,7.0
99,quarter_final,,Ivory Coast,Colombia,0.007,,,,0.2813771310521523,0.7186228689478478,7.0
99,quarter_final,,Japan,Mexico,0.007,,,,0.5871500182575508,0.4128499817424492,7.0
99,quarter_final,,Morocco,Ivory Coast,0.007,,,,0.7091765896785323,0.2908234103214677,7.0
99,quarter_final,,Netherlands,Spain,0.007,,,,0.2769160056538134,0.7230839943461866,7.0
99,quarter_final,,Norway,France,0.007,,,,0.3732378416550563,0.6267621583449436,7.0
99,quarter_final,,Norway,Germany,0.007,,,,0.4636437527081015,0.5363562472918985,7.0
99,quarter_final,,Senegal,Mexico,0.007,,,,0.4073687572408049,0.5926312427591951,7.0
99,quarter_final,,Ecuador,Portugal,0.006,,,,0.4228384700129488,0.5771615299870512,6.0
99,quarter_final,,France,Brazil,0.006,,,,0.5592122319473513,0.4407877680526487,6.0
99,quarter_final,,France,Ecuador,0.006,,,,0.6564058120444652,0.3435941879555347,6.0
99,quarter_final,,Japan,Germany,0.006,,,,0.4861711572160956,0.5138288427839044,6.0
99,quarter_final,,Japan,Portugal,0.006,,,,0.4714136455466503,0.5285863544533498,6.0
99,quarter_final,,Japan,South Korea,0.006,,,,0.7313591690339342,0.2686408309660658,6.0
99,quarter_final,,Netherlands,Croatia,0.006,,,,0.5972203948060497,0.4027796051939503,6.0
99,quarter_final,,Netherlands,Mexico,0.006,,,,0.5789155850978375,0.4210844149021625,6.0
99,quarter_final,,Norway,Colombia,0.006,,,,0.4538777403912886,0.5461222596087114,6.0
99,quarter_final,,Norway,South Korea,0.006,,,,0.7134630375170826,0.2865369624829174,6.0
99,quarter_final,,Brazil,Czech Republic,0.005,,,,0.7684971143400879,0.231502885659912,5.0
99,quarter_final,,Ecuador,Germany,0.005,,,,0.4353533633058137,0.5646466366941862,5.0
99,quarter_final,,France,Norway,0.005,,,,0.6267621583449438,0.3732378416550562,5.0
99,quarter_final,,Germany,Colombia,0.005,,,,0.4912021157331433,0.5087978842668567,5.0
99,quarter_final,,Morocco,Norway,0.005,,,,0.528006506318092,0.471993493681908,5.0
99,quarter_final,,Morocco,Uzbekistan,0.005,,,,0.7864067786222636,0.2135932213777364,5.0
99,quarter_final,,Netherlands,Czech Republic,0.005,,,,0.7290651001187153,0.2709348998812847,5.0
99,quarter_final,,Netherlands,Germany,0.005,,,,0.4730274928114564,0.5269725071885436,5.0
99,quarter_final,,Netherlands,Ivory Coast,0.005,,,,0.6919872616499911,0.3080127383500088,5.0
99,quarter_final,,Netherlands,Norway,0.005,,,,0.510095646210057,0.489904353789943,5.0
99,quarter_final,,Norway,Croatia,0.005,,,,0.5871952641158803,0.4128047358841197,5.0
99,quarter_final,,Norway,Czech Republic,0.005,,,,0.7231450509557045,0.2768549490442955,5.0
99,quarter_final,,Senegal,Portugal,0.005,,,,0.3039822218087367,0.6960177781912633,5.0
99,quarter_final,,Brazil,Ivory Coast,0.004,,,,0.7358065793595521,0.2641934206404479,4.0
99,quarter_final,,Brazil,Portugal,0.004,,,,0.5213246863240992,0.4786753136759007,4.0
99,quarter_final,,Ecuador,Brazil,0.004,,,,0.3975166975674105,0.6024833024325895,4.0
99,quarter_final,,Ecuador,South Korea,0.004,,,,0.6892854470752258,0.3107145529247742,4.0
99,quarter_final,,France,DR Congo,0.004,,,,0.8640866104694283,0.1359133895305717,4.0
99,quarter_final,,France,Portugal,0.004,,,,0.5794201625705282,0.4205798374294718,4.0
99,quarter_final,,France,South Korea,0.004,,,,0.8005268676926532,0.1994731323073467,4.0
99,quarter_final,,Germany,Czech Republic,0.004,,,,0.7484609884527081,0.2515390115472918,4.0
99,quarter_final,,Germany,Uruguay,0.004,,,,0.6749120930638229,0.325087906936177,4.0
99,quarter_final,,Japan,Czech Republic,0.004,,,,0.7412327749620523,0.2587672250379477,4.0
99,quarter_final,,Morocco,Algeria,0.004,,,,0.6560955125204188,0.3439044874795812,4.0
99,quarter_final,,Morocco,South Korea,0.004,,,,0.7318637224509673,0.2681362775490327,4.0
99,quarter_final,,Morocco,Spain,0.004,,,,0.2990811156155361,0.7009188843844639,4.0
99,quarter_final,,Netherlands,France,0.004,,,,0.3809930049521787,0.6190069950478213,4.0
99,quarter_final,,Norway,Portugal,0.004,,,,0.4483148639751579,0.551685136024842,4.0
99,quarter_final,,Senegal,Brazil,0.004,,,,0.2904233563254506,0.7095766436745494,4.0
99,quarter_final,,Senegal,Croatia,0.004,,,,0.427046935227687,0.5729530647723129,4.0
99,quarter_final,,Senegal,Czech Republic,0.004,,,,0.5780426379060248,0.4219573620939751,4.0
99,quarter_final,,Senegal,Germany,0.004,,,,0.3172044562521056,0.6827955437478944,4.0
99,quarter_final,,Brazil,Germany,0.003,,,,0.5353726050490967,0.4646273949509033,3.0
99,quarter_final,,Brazil,Mexico,0.003,,,,0.6402208899171115,0.3597791100828885,3.0
99,quarter_final,,Ecuador,Colombia,0.003,,,,0.4245865170622711,0.5754134829377289,3.0
99,quarter_final,,Ecuador,France,0.003,,,,0.3435941879555346,0.6564058120444654,3.0
99,quarter_final,,France,Spain,0.003,,,,0.3826404799214902,0.6173595200785098,3.0
99,quarter_final,,Germany,Ecuador,0.003,,,,0.5646466366941861,0.4353533633058138,3.0
99,quarter_final,,Germany,South Africa,0.003,,,,0.8774889400700742,0.1225110599299258,3.0
99,quarter_final,,Ivory Coast,Brazil,0.003,,,,0.2641934206404477,0.7358065793595523,3.0
99,quarter_final,,Ivory Coast,Uzbekistan,0.003,,,,0.6025124037057146,0.3974875962942854,3.0
99,quarter_final,,Japan,Colombia,0.003,,,,0.4741872850252526,0.5258127149747474,3.0
99,quarter_final,,Japan,Morocco,0.003,,,,0.4978036429842239,0.5021963570157761,3.0
99,quarter_final,,Morocco,Argentina,0.003,,,,0.2932209290422395,0.7067790709577605,3.0
99,quarter_final,,Morocco,South Africa,0.003,,,,0.8886161790971362,0.1113838209028638,3.0
99,quarter_final,,Morocco,Uruguay,0.003,,,,0.6477831169123855,0.3522168830876144,3.0
99,quarter_final,,Netherlands,Argentina,0.003,,,,0.2776914938729104,0.7223085061270895,3.0
99,quarter_final,,Netherlands,South Korea,0.003,,,,0.7204690390227374,0.2795309609772626,3.0
99,quarter_final,,Norway,Uzbekistan,0.003,,,,0.7711398396111899,0.22886016038881,3.0
99,quarter_final,,Scotland,England,0.003,,,,0.2168872502473777,0.7831127497526222,3.0
99,quarter_final,,Senegal,South Africa,0.003,,,,0.7915799320220478,0.2084200679779522,3.0
99,quarter_final,,Senegal,Uruguay,0.003,,,,0.4760148503524365,0.5239851496475634,3.0
99,quarter_final,,Sweden,England,0.003,,,,0.1652890896114863,0.8347109103885136,3.0
99,quarter_final,,Brazil,Croatia,0.002,,,,0.6556028720371787,0.3443971279628213,2.0
99,quarter_final,,Brazil,DR Congo,0.002,,,,0.839350265827093,0.1606497341729069,2.0
99,quarter_final,,Brazil,Morocco,0.002,,,,0.5519593612401956,0.4480406387598044,2.0
99,quarter_final,,Brazil,Senegal,0.002,,,,0.7095766436745493,0.2904233563254507,2.0
99,quarter_final,,Brazil,South Africa,0.002,,,,0.88195771147183,0.11804228852817,2.0
99,quarter_final,,Curaçao,Portugal,0.002,,,,0.0764968918384566,0.9235031081615436,2.0
99,quarter_final,,Ecuador,DR Congo,0.002,,,,0.795794776925537,0.2042052230744629,2.0
99,quarter_final,,Ecuador,Mexico,0.002,,,,0.5427812770695837,0.4572187229304163,2.0
99,quarter_final,,Ecuador,Norway,0.002,,,,0.4764636975184217,0.5235363024815782,2.0
99,quarter_final,,France,Argentina,0.002,,,,0.3892393092830036,0.6107606907169965,2.0
99,quarter_final,,France,Panama,0.002,,,,0.8702657848990416,0.1297342151009584,2.0
99,quarter_final,,France,Senegal,0.002,,,,0.7514294309015894,0.2485705690984105,2.0
99,quarter_final,,Germany,Brazil,0.002,,,,0.4646273949509034,0.5353726050490966,2.0
99,quarter_final,,Germany,DR Congo,0.002,,,,0.8264290227235278,0.1735709772764722,2.0
99,quarter_final,,Germany,Spain,0.002,,,,0.2976719484521957,0.7023280515478043,2.0
99,quarter_final,,Iraq,England,0.002,,,,0.1086205401517688,0.8913794598482312,2.0
99,quarter_final,,Iraq,France,0.002,,,,0.0988555268364608,0.9011444731635392,2.0
99,quarter_final,,Ivory Coast,Croatia,0.002,,,,0.3920689117986926,0.6079310882013074,2.0
99,quarter_final,,Ivory Coast,South Korea,0.002,,,,0.528568891250335,0.471431108749665,2.0
99,quarter_final,,Ivory Coast,Spain,0.002,,,,0.1593502868009011,0.8406497131990989,2.0
99,quarter_final,,Japan,Croatia,0.002,,,,0.6065972768367605,0.3934027231632395,2.0
99,quarter_final,,Japan,Ecuador,0.002,,,,0.5420504473564209,0.457949552643579,2.0
99,quarter_final,,Japan,France,0.002,,,,0.3933510950895046,0.6066489049104953,2.0
99,quarter_final,,Japan,Ivory Coast,0.002,,,,0.7055010838407301,0.2944989161592699,2.0
99,quarter_final,,Japan,Norway,0.002,,,,0.5246495687130787,0.4753504312869213,2.0
99,quarter_final,,Morocco,Brazil,0.002,,,,0.4480406387598044,0.5519593612401956,2.0
99,quarter_final,,Morocco,DR Congo,0.002,,,,0.8285614606150901,0.1714385393849099,2.0
99,quarter_final,,Morocco,Panama,0.002,,,,0.8193918696317416,0.1806081303682584,2.0
99,quarter_final,,Morocco,Senegal,0.002,,,,0.6779208481415323,0.3220791518584677,2.0
99,quarter_final,,Netherlands,Colombia,0.002,,,,0.4637118496027702,0.5362881503972299,2.0
99,quarter_final,,Netherlands,Uzbekistan,0.002,,,,0.7769456344435017,0.2230543655564982,2.0
99,quarter_final,,Norway,Brazil,0.002,,,,0.4285702715239779,0.5714297284760221,2.0
99,quarter_final,,Norway,Ecuador,0.002,,,,0.5235363024815783,0.4764636975184216,2.0
99,quarter_final,,Norway,Ivory Coast,0.002,,,,0.683932114575752,0.316067885424248,2.0
99,quarter_final,,Norway,Jordan,0.002,,,,0.8380321666437731,0.1619678333562269,2.0
99,quarter_final,,Norway,Senegal,0.002,,,,0.65242270042889,0.34757729957111,2.0
99,quarter_final,,Norway,Spain,0.002,,,,0.2712887482692422,0.7287112517307578,2.0
99,quarter_final,,Norway,Uruguay,0.002,,,,0.6376420812303831,0.3623579187696168,2.0
99,quarter_final,,Scotland,Croatia,0.002,,,,0.3506616280483856,0.6493383719516144,2.0
99,quarter_final,,Senegal,Colombia,0.002,,,,0.3094632156395112,0.6905367843604888,2.0
99,quarter_final,,Senegal,Ecuador,0.002,,,,0.3654373241971203,0.6345626758028797,2.0
99,quarter_final,,Senegal,France,0.002,,,,0.2485705690984106,0.7514294309015894,2.0
99,quarter_final,,Senegal,Ivory Coast,0.002,,,,0.5369504619520632,0.4630495380479368,2.0
99,quarter_final,,Senegal,Spain,0.002,,,,0.1757898279910165,0.8242101720089834,2.0
99,quarter_final,,Sweden,Mexico,0.002,,,,0.2675809786420344,0.7324190213579655,2.0
99,quarter_final,,Tunisia,England,0.002,,,,0.1291480217023993,0.8708519782976006,2.0
99,quarter_final,,Brazil,Colombia,0.001,,,,0.5272632839895478,0.4727367160104522,1.0
99,quarter_final,,Brazil,France,0.001,,,,0.4407877680526487,0.5592122319473514,1.0
99,quarter_final,,Brazil,Iraq,0.001,,,,0.8808740223310512,0.1191259776689488,1.0
99,quarter_final,,Brazil,Norway,0.001,,,,0.5714297284760221,0.4285702715239778,1.0
99,quarter_final,,Brazil,Spain,0.001,,,,0.3281771112179441,0.6718228887820559,1.0
99,quarter_final,,Brazil,Uruguay,0.001,,,,0.7064214888210676,0.2935785111789324,1.0
99,quarter_final,,Curaçao,Croatia,0.001,,,,0.1241663966682305,0.8758336033317694,1.0
99,quarter_final,,Ecuador,Argentina,0.001,,,,0.2546951815717577,0.7453048184282423,1.0
99,quarter_final,,Ecuador,Czech Republic,0.001,,,,0.6973082481145204,0.3026917518854796,1.0
99,quarter_final,,Ecuador,Iraq,0.001,,,,0.8413988380271451,0.1586011619728549,1.0
99,quarter_final,,Ecuador,Ivory Coast,0.001,,,,0.6673790463239668,0.3326209536760331,1.0
99,quarter_final,,Ecuador,Morocco,0.001,,,,0.4636258333893708,0.5363741666106292,1.0
99,quarter_final,,Ecuador,Panama,0.001,,,,0.7820866597445825,0.2179133402554175,1.0
99,quarter_final,,Ecuador,Senegal,0.001,,,,0.6345626758028798,0.3654373241971201,1.0
99,quarter_final,,Ecuador,South Africa,0.001,,,,0.853437918381417,0.1465620816185829,1.0
99,quarter_final,,Ecuador,Uruguay,0.001,,,,0.6123269966516893,0.3876730033483107,1.0
99,quarter_final,,Ecuador,Uzbekistan,0.001,,,,0.7501071142961108,0.2498928857038892,1.0
99,quarter_final,,France,Cape Verde,0.001,,,,0.9194444272759394,0.0805555727240605,1.0
99,quarter_final,,France,Haiti,0.001,,,,0.8913553031582778,0.1086446968417221,1.0
99,quarter_final,,France,South Africa,0.001,,,,0.9001305683552467,0.0998694316447532,1.0
99,quarter_final,,France,Uzbekistan,0.001,,,,0.8424218674607524,0.1575781325392475,1.0
99,quarter_final,,Germany,Austria,0.001,,,,0.6126706316719046,0.3873293683280954,1.0
99,quarter_final,,Germany,Cape Verde,0.001,,,,0.8993505797677321,0.1006494202322678,1.0
99,quarter_final,,Germany,France,0.001,,,,0.4064693042060614,0.5935306957939386,1.0
99,quarter_final,,Germany,Ivory Coast,0.001,,,,0.7116987282261885,0.2883012717738115,1.0
99,quarter_final,,Germany,Morocco,0.001,,,,0.5122108798036126,0.4877891201963874,1.0
99,quarter_final,,Germany,Norway,0.001,,,,0.5363562472918983,0.4636437527081016,1.0
99,quarter_final,,Germany,Uzbekistan,0.001,,,,0.7939166315071041,0.2060833684928958,1.0
99,quarter_final,,Haiti,England,0.001,,,,0.1084996039982939,0.891500396001706,1.0
99,quarter_final,,Haiti,Mexico,0.001,,,,0.1806365577558787,0.8193634422441213,1.0
99,quarter_final,,Haiti,Uzbekistan,0.001,,,,0.3396439227434893,0.6603560772565107,1.0
99,quarter_final,,Iraq,Colombia,0.001,,,,0.1274963760236121,0.8725036239763879,1.0
99,quarter_final,,Iraq,Scotland,0.001,,,,0.29586835525616,0.7041316447438399,1.0
99,quarter_final,,Iraq,South Korea,0.001,,,,0.2848613361505516,0.7151386638494484,1.0
99,quarter_final,,Ivory Coast,Czech Republic,0.001,,,,0.5411189136400607,0.4588810863599393,1.0
99,quarter_final,,Ivory Coast,Ecuador,0.001,,,,0.3326209536760331,0.6673790463239668,1.0
99,quarter_final,,Ivory Coast,France,0.001,,,,0.225788860475335,0.774211139524665,1.0
99,quarter_final,,Ivory Coast,Germany,0.001,,,,0.2883012717738114,0.7116987282261886,1.0
99,quarter_final,,Ivory Coast,Panama,0.001,,,,0.6498535419587216,0.3501464580412784,1.0
99,quarter_final,,Japan,Algeria,0.001,,,,0.6514380210771643,0.3485619789228357,1.0
99,quarter_final,,Japan,Brazil,0.001,,,,0.4483861180810333,0.5516138819189667,1.0
99,quarter_final,,Japan,Curaçao,0.001,,,,0.9256388725449166,0.0743611274550833,1.0
99,quarter_final,,Japan,Haiti,0.001,,,,0.8735754246058098,0.1264245753941901,1.0
99,quarter_final,,Japan,South Africa,0.001,,,,0.8821696159073344,0.1178303840926655,1.0
99,quarter_final,,Morocco,Iraq,0.001,,,,0.8720810148210042,0.1279189851789958,1.0
99,quarter_final,,Morocco,Saudi Arabia,0.001,,,,0.890168603890333,0.1098313961096669,1.0
99,quarter_final,,Netherlands,Cape Verde,0.001,,,,0.891665166550479,0.108334833449521,1.0
99,quarter_final,,Netherlands,Curaçao,0.001,,,,0.9128252844375172,0.0871747155624826,1.0
99,quarter_final,,Netherlands,DR Congo,0.001,,,,0.81386510500692,0.18613489499308,1.0
99,quarter_final,,Netherlands,Ghana,0.001,,,,0.9110764300628524,0.0889235699371476,1.0
99,quarter_final,,Netherlands,Haiti,0.001,,,,0.8590886992398703,0.1409113007601297,1.0
99,quarter_final,,Netherlands,Iraq,0.001,,,,0.8619673658330235,0.1380326341669765,1.0
99,quarter_final,,Netherlands,Panama,0.001,,,,0.8125821579391859,0.1874178420608141,1.0
99,quarter_final,,Netherlands,Saudi Arabia,0.001,,,,0.8817300329299924,0.1182699670700075,1.0
99,quarter_final,,Netherlands,South Africa,0.001,,,,0.86984308958644,0.13015691041356,1.0
99,quarter_final,,Norway,Algeria,0.001,,,,0.6271542888207873,0.3728457111792127,1.0
99,quarter_final,,Norway,Argentina,0.001,,,,0.2682063247869259,0.731793675213074,1.0
99,quarter_final,,Norway,Saudi Arabia,0.001,,,,0.8802686369560373,0.1197313630439627,1.0
99,quarter_final,,Scotland,Colombia,0.001,,,,0.2417788204276981,0.7582211795723018,1.0
99,quarter_final,,Scotland,Ivory Coast,0.001,,,,0.4589532277288759,0.5410467722711241,1.0
99,quarter_final,,Scotland,Morocco,0.001,,,,0.2596326290564636,0.7403673709435363,1.0
99,quarter_final,,Scotland,South Korea,0.001,,,,0.4865539943201518,0.5134460056798482,1.0
99,quarter_final,,Senegal,Austria,0.001,,,,0.4205029499023314,0.5794970500976686,1.0
99,quarter_final,,Senegal,Norway,0.001,,,,0.34757729957111,0.6524227004288901,1.0
99,quarter_final,,Senegal,Panama,0.001,,,,0.6839875715614678,0.3160124284385321,1.0
99,quarter_final,,Senegal,Scotland,0.001,,,,0.5782968422604129,0.4217031577395871,1.0
99,quarter_final,,Senegal,Uzbekistan,0.001,,,,0.6381899683094091,0.3618100316905909,1.0
99,quarter_final,,Sweden,Croatia,0.001,,,,0.2790751666554932,0.7209248333445067,1.0
99,quarter_final,,Sweden,Portugal,0.001,,,,0.1784302007212229,0.821569799278777,1.0
99,quarter_final,,Sweden,South Korea,0.001,,,,0.4057656375503736,0.5942343624496264,1.0
99,quarter_final,,Tunisia,Croatia,0.001,,,,0.2232476942267482,0.7767523057732517,1.0
99,quarter_final,,Tunisia,Czech Republic,0.001,,,,0.3378436340834992,0.6621563659165007,1.0
99,quarter_final,,Tunisia,Mexico,0.001,,,,0.2109550400417956,0.7890449599582043,1.0
99,quarter_final,,Tunisia,Portugal,0.001,,,,0.1431656821839645,0.8568343178160354,1.0
99,quarter_final,,Tunisia,Spain,0.001,,,,0.0776793724525455,0.9223206275474544,1.0
100,quarter_final,,Argentina,Portugal,0.07,,,,0.6877499123031114,0.3122500876968885,70.0
100,quarter_final,,Argentina,Switzerland,0.043,,,,0.7680508624885581,0.2319491375114418,43.0
100,quarter_final,,Argentina,Colombia,0.041,,,,0.6889284080600107,0.3110715919399893,41.0
100,quarter_final,,Argentina,Canada,0.026,,,,0.8278901885202584,0.1721098114797415,26.0
100,quarter_final,,Argentina,Algeria,0.019,,,,0.8158249703258641,0.1841750296741359,19.0
100,quarter_final,,Argentina,Austria,0.019,,,,0.7864841280025551,0.2135158719974449,19.0
100,quarter_final,,Algeria,Switzerland,0.016,,,,0.4185674417815057,0.5814325582184943,16.0
100,quarter_final,,Argentina,France,0.015,,,,0.6107606907169963,0.3892393092830036,15.0
100,quarter_final,,Spain,Portugal,0.015,,,,0.6889781423550443,0.3110218576449557,15.0
100,quarter_final,,Algeria,Portugal,0.014,,,,0.327659517923803,0.672340482076197,14.0
100,quarter_final,,Austria,Portugal,0.014,,,,0.3729550013648762,0.6270449986351238,14.0
100,quarter_final,,Argentina,Croatia,0.013,,,,0.7926487242375005,0.2073512757624994,13.0
100,quarter_final,,Spain,Canada,0.013,,,,0.828080539637209,0.171919460362791,13.0
100,quarter_final,,Spain,Switzerland,0.013,,,,0.771149207444107,0.228850792555893,13.0
100,quarter_final,,Argentina,Belgium,0.012,,,,0.7218513509073634,0.2781486490926366,12.0
100,quarter_final,,Belgium,Switzerland,0.012,,,,0.563617029416809,0.436382970583191,12.0
100,quarter_final,,Iran,Colombia,0.012,,,,0.3168863655506146,0.6831136344493853,12.0
100,quarter_final,,Argentina,England,0.011,,,,0.6618812940478123,0.3381187059521877,11.0
100,quarter_final,,Belgium,Colombia,0.011,,,,0.4655713069413382,0.5344286930586617,11.0
100,quarter_final,,Spain,Colombia,0.011,,,,0.6947356891794826,0.3052643108205174,11.0
100,quarter_final,,Turkey,Colombia,0.011,,,,0.3882600358218613,0.6117399641781387,11.0
100,quarter_final,,Turkey,Switzerland,0.011,,,,0.4846901198513904,0.5153098801486096,11.0
100,quarter_final,,Belgium,Argentina,0.01,,,,0.2781486490926366,0.7218513509073634,10.0
100,quarter_final,,Belgium,Portugal,0.01,,,,0.4606525827770672,0.5393474172229328,10.0
100,quarter_final,,Turkey,Portugal,0.01,,,,0.3819288914816774,0.6180711085183226,10.0
100,quarter_final,,Algeria,Colombia,0.009,,,,0.3323085916521213,0.6676914083478787,9.0
100,quarter_final,,Uruguay,Portugal,0.009,,,,0.3140132635530687,0.6859867364469313,9.0
100,quarter_final,,Algeria,Austria,0.008,,,,0.4460435373769454,0.5539564626230546,8.0
100,quarter_final,,Algeria,Canada,0.008,,,,0.5081509973079653,0.4918490026920347,8.0
100,quarter_final,,Argentina,Egypt,0.008,,,,0.8906326186807448,0.1093673813192551,8.0
100,quarter_final,,Austria,Colombia,0.008,,,,0.3779194774704072,0.6220805225295928,8.0
100,quarter_final,,Austria,Switzerland,0.008,,,,0.4714359490515653,0.5285640509484347,8.0
100,quarter_final,,Egypt,Colombia,0.008,,,,0.2138071571838963,0.7861928428161037,8.0
100,quarter_final,,Spain,Croatia,0.008,,,,0.7950640103667238,0.2049359896332762,8.0
100,quarter_final,,Spain,France,0.008,,,,0.6173595200785099,0.3826404799214901,8.0
100,quarter_final,,Uruguay,Switzerland,0.008,,,,0.4071253071693655,0.5928746928306345,8.0
100,quarter_final,,Argentina,Iran,0.007,,,,0.8278838502675747,0.1721161497324252,7.0
100,quarter_final,,Argentina,Senegal,0.007,,,,0.8321771190365232,0.1678228809634767,7.0
100,quarter_final,,Belgium,Canada,0.007,,,,0.653864663812344,0.346135336187656,7.0
100,quarter_final,,Spain,Algeria,0.007,,,,0.8056489071290897,0.1943510928709103,7.0
100,quarter_final,,Australia,Canada,0.006,,,,0.4496793970879754,0.5503206029120247,6.0
100,quarter_final,,Australia,Switzerland,0.006,,,,0.3571820842406801,0.6428179157593199,6.0
100,quarter_final,,Austria,Argentina,0.006,,,,0.2135158719974449,0.7864841280025551,6.0
100,quarter_final,,Austria,Canada,0.006,,,,0.5652920081910722,0.4347079918089278,6.0
100,quarter_final,,Belgium,Croatia,0.006,,,,0.5985351283342792,0.4014648716657207,6.0
100,quarter_final,,Iran,Portugal,0.006,,,,0.311279319216988,0.688720680783012,6.0
100,quarter_final,,Turkey,Belgium,0.006,,,,0.4206443874332928,0.5793556125667072,6.0
100,quarter_final,,United States,Canada,0.006,,,,0.416988414817483,0.583011585182517,6.0
100,quarter_final,,Algeria,Argentina,0.005,,,,0.1841750296741359,0.815824970325864,5.0
100,quarter_final,,Argentina,DR Congo,0.005,,,,0.914250279512158,0.0857497204878421,5.0
100,quarter_final,,Argentina,Norway,0.005,,,,0.7317936752130743,0.2682063247869257,5.0
100,quarter_final,,Australia,Colombia,0.005,,,,0.2755379310605461,0.7244620689394539,5.0
100,quarter_final,,Australia,Portugal,0.005,,,,0.2698819197663463,0.7301180802336537,5.0
100,quarter_final,,Iran,Argentina,0.005,,,,0.1721161497324253,0.8278838502675747,5.0
100,quarter_final,,Iran,Canada,0.005,,,,0.4951816649282355,0.5048183350717645,5.0
100,quarter_final,,Iran,England,0.005,,,,0.285967349183878,0.7140326508161219,5.0
100,quarter_final,,Paraguay,Argentina,0.005,,,,0.139150342466447,0.8608496575335529,5.0
100,quarter_final,,Spain,Austria,0.005,,,,0.7807367342059902,0.2192632657940098,5.0
100,quarter_final,,Spain,Iran,0.005,,,,0.8213065814224647,0.1786934185775353,5.0
100,quarter_final,,Australia,Argentina,0.004,,,,0.1457596815597639,0.8542403184402361,4.0
100,quarter_final,,Austria,Belgium,0.004,,,,0.4100633319962848,0.5899366680037152,4.0
100,quarter_final,,Austria,Croatia,0.004,,,,0.5066253609344692,0.4933746390655308,4.0
100,quarter_final,,Austria,England,0.004,,,,0.3451993205605669,0.6548006794394331,4.0
100,quarter_final,,Austria,Germany,0.004,,,,0.3873293683280954,0.6126706316719046,4.0
100,quarter_final,,Belgium,Egypt,0.004,,,,0.7677205464173532,0.2322794535826468,4.0
100,quarter_final,,Iran,Austria,0.004,,,,0.4303648741559081,0.5696351258440919,4.0
100,quarter_final,,Iran,Switzerland,0.004,,,,0.4031825894206746,0.5968174105793254,4.0
100,quarter_final,,Paraguay,France,0.004,,,,0.2007695799405245,0.7992304200594755,4.0
100,quarter_final,,Paraguay,Portugal,0.004,,,,0.2577455976814398,0.7422544023185602,4.0
100,quarter_final,,Spain,Argentina,0.004,,,,0.5035531580645625,0.4964468419354375,4.0
100,quarter_final,,Turkey,England,0.004,,,,0.3588078835658009,0.641192116434199,4.0
100,quarter_final,,United States,Colombia,0.004,,,,0.2442361437639002,0.7557638562360998,4.0
100,quarter_final,,United States,Portugal,0.004,,,,0.2376422996995257,0.7623577003004743,4.0
100,quarter_final,,Uruguay,Belgium,0.004,,,,0.3523636575246608,0.6476363424753392,4.0
100,quarter_final,,Uruguay,Canada,0.004,,,,0.5082120861229595,0.4917879138770404,4.0
100,quarter_final,,Uruguay,Colombia,0.004,,,,0.3170348848623132,0.6829651151376868,4.0
100,quarter_final,,Algeria,Croatia,0.003,,,,0.4518965218151605,0.5481034781848395,3.0
100,quarter_final,,Algeria,Egypt,0.003,,,,0.6481023555122902,0.3518976444877097,3.0
100,quarter_final,,Algeria,England,0.003,,,,0.2998701255144568,0.7001298744855432,3.0
100,quarter_final,,Algeria,France,0.003,,,,0.2699058800821016,0.7300941199178983,3.0
100,quarter_final,,Argentina,Ecuador,0.003,,,,0.7453048184282423,0.2546951815717577,3.0
100,quarter_final,,Australia,Algeria,0.003,,,,0.4399757389946059,0.560024261005394,3.0
100,quarter_final,,Australia,Iran,0.003,,,,0.4536549805992533,0.5463450194007466,3.0
100,quarter_final,,Austria,Algeria,0.003,,,,0.5539564626230546,0.4460435373769453,3.0
100,quarter_final,,Austria,Ecuador,0.003,,,,0.4420649992270211,0.5579350007729789,3.0
100,quarter_final,,Austria,Paraguay,0.003,,,,0.623269426216728,0.376730573783272,3.0
100,quarter_final,,Austria,Senegal,0.003,,,,0.5794970500976685,0.4205029499023315,3.0
100,quarter_final,,Belgium,Ecuador,0.003,,,,0.5344224816329036,0.4655775183670964,3.0
100,quarter_final,,Belgium,England,0.003,,,,0.4308583243505766,0.5691416756494234,3.0
100,quarter_final,,Egypt,Norway,0.003,,,,0.241097813002818,0.758902186997182,3.0
100,quarter_final,,Egypt,Portugal,0.003,,,,0.207828506079664,0.7921714939203359,3.0
100,quarter_final,,Iran,Croatia,0.003,,,,0.436982198459836,0.563017801540164,3.0
100,quarter_final,,Paraguay,Ecuador,0.003,,,,0.3269880184281841,0.6730119815718159,3.0
100,quarter_final,,Paraguay,England,0.003,,,,0.2414232248279139,0.758576775172086,3.0
100,quarter_final,,Saudi Arabia,Portugal,0.003,,,,0.1027233286177834,0.8972766713822166,3.0
100,quarter_final,,Spain,England,0.003,,,,0.663180363934699,0.3368196360653009,3.0
100,quarter_final,,Spain,Panama,0.003,,,,0.9162466802038182,0.0837533197961818,3.0
100,quarter_final,,Spain,Uzbekistan,0.003,,,,0.893904383104939,0.1060956168950609,3.0
100,quarter_final,,Turkey,Canada,0.003,,,,0.5832200411032832,0.4167799588967168,3.0
100,quarter_final,,Turkey,Egypt,0.003,,,,0.7068281740160433,0.2931718259839567,3.0
100,quarter_final,,Turkey,France,0.003,,,,0.3100416078265735,0.6899583921734265,3.0
100,quarter_final,,Turkey,Iran,0.003,,,,0.5816965765012061,0.4183034234987939,3.0
100,quarter_final,,United States,Argentina,0.003,,,,0.1250180125116179,0.8749819874883821,3.0
100,quarter_final,,United States,Egypt,0.003,,,,0.558144634189994,0.4418553658100059,3.0
100,quarter_final,,Uruguay,Argentina,0.003,,,,0.1758872907967765,0.8241127092032234,3.0
100,quarter_final,,Uruguay,England,0.003,,,,0.2952133089680215,0.7047866910319784,3.0
100,quarter_final,,Algeria,DR Congo,0.002,,,,0.7192109813986277,0.2807890186013723,2.0
100,quarter_final,,Algeria,Germany,0.002,,,,0.3414294034586995,0.6585705965413005,2.0
100,quarter_final,,Algeria,Iran,0.002,,,,0.5150600730675774,0.4849399269324226,2.0
100,quarter_final,,Algeria,Ivory Coast,0.002,,,,0.561873609587254,0.438126390412746,2.0
100,quarter_final,,Algeria,Norway,0.002,,,,0.3728457111792128,0.6271542888207873,2.0
100,quarter_final,,Argentina,Bosnia and Herzegovina,0.002,,,,0.950461857493656,0.0495381425063441,2.0
100,quarter_final,,Argentina,Germany,0.002,,,,0.7003174598592825,0.2996825401407175,2.0
100,quarter_final,,Argentina,Ghana,0.002,,,,0.9626990782118452,0.0373009217881548,2.0
100,quarter_final,,Argentina,Iraq,0.002,,,,0.939382239243078,0.0606177607569219,2.0
100,quarter_final,,Argentina,New Zealand,0.002,,,,0.951857817924029,0.0481421820759709,2.0
100,quarter_final,,Argentina,Panama,0.002,,,,0.9179693418418944,0.0820306581581056,2.0
100,quarter_final,,Argentina,Turkey,0.002,,,,0.7793239649817802,0.2206760350182197,2.0
100,quarter_final,,Argentina,Uzbekistan,0.002,,,,0.8979207921733899,0.10207920782661,2.0
100,quarter_final,,Australia,Belgium,0.002,,,,0.3016140990075643,0.6983859009924356,2.0
100,quarter_final,,Australia,Croatia,0.002,,,,0.3901942224331132,0.6098057775668868,2.0
100,quarter_final,,Australia,DR Congo,0.002,,,,0.6689781438662279,0.3310218561337721,2.0
100,quarter_final,,Austria,Iran,0.002,,,,0.5696351258440919,0.4303648741559081,2.0
100,quarter_final,,Belgium,Algeria,0.002,,,,0.6387569862945527,0.3612430137054473,2.0
100,quarter_final,,Belgium,Austria,0.002,,,,0.5899366680037154,0.4100633319962846,2.0
100,quarter_final,,Belgium,France,0.002,,,,0.3846263942195529,0.6153736057804471,2.0
100,quarter_final,,Belgium,Iran,0.002,,,,0.6554044170994756,0.3445955829005244,2.0
100,quarter_final,,Belgium,Senegal,0.002,,,,0.6636305228163247,0.3363694771836752,2.0
100,quarter_final,,Belgium,Uzbekistan,0.002,,,,0.7795862041092452,0.2204137958907548,2.0
100,quarter_final,,Cape Verde,Colombia,0.002,,,,0.1030155986616663,0.8969844013383337,2.0
100,quarter_final,,Egypt,Argentina,0.002,,,,0.1093673813192552,0.8906326186807447,2.0
100,quarter_final,,Egypt,Belgium,0.002,,,,0.2322794535826468,0.7677205464173531,2.0
100,quarter_final,,Egypt,Canada,0.002,,,,0.36001664782067,0.63998335217933,2.0
100,quarter_final,,Egypt,DR Congo,0.002,,,,0.5835683801626054,0.4164316198373946,2.0
100,quarter_final,,Egypt,Switzerland,0.002,,,,0.2806305108941165,0.7193694891058835,2.0
100,quarter_final,,Iran,DR Congo,0.002,,,,0.7075363748805032,0.2924636251194967,2.0
100,quarter_final,,Iran,France,0.002,,,,0.2538009954965965,0.7461990045034035,2.0
100,quarter_final,,Iran,New Zealand,0.002,,,,0.8097284353715941,0.1902715646284059,2.0
100,quarter_final,,Paraguay,Austria,0.002,,,,0.3767305737832719,0.6232694262167281,2.0
100,quarter_final,,Paraguay,Belgium,0.002,,,,0.2919779583865718,0.7080220416134282,2.0
100,quarter_final,,Paraguay,Norway,0.002,,,,0.3010710302366819,0.6989289697633181,2.0
100,quarter_final,,Paraguay,Switzerland,0.002,,,,0.3435649310510421,0.656435068948958,2.0
100,quarter_final,,Spain,DR Congo,0.002,,,,0.9060729872037324,0.0939270127962675,2.0
100,quarter_final,,Spain,Ecuador,0.002,,,,0.7517602296398016,0.2482397703601984,2.0
100,quarter_final,,Spain,Egypt,0.002,,,,0.8846266369712263,0.1153733630287736,2.0
100,quarter_final,,Spain,Norway,0.002,,,,0.7287112517307578,0.2712887482692422,2.0
100,quarter_final,,Turkey,Algeria,0.002,,,,0.5662075201845559,0.4337924798154441,2.0
100,quarter_final,,Turkey,Argentina,0.002,,,,0.2206760350182198,0.7793239649817802,2.0
100,quarter_final,,Turkey,Austria,0.002,,,,0.512867107061034,0.487132892938966,2.0
100,quarter_final,,Turkey,Germany,0.002,,,,0.3954048356817349,0.604595164318265,2.0
100,quarter_final,,Turkey,Norway,0.002,,,,0.4321532609827725,0.5678467390172275,2.0
100,quarter_final,,United States,Switzerland,0.002,,,,0.3227264451214124,0.6772735548785875,2.0
100,quarter_final,,Uruguay,Croatia,0.002,,,,0.442625129717391,0.557374870282609,2.0
100,quarter_final,,Uruguay,France,0.002,,,,0.2478191834031348,0.7521808165968652,2.0
100,quarter_final,,Uruguay,Iran,0.002,,,,0.5125913678104413,0.4874086321895586,2.0
100,quarter_final,,Uruguay,Uzbekistan,0.002,,,,0.6566501072621987,0.3433498927378012,2.0
100,quarter_final,,Algeria,Belgium,0.001,,,,0.3612430137054474,0.6387569862945526,1.0
100,quarter_final,,Algeria,Panama,0.001,,,,0.7053502934453136,0.2946497065546863,1.0
100,quarter_final,,Argentina,Ivory Coast,0.001,,,,0.8496474577869033,0.1503525422130966,1.0
100,quarter_final,,Argentina,Qatar,0.001,,,,0.9766014791804708,0.0233985208195293,1.0
100,quarter_final,,Argentina,Tunisia,0.001,,,,0.9276176188453412,0.0723823811546586,1.0
100,quarter_final,,Australia,Ecuador,0.001,,,,0.3344020530274175,0.6655979469725826,1.0
100,quarter_final,,Australia,England,0.001,,,,0.2488682426569183,0.7511317573430817,1.0
100,quarter_final,,Australia,France,0.001,,,,0.2163885851033699,0.78361141489663,1.0
100,quarter_final,,Australia,Jordan,0.001,,,,0.6950283861619599,0.30497161383804,1.0
100,quarter_final,,Australia,Norway,0.001,,,,0.3118034971212338,0.6881965028787662,1.0
100,quarter_final,,Australia,Turkey,0.001,,,,0.3712785475386472,0.6287214524613528,1.0
100,quarter_final,,Austria,Egypt,0.001,,,,0.6974875673760478,0.3025124326239522,1.0
100,quarter_final,,Austria,Ivory Coast,0.001,,,,0.6147310869253375,0.3852689130746625,1.0
100,quarter_final,,Austria,Panama,0.001,,,,0.7513685056254727,0.2486314943745272,1.0
100,quarter_final,,Austria,Uzbekistan,0.001,,,,0.7098433395492978,0.2901566604507022,1.0
100,quarter_final,,Belgium,Germany,0.001,,,,0.4760008567517633,0.5239991432482367,1.0
100,quarter_final,,Belgium,Ivory Coast,0.001,,,,0.6946153371405676,0.3053846628594324,1.0
100,quarter_final,,Belgium,New Zealand,0.001,,,,0.8911118510441568,0.1088881489558432,1.0
100,quarter_final,,Belgium,Panama,0.001,,,,0.8157473840756838,0.1842526159243162,1.0
100,quarter_final,,Cape Verde,England,0.001,,,,0.0839974757939864,0.9160025242060136,1.0
100,quarter_final,,Cape Verde,Portugal,0.001,,,,0.0944021515808021,0.905597848419198,1.0
100,quarter_final,,Egypt,Austria,0.001,,,,0.3025124326239521,0.6974875673760479,1.0
100,quarter_final,,Egypt,England,0.001,,,,0.1889482441049285,0.8110517558950714,1.0
100,quarter_final,,Egypt,Iran,0.001,,,,0.3644905646425019,0.6355094353574982,1.0
100,quarter_final,,Egypt,Panama,0.001,,,,0.5602566915378668,0.4397433084621331,1.0
100,quarter_final,,Egypt,Uzbekistan,0.001,,,,0.5124150160174026,0.4875849839825974,1.0
100,quarter_final,,Iran,Algeria,0.001,,,,0.4849399269324226,0.5150600730675774,1.0
100,quarter_final,,Iran,Belgium,0.001,,,,0.3445955829005244,0.6554044170994755,1.0
100,quarter_final,,Iran,Egypt,0.001,,,,0.635509435357498,0.3644905646425019,1.0
100,quarter_final,,Iran,Jordan,0.001,,,,0.7353052694609655,0.2646947305390345,1.0
100,quarter_final,,Iran,Norway,0.001,,,,0.3558919457320177,0.6441080542679822,1.0
100,quarter_final,,Iran,Senegal,0.001,,,,0.5104082490920163,0.4895917509079837,1.0
100,quarter_final,,New Zealand,Belgium,0.001,,,,0.1088881489558431,0.8911118510441569,1.0
100,quarter_final,,New Zealand,Ecuador,0.001,,,,0.1366513941533725,0.8633486058466275,1.0
100,quarter_final,,Paraguay,Canada,0.001,,,,0.4414816167230771,0.5585183832769229,1.0
100,quarter_final,,Paraguay,Croatia,0.001,,,,0.3772234205531387,0.6227765794468613,1.0
100,quarter_final,,Paraguay,DR Congo,0.001,,,,0.6606661318690007,0.3393338681309993,1.0
100,quarter_final,,Paraguay,Germany,0.001,,,,0.2676469292421106,0.7323530707578894,1.0
100,quarter_final,,Paraguay,Ghana,0.001,,,,0.8054205223381404,0.1945794776618595,1.0
100,quarter_final,,Paraguay,Panama,0.001,,,,0.6356854717365646,0.3643145282634353,1.0
100,quarter_final,,Saudi Arabia,Algeria,0.001,,,,0.1893212048285084,0.8106787951714916,1.0
100,quarter_final,,Saudi Arabia,Belgium,0.001,,,,0.1145236501336038,0.8854763498663962,1.0
100,quarter_final,,Saudi Arabia,Iran,0.001,,,,0.1986608758791301,0.8013391241208698,1.0
100,quarter_final,,Saudi Arabia,Switzerland,0.001,,,,0.1479100567674743,0.8520899432325257,1.0
100,quarter_final,,Spain,Germany,0.001,,,,0.7023280515478043,0.2976719484521957,1.0
100,quarter_final,,Spain,Iraq,0.001,,,,0.9347679936394744,0.0652320063605255,1.0
100,quarter_final,,Spain,Ivory Coast,0.001,,,,0.8406497131990989,0.1593502868009011,1.0
100,quarter_final,,Spain,Netherlands,0.001,,,,0.7230839943461865,0.2769160056538134,1.0
100,quarter_final,,Spain,Senegal,0.001,,,,0.8242101720089834,0.1757898279910166,1.0
100,quarter_final,,Spain,United States,0.001,,,,0.8765369173239683,0.1234630826760316,1.0
100,quarter_final,,Turkey,Australia,0.001,,,,0.6287214524613528,0.3712785475386472,1.0
100,quarter_final,,Turkey,Croatia,0.001,,,,0.5210645188830494,0.4789354811169506,1.0
100,quarter_final,,Turkey,Ghana,0.001,,,,0.8796604602363362,0.1203395397636638,1.0
100,quarter_final,,Turkey,Ivory Coast,0.001,,,,0.6250471295773224,0.3749528704226775,1.0
100,quarter_final,,Turkey,Netherlands,0.001,,,,0.4224143209524119,0.5775856790475882,1.0
100,quarter_final,,Turkey,Senegal,0.001,,,,0.5911199566578959,0.4088800433421041,1.0
100,quarter_final,,Turkey,Uzbekistan,0.001,,,,0.7194060748508884,0.2805939251491116,1.0
100,quarter_final,,United States,Belgium,0.001,,,,0.268258602462383,0.731741397537617,1.0
100,quarter_final,,United States,England,0.001,,,,0.2208184336902824,0.7791815663097176,1.0
100,quarter_final,,United States,France,0.001,,,,0.18672778949761,0.81327221050239,1.0
100,quarter_final,,United States,Iran,0.001,,,,0.4174699694742156,0.5825300305257843,1.0
100,quarter_final,,United States,Ivory Coast,0.001,,,,0.4656180091080846,0.5343819908919154,1.0
100,quarter_final,,United States,Norway,0.001,,,,0.2774652854110456,0.7225347145889545,1.0
100,quarter_final,,United States,Senegal,0.001,,,,0.4282882954382062,0.5717117045617938,1.0
100,quarter_final,,Uruguay,Algeria,0.001,,,,0.5008801530701448,0.4991198469298552,1.0
100,quarter_final,,Uruguay,DR Congo,0.001,,,,0.7158566661720662,0.2841433338279338,1.0
100,quarter_final,,Uruguay,Egypt,0.001,,,,0.6463146430045941,0.3536853569954059,1.0
100,quarter_final,,Uruguay,Panama,0.001,,,,0.6946604687644201,0.3053395312355799,1.0
100,quarter_final,,Uruguay,Senegal,0.001,,,,0.5239851496475635,0.4760148503524365,1.0
101,semi_final,,Japan,Spain,0.05,,,,0.2916289970688298,0.7083710029311702,50.0
101,semi_final,,Brazil,Spain,0.037,,,,0.3281771112179441,0.6718228887820559,37.0
101,semi_final,,Netherlands,Spain,0.026,,,,0.2769160056538134,0.7230839943461866,26.0
101,semi_final,,Japan,Argentina,0.022,,,,0.2888618288434711,0.7111381711565289,22.0
101,semi_final,,Morocco,Spain,0.021,,,,0.2990811156155361,0.7009188843844639,21.0
101,semi_final,,Norway,Spain,0.021,,,,0.2712887482692422,0.7287112517307578,21.0
101,semi_final,,France,Spain,0.02,,,,0.3826404799214902,0.6173595200785098,20.0
101,semi_final,,Germany,Spain,0.018,,,,0.2976719484521957,0.7023280515478043,18.0
101,semi_final,,Brazil,Argentina,0.015,,,,0.3351895208590739,0.6648104791409262,15.0
101,semi_final,,France,Belgium,0.014,,,,0.6153736057804472,0.3846263942195528,14.0
101,semi_final,,Netherlands,Argentina,0.013,,,,0.2776914938729104,0.7223085061270895,13.0
101,semi_final,,Norway,Argentina,0.013,,,,0.2682063247869259,0.731793675213074,13.0
101,semi_final,,France,Argentina,0.012,,,,0.3892393092830036,0.6107606907169965,12.0
101,semi_final,,Japan,Colombia,0.012,,,,0.4741872850252526,0.5258127149747474,12.0
101,semi_final,,Ivory Coast,Spain,0.011,,,,0.1593502868009011,0.8406497131990989,11.0
101,semi_final,,Mexico,Spain,0.01,,,,0.2188108712454083,0.7811891287545917,10.0
101,semi_final,,Switzerland,Spain,0.01,,,,0.228850792555893,0.771149207444107,10.0
101,semi_final,,Germany,Belgium,0.009,,,,0.5239991432482366,0.4760008567517634,9.0
101,semi_final,,Japan,Belgium,0.009,,,,0.5123756099891676,0.4876243900108323,9.0
101,semi_final,,Japan,Portugal,0.009,,,,0.4714136455466503,0.5285863544533498,9.0
101,semi_final,,Senegal,Spain,0.009,,,,0.1757898279910165,0.8242101720089834,9.0
101,semi_final,,Switzerland,Argentina,0.009,,,,0.2319491375114418,0.7680508624885581,9.0
101,semi_final,,Brazil,Austria,0.008,,,,0.6447446700452591,0.3552553299547408,8.0
101,semi_final,,Germany,Turkey,0.008,,,,0.6045951643182648,0.3954048356817352,8.0
101,semi_final,,Japan,Austria,0.008,,,,0.6017127152658689,0.3982872847341311,8.0
101,semi_final,,Japan,Croatia,0.008,,,,0.6065972768367605,0.3934027231632395,8.0
101,semi_final,,Norway,Belgium,0.008,,,,0.4872745025862511,0.5127254974137488,8.0
101,semi_final,,Brazil,Colombia,0.007,,,,0.5272632839895478,0.4727367160104522,7.0
101,semi_final,,Ecuador,Spain,0.007,,,,0.2482397703601984,0.7517602296398016,7.0
101,semi_final,,France,Croatia,0.007,,,,0.7065324405243061,0.2934675594756939,7.0
101,semi_final,,France,Portugal,0.007,,,,0.5794201625705282,0.4205798374294718,7.0
101,semi_final,,Germany,England,0.007,,,,0.4576450814743856,0.5423549185256143,7.0
101,semi_final,,Germany,Portugal,0.007,,,,0.485010101452174,0.5149898985478261,7.0
101,semi_final,,Japan,Iran,0.007,,,,0.6661406649230358,0.3338593350769642,7.0
101,semi_final,,Morocco,Belgium,0.007,,,,0.5161465786718022,0.4838534213281977,7.0
101,semi_final,,Brazil,Belgium,0.006,,,,0.559867770959559,0.440132229040441,6.0
101,semi_final,,Canada,Spain,0.006,,,,0.1719194603627911,0.8280805396372088,6.0
101,semi_final,,France,England,0.006,,,,0.5540713528559442,0.4459286471440558,6.0
101,semi_final,,Japan,Paraguay,0.006,,,,0.7132950006137351,0.2867049993862649,6.0
101,semi_final,,Mexico,Argentina,0.006,,,,0.2215456121668036,0.7784543878331964,6.0
101,semi_final,,Netherlands,Belgium,0.006,,,,0.4977712722815451,0.502228727718455,6.0
101,semi_final,,Netherlands,Colombia,0.006,,,,0.4637118496027702,0.5362881503972299,6.0
101,semi_final,,Netherlands,Croatia,0.006,,,,0.5972203948060497,0.4027796051939503,6.0
101,semi_final,,Norway,Croatia,0.006,,,,0.5871952641158803,0.4128047358841197,6.0
101,semi_final,,Paraguay,Spain,0.006,,,,0.1354127411747655,0.8645872588252345,6.0
101,semi_final,,Canada,Belgium,0.005,,,,0.3461353361876561,0.653864663812344,5.0
101,semi_final,,Japan,England,0.005,,,,0.4421778161290071,0.5578221838709929,5.0
101,semi_final,,Japan,Turkey,0.005,,,,0.5872715900237254,0.4127284099762746,5.0
101,semi_final,,Morocco,Austria,0.005,,,,0.6043438281367227,0.3956561718632773,5.0
101,semi_final,,Morocco,Colombia,0.005,,,,0.473285614882368,0.526714385117632,5.0
101,semi_final,,Netherlands,Iran,0.005,,,,0.6531666350785292,0.3468333649214707,5.0
101,semi_final,,Netherlands,Turkey,0.005,,,,0.5775856790475881,0.4224143209524119,5.0
101,semi_final,,Norway,England,0.005,,,,0.419046187386575,0.580953812613425,5.0
101,semi_final,,Scotland,Spain,0.005,,,,0.1239225815162301,0.8760774184837699,5.0
101,semi_final,,South Korea,Spain,0.005,,,,0.1354091612217713,0.8645908387782287,5.0
101,semi_final,,Switzerland,England,0.005,,,,0.3732547689229044,0.6267452310770956,5.0
101,semi_final,,Brazil,Algeria,0.004,,,,0.6871766516167312,0.3128233483832687,4.0
101,semi_final,,Brazil,Croatia,0.004,,,,0.6556028720371787,0.3443971279628213,4.0
101,semi_final,,Brazil,Turkey,0.004,,,,0.6369768505036153,0.3630231494963847,4.0
101,semi_final,,Ecuador,Argentina,0.004,,,,0.2546951815717577,0.7453048184282423,4.0
101,semi_final,,Ecuador,Belgium,0.004,,,,0.4655775183670963,0.5344224816329037,4.0
101,semi_final,,France,Austria,0.004,,,,0.6937138361967508,0.3062861638032492,4.0
101,semi_final,,Germany,Argentina,0.004,,,,0.2996825401407175,0.7003174598592825,4.0
101,semi_final,,Germany,Austria,0.004,,,,0.6126706316719046,0.3873293683280954,4.0
101,semi_final,,Ivory Coast,Argentina,0.004,,,,0.1503525422130968,0.8496474577869032,4.0
101,semi_final,,Japan,Australia,0.004,,,,0.7065477601620604,0.2934522398379395,4.0
101,semi_final,,Mexico,Belgium,0.004,,,,0.4212516378922856,0.5787483621077143,4.0
101,semi_final,,Morocco,Argentina,0.004,,,,0.2932209290422395,0.7067790709577605,4.0
101,semi_final,,Morocco,Portugal,0.004,,,,0.4735608485262033,0.5264391514737967,4.0
101,semi_final,,Morocco,Turkey,0.004,,,,0.5847501542460797,0.4152498457539203,4.0
101,semi_final,,Norway,Colombia,0.004,,,,0.4538777403912886,0.5461222596087114,4.0
101,semi_final,,Norway,Iran,0.004,,,,0.6441080542679823,0.3558919457320176,4.0
101,semi_final,,Sweden,Spain,0.004,,,,0.0891722014127207,0.9108277985872792,4.0
101,semi_final,,Tunisia,Spain,0.004,,,,0.0776793724525455,0.9223206275474544,4.0
101,semi_final,,Turkey,Argentina,0.004,,,,0.2206760350182198,0.7793239649817802,4.0
101,semi_final,,Brazil,Australia,0.003,,,,0.7434499165397411,0.2565500834602588,3.0
101,semi_final,,Brazil,Portugal,0.003,,,,0.5213246863240992,0.4786753136759007,3.0
101,semi_final,,Czech Republic,Belgium,0.003,,,,0.2667969464285247,0.7332030535714753,3.0
101,semi_final,,France,Australia,0.003,,,,0.78361141489663,0.21638858510337,3.0
101,semi_final,,France,Colombia,0.003,,,,0.585648093022735,0.414351906977265,3.0
101,semi_final,,France,Iran,0.003,,,,0.7461990045034034,0.2538009954965966,3.0
101,semi_final,,Germany,Colombia,0.003,,,,0.4912021157331433,0.5087978842668567,3.0
101,semi_final,,Ivory Coast,France,0.003,,,,0.225788860475335,0.774211139524665,3.0
101,semi_final,,Japan,Canada,0.003,,,,0.6618530695876866,0.3381469304123133,3.0
101,semi_final,,Japan,Switzerland,0.003,,,,0.5720218427135615,0.4279781572864385,3.0
101,semi_final,,Mexico,Austria,0.003,,,,0.5134466713508526,0.4865533286491473,3.0
101,semi_final,,Morocco,England,0.003,,,,0.443249212169303,0.556750787830697,3.0
101,semi_final,,Morocco,Mexico,0.003,,,,0.5838410135701808,0.4161589864298192,3.0
101,semi_final,,Morocco,Switzerland,0.003,,,,0.5699762859703535,0.4300237140296464,3.0
101,semi_final,,Netherlands,Portugal,0.003,,,,0.458213452999483,0.541786547000517,3.0
101,semi_final,,Scotland,Argentina,0.003,,,,0.1232286344765436,0.8767713655234564,3.0
101,semi_final,,Senegal,Argentina,0.003,,,,0.1678228809634767,0.8321771190365232,3.0
101,semi_final,,Senegal,Belgium,0.003,,,,0.3363694771836753,0.6636305228163246,3.0
101,semi_final,,Spain,Argentina,0.003,,,,0.5035531580645625,0.4964468419354375,3.0
101,semi_final,,Switzerland,Colombia,0.003,,,,0.4029441718649715,0.5970558281350284,3.0
101,semi_final,,Tunisia,Argentina,0.003,,,,0.0723823811546587,0.9276176188453412,3.0
101,semi_final,,Turkey,Belgium,0.003,,,,0.4206443874332928,0.5793556125667072,3.0
101,semi_final,,Turkey,Spain,0.003,,,,0.2171035589035916,0.7828964410964083,3.0
101,semi_final,,United States,England,0.003,,,,0.2208184336902824,0.7791815663097176,3.0
101,semi_final,,Australia,Spain,0.002,,,,0.1486238091320195,0.8513761908679804,2.0
101,semi_final,,Belgium,Egypt,0.002,,,,0.7677205464173532,0.2322794535826468,2.0
101,semi_final,,Bosnia and Herzegovina,Spain,0.002,,,,0.0527725404783185,0.9472274595216814,2.0
101,semi_final,,Brazil,Iran,0.002,,,,0.702960115693482,0.2970398843065179,2.0
101,semi_final,,Brazil,Mexico,0.002,,,,0.6402208899171115,0.3597791100828885,2.0
101,semi_final,,Brazil,Netherlands,0.002,,,,0.5624606597749459,0.4375393402250541,2.0
101,semi_final,,Canada,Argentina,0.002,,,,0.1721098114797416,0.8278901885202583,2.0
101,semi_final,,Canada,Colombia,0.002,,,,0.3139254602715883,0.6860745397284116,2.0
101,semi_final,,Canada,England,0.002,,,,0.2885202237868621,0.7114797762131378,2.0
101,semi_final,,Czech Republic,Spain,0.002,,,,0.1307798159808535,0.8692201840191465,2.0
101,semi_final,,Ecuador,Colombia,0.002,,,,0.4245865170622711,0.5754134829377289,2.0
101,semi_final,,Ecuador,England,0.002,,,,0.400678677491063,0.599321322508937,2.0
101,semi_final,,Ecuador,Portugal,0.002,,,,0.4228384700129488,0.5771615299870512,2.0
101,semi_final,,Ecuador,Turkey,0.002,,,,0.5365055903756231,0.4634944096243769,2.0
101,semi_final,,France,Uruguay,0.002,,,,0.7521808165968651,0.2478191834031349,2.0
101,semi_final,,France,Uzbekistan,0.002,,,,0.8424218674607524,0.1575781325392475,2.0
101,semi_final,,Germany,Algeria,0.002,,,,0.6585705965413005,0.3414294034586995,2.0
101,semi_final,,Germany,Croatia,0.002,,,,0.6236810539888517,0.3763189460111483,2.0
101,semi_final,,Germany,France,0.002,,,,0.4064693042060614,0.5935306957939386,2.0
101,semi_final,,Germany,Iran,0.002,,,,0.6754309033023883,0.3245690966976117,2.0
101,semi_final,,Germany,Netherlands,0.002,,,,0.5269725071885437,0.4730274928114563,2.0
101,semi_final,,Germany,Uruguay,0.002,,,,0.6749120930638229,0.325087906936177,2.0
101,semi_final,,Germany,Uzbekistan,0.002,,,,0.7939166315071041,0.2060833684928958,2.0
101,semi_final,,Haiti,Spain,0.002,,,,0.0720845246033015,0.9279154753966984,2.0
101,semi_final,,Ivory Coast,Belgium,0.002,,,,0.3053846628594324,0.6946153371405676,2.0
101,semi_final,,Ivory Coast,England,0.002,,,,0.2510815621392887,0.7489184378607112,2.0
101,semi_final,,Japan,Mexico,0.002,,,,0.5871500182575508,0.4128499817424492,2.0
101,semi_final,,Japan,Uruguay,0.002,,,,0.6538960303088069,0.346103969691193,2.0
101,semi_final,,Mexico,Algeria,0.002,,,,0.5688213638427186,0.4311786361572813,2.0
101,semi_final,,Mexico,Australia,0.002,,,,0.6267411545920293,0.3732588454079707,2.0
101,semi_final,,Mexico,Canada,0.002,,,,0.5793384626367376,0.4206615373632624,2.0
101,semi_final,,Mexico,Colombia,0.002,,,,0.3849130060578664,0.6150869939421336,2.0
101,semi_final,,Mexico,Portugal,0.002,,,,0.3811762182363093,0.6188237817636906,2.0
101,semi_final,,Morocco,Croatia,0.002,,,,0.6040625301714858,0.3959374698285142,2.0
101,semi_final,,Morocco,Iran,0.002,,,,0.6684582366461199,0.3315417633538801,2.0
101,semi_final,,Netherlands,England,0.002,,,,0.4309070204657954,0.5690929795342046,2.0
101,semi_final,,Netherlands,Mexico,0.002,,,,0.5789155850978375,0.4210844149021625,2.0
101,semi_final,,Netherlands,South Korea,0.002,,,,0.7204690390227374,0.2795309609772626,2.0
101,semi_final,,Netherlands,Switzerland,0.002,,,,0.5620445206483045,0.4379554793516955,2.0
101,semi_final,,Norway,Austria,0.002,,,,0.577814733694235,0.422185266305765,2.0
101,semi_final,,Norway,Portugal,0.002,,,,0.4483148639751579,0.551685136024842,2.0
101,semi_final,,Norway,Senegal,0.002,,,,0.65242270042889,0.34757729957111,2.0
101,semi_final,,Norway,Turkey,0.002,,,,0.5678467390172274,0.4321532609827726,2.0
101,semi_final,,Paraguay,Argentina,0.002,,,,0.139150342466447,0.8608496575335529,2.0
101,semi_final,,Paraguay,Colombia,0.002,,,,0.2615601971482413,0.7384398028517587,2.0
101,semi_final,,Paraguay,England,0.002,,,,0.2414232248279139,0.758576775172086,2.0
101,semi_final,,Paraguay,Portugal,0.002,,,,0.2577455976814398,0.7422544023185602,2.0
101,semi_final,,Paraguay,Turkey,0.002,,,,0.3562969756517314,0.6437030243482685,2.0
101,semi_final,,Scotland,Portugal,0.002,,,,0.2347803235901614,0.7652196764098386,2.0
101,semi_final,,Scotland,Turkey,0.002,,,,0.3319920508067208,0.6680079491932791,2.0
101,semi_final,,Senegal,Algeria,0.002,,,,0.4746362048813221,0.5253637951186779,2.0
101,semi_final,,Senegal,Colombia,0.002,,,,0.3094632156395112,0.6905367843604888,2.0
101,semi_final,,Senegal,Czech Republic,0.002,,,,0.5780426379060248,0.4219573620939751,2.0
101,semi_final,,Senegal,England,0.002,,,,0.2783650990943773,0.7216349009056227,2.0
101,semi_final,,Senegal,Uruguay,0.002,,,,0.4760148503524365,0.5239851496475634,2.0
101,semi_final,,South Korea,England,0.002,,,,0.2272858257734764,0.7727141742265236,2.0
101,semi_final,,South Korea,Switzerland,0.002,,,,0.3322699152308943,0.6677300847691057,2.0
101,semi_final,,South Korea,Turkey,0.002,,,,0.3462050647819186,0.6537949352180814,2.0
101,semi_final,,Spain,Belgium,0.002,,,,0.7182454436509673,0.2817545563490327,2.0
101,semi_final,,Switzerland,Algeria,0.002,,,,0.5814325582184944,0.4185674417815056,2.0
101,semi_final,,Switzerland,Belgium,0.002,,,,0.4363829705831911,0.5636170294168089,2.0
101,semi_final,,Switzerland,Croatia,0.002,,,,0.5362051933728154,0.4637948066271846,2.0
101,semi_final,,Switzerland,Norway,0.002,,,,0.4480326797564617,0.5519673202435382,2.0
101,semi_final,,Switzerland,Turkey,0.002,,,,0.5153098801486097,0.4846901198513903,2.0
101,semi_final,,Turkey,Austria,0.002,,,,0.512867107061034,0.487132892938966,2.0
101,semi_final,,United States,Argentina,0.002,,,,0.1250180125116179,0.8749819874883821,2.0
101,semi_final,,United States,South Korea,0.002,,,,0.4925299173908905,0.5074700826091094,2.0
101,semi_final,,Australia,Turkey,0.001,,,,0.3712785475386472,0.6287214524613528,1.0
101,semi_final,,Belgium,Spain,0.001,,,,0.2817545563490327,0.7182454436509673,1.0
101,semi_final,,Belgium,Turkey,0.001,,,,0.5793556125667072,0.4206443874332928,1.0
101,semi_final,,Bosnia and Herzegovina,Argentina,0.001,,,,0.0495381425063441,0.950461857493656,1.0
101,semi_final,,Bosnia and Herzegovina,Portugal,0.001,,,,0.1011857988092974,0.8988142011907025,1.0
101,semi_final,,Brazil,Canada,0.001,,,,0.7079722074413041,0.2920277925586959,1.0
101,semi_final,,Brazil,DR Congo,0.001,,,,0.839350265827093,0.1606497341729069,1.0
101,semi_final,,Brazil,Egypt,0.001,,,,0.8003352494377252,0.1996647505622748,1.0
101,semi_final,,Brazil,England,0.001,,,,0.4966597319088994,0.5033402680911006,1.0
101,semi_final,,Brazil,France,0.001,,,,0.4407877680526487,0.5592122319473514,1.0
101,semi_final,,Brazil,Germany,0.001,,,,0.5353726050490967,0.4646273949509033,1.0
101,semi_final,,Brazil,Norway,0.001,,,,0.5714297284760221,0.4285702715239778,1.0
101,semi_final,,Brazil,South Africa,0.001,,,,0.88195771147183,0.11804228852817,1.0
101,semi_final,,Brazil,Switzerland,0.001,,,,0.6225874731534519,0.3774125268465481,1.0
101,semi_final,,Canada,Algeria,0.001,,,,0.4918490026920347,0.5081509973079653,1.0
101,semi_final,,Canada,Egypt,0.001,,,,0.6399833521793299,0.3600166478206701,1.0
101,semi_final,,Canada,Mexico,0.001,,,,0.4206615373632626,0.5793384626367374,1.0
101,semi_final,,Canada,South Korea,0.001,,,,0.5785053154783667,0.4214946845216333,1.0
101,semi_final,,Czech Republic,Algeria,0.001,,,,0.3967245449357335,0.6032754550642665,1.0
101,semi_final,,Czech Republic,Argentina,0.001,,,,0.1256910961823877,0.8743089038176122,1.0
101,semi_final,,Czech Republic,Austria,0.001,,,,0.3450786250023071,0.6549213749976929,1.0
101,semi_final,,Czech Republic,Ecuador,0.001,,,,0.3026917518854796,0.6973082481145204,1.0
101,semi_final,,Czech Republic,France,0.001,,,,0.1941628285628286,0.8058371714371713,1.0
101,semi_final,,Czech Republic,Mexico,0.001,,,,0.3382615753087252,0.6617384246912748,1.0
101,semi_final,,Czech Republic,Switzerland,0.001,,,,0.3238377679059568,0.6761622320940431,1.0
101,semi_final,,Ecuador,Bosnia and Herzegovina,0.001,,,,0.860214647775293,0.139785352224707,1.0
101,semi_final,,Ecuador,Canada,0.001,,,,0.6206043968711347,0.3793956031288653,1.0
101,semi_final,,Ecuador,Czech Republic,0.001,,,,0.6973082481145204,0.3026917518854796,1.0
101,semi_final,,Ecuador,Germany,0.001,,,,0.4353533633058137,0.5646466366941862,1.0
101,semi_final,,Ecuador,Mexico,0.001,,,,0.5427812770695837,0.4572187229304163,1.0
101,semi_final,,Ecuador,Panama,0.001,,,,0.7820866597445825,0.2179133402554175,1.0
101,semi_final,,Ecuador,Uruguay,0.001,,,,0.6123269966516893,0.3876730033483107,1.0
101,semi_final,,Egypt,Spain,0.001,,,,0.1153733630287737,0.8846266369712262,1.0
101,semi_final,,France,Algeria,0.001,,,,0.7300941199178983,0.2699058800821017,1.0
101,semi_final,,France,Czech Republic,0.001,,,,0.8058371714371713,0.1941628285628287,1.0
101,semi_final,,France,Germany,0.001,,,,0.5935306957939386,0.4064693042060614,1.0
101,semi_final,,France,Panama,0.001,,,,0.8702657848990416,0.1297342151009584,1.0
101,semi_final,,France,South Korea,0.001,,,,0.8005268676926532,0.1994731323073467,1.0
101,semi_final,,France,Switzerland,0.001,,,,0.6762256549737171,0.3237743450262829,1.0
101,semi_final,,France,Turkey,0.001,,,,0.6899583921734266,0.3100416078265734,1.0
101,semi_final,,France,United States,0.001,,,,0.81327221050239,0.18672778949761,1.0
101,semi_final,,Germany,Canada,0.001,,,,0.6781952618589676,0.3218047381410324,1.0
101,semi_final,,Germany,Mexico,0.001,,,,0.6058470141200872,0.3941529858799127,1.0
101,semi_final,,Germany,Norway,0.001,,,,0.5363562472918983,0.4636437527081016,1.0
101,semi_final,,Germany,Switzerland,0.001,,,,0.5891695423958321,0.4108304576041679,1.0
101,semi_final,,Haiti,England,0.001,,,,0.1084996039982939,0.891500396001706,1.0
101,semi_final,,Iran,Portugal,0.001,,,,0.311279319216988,0.688720680783012,1.0
101,semi_final,,Iran,Turkey,0.001,,,,0.4183034234987939,0.5816965765012061,1.0
101,semi_final,,Iraq,Argentina,0.001,,,,0.0606177607569217,0.9393822392430782,1.0
101,semi_final,,Iraq,Portugal,0.001,,,,0.1205023589093572,0.8794976410906428,1.0
101,semi_final,,Ivory Coast,Algeria,0.001,,,,0.4381263904127461,0.5618736095872539,1.0
101,semi_final,,Ivory Coast,Australia,0.001,,,,0.4980625666951007,0.5019374333048993,1.0
101,semi_final,,Ivory Coast,Canada,0.001,,,,0.446934814192404,0.553065185807596,1.0
101,semi_final,,Ivory Coast,Colombia,0.001,,,,0.2813771310521523,0.7186228689478478,1.0
101,semi_final,,Ivory Coast,Iran,0.001,,,,0.4526859987056377,0.5473140012943623,1.0
101,semi_final,,Ivory Coast,Uruguay,0.001,,,,0.4390793049814651,0.5609206950185348,1.0
101,semi_final,,Ivory Coast,Uzbekistan,0.001,,,,0.6025124037057146,0.3974875962942854,1.0
101,semi_final,,Japan,Algeria,0.001,,,,0.6514380210771643,0.3485619789228357,1.0
101,semi_final,,Japan,DR Congo,0.001,,,,0.8249082515827285,0.1750917484172715,1.0
101,semi_final,,Japan,Egypt,0.001,,,,0.7755194072180374,0.2244805927819626,1.0
101,semi_final,,Japan,France,0.001,,,,0.3933510950895046,0.6066489049104953,1.0
101,semi_final,,Japan,Panama,0.001,,,,0.8203054535532028,0.1796945464467971,1.0
101,semi_final,,Japan,South Korea,0.001,,,,0.7313591690339342,0.2686408309660658,1.0
101,semi_final,,Japan,United States,0.001,,,,0.7372695151814772,0.2627304848185228,1.0
101,semi_final,,Japan,Uzbekistan,0.001,,,,0.786139290764927,0.213860709235073,1.0
101,semi_final,,Mexico,Bosnia and Herzegovina,0.001,,,,0.843262431006945,0.156737568993055,1.0
101,semi_final,,Mexico,DR Congo,0.001,,,,0.7675028975397602,0.2324971024602398,1.0
101,semi_final,,Mexico,France,0.001,,,,0.3084464873219043,0.6915535126780957,1.0
101,semi_final,,Mexico,Iran,0.001,,,,0.5824085718789145,0.4175914281210855,1.0
101,semi_final,,Mexico,Jordan,0.001,,,,0.7900751369724253,0.2099248630275747,1.0
101,semi_final,,Mexico,Norway,0.001,,,,0.4324756136515216,0.5675243863484783,1.0
101,semi_final,,Mexico,Paraguay,0.001,,,,0.6361210937601647,0.3638789062398353,1.0
101,semi_final,,Mexico,Senegal,0.001,,,,0.5926312427591951,0.4073687572408049,1.0
101,semi_final,,Mexico,Turkey,0.001,,,,0.4955856406229565,0.5044143593770435,1.0
101,semi_final,,Mexico,United States,0.001,,,,0.658480436662992,0.3415195633370079,1.0
101,semi_final,,Mexico,Uruguay,0.001,,,,0.5719384909964951,0.4280615090035049,1.0
101,semi_final,,Morocco,Algeria,0.001,,,,0.6560955125204188,0.3439044874795812,1.0
101,semi_final,,Morocco,Australia,0.001,,,,0.705862224098085,0.294137775901915,1.0
101,semi_final,,Morocco,Paraguay,0.001,,,,0.7074082103927866,0.2925917896072134,1.0
101,semi_final,,Morocco,South Korea,0.001,,,,0.7318637224509673,0.2681362775490327,1.0
101,semi_final,,Netherlands,Algeria,0.001,,,,0.636872446561422,0.363127553438578,1.0
101,semi_final,,Netherlands,Australia,0.001,,,,0.6966910796786168,0.3033089203213832,1.0
101,semi_final,,Netherlands,Austria,0.001,,,,0.5881191958628535,0.4118808041371464,1.0
101,semi_final,,Netherlands,Egypt,0.001,,,,0.7650959132791839,0.234904086720816,1.0
101,semi_final,,Netherlands,France,0.001,,,,0.3809930049521787,0.6190069950478213,1.0
101,semi_final,,Netherlands,Japan,0.001,,,,0.4873556022696559,0.5126443977303441,1.0
101,semi_final,,Netherlands,Norway,0.001,,,,0.510095646210057,0.489904353789943,1.0
101,semi_final,,Netherlands,Senegal,0.001,,,,0.6613275687533046,0.3386724312466954,1.0
101,semi_final,,Netherlands,Uruguay,0.001,,,,0.6490118180654232,0.3509881819345768,1.0
101,semi_final,,Norway,Algeria,0.001,,,,0.6271542888207873,0.3728457111792127,1.0
101,semi_final,,Norway,Canada,0.001,,,,0.6433633033095673,0.3566366966904327,1.0
101,semi_final,,Norway,France,0.001,,,,0.3732378416550563,0.6267621583449436,1.0
101,semi_final,,Norway,Germany,0.001,,,,0.4636437527081015,0.5363562472918985,1.0
101,semi_final,,Norway,Mexico,0.001,,,,0.5675243863484782,0.4324756136515217,1.0
101,semi_final,,Norway,Paraguay,0.001,,,,0.6989289697633181,0.3010710302366819,1.0
101,semi_final,,Norway,South Korea,0.001,,,,0.7134630375170826,0.2865369624829174,1.0
101,semi_final,,Norway,Switzerland,0.001,,,,0.5519673202435382,0.4480326797564617,1.0
101,semi_final,,Norway,Uruguay,0.001,,,,0.6376420812303831,0.3623579187696168,1.0
101,semi_final,,Norway,Uzbekistan,0.001,,,,0.7711398396111899,0.22886016038881,1.0
101,semi_final,,Paraguay,Germany,0.001,,,,0.2676469292421106,0.7323530707578894,1.0
101,semi_final,,Paraguay,Iran,0.001,,,,0.445384741357443,0.554615258642557,1.0
101,semi_final,,Paraguay,Uruguay,0.001,,,,0.4342698258463622,0.5657301741536378,1.0
101,semi_final,,Scotland,Belgium,0.001,,,,0.2639416913511131,0.7360583086488869,1.0
101,semi_final,,Scotland,England,0.001,,,,0.2168872502473777,0.7831127497526222,1.0
101,semi_final,,Scotland,Iran,0.001,,,,0.4110858302880539,0.588914169711946,1.0
101,semi_final,,Scotland,Jordan,0.001,,,,0.6586330339429134,0.3413669660570866,1.0
101,semi_final,,Senegal,Australia,0.001,,,,0.5355251000055378,0.4644748999944622,1.0
101,semi_final,,Senegal,Austria,0.001,,,,0.4205029499023314,0.5794970500976686,1.0
101,semi_final,,Senegal,Ivory Coast,0.001,,,,0.5369504619520632,0.4630495380479368,1.0
101,semi_final,,Senegal,Portugal,0.001,,,,0.3039822218087367,0.6960177781912633,1.0
101,semi_final,,Senegal,Switzerland,0.001,,,,0.3938723300618129,0.6061276699381871,1.0
101,semi_final,,Senegal,Turkey,0.001,,,,0.4088800433421042,0.5911199566578957,1.0
101,semi_final,,Senegal,United States,0.001,,,,0.5717117045617935,0.4282882954382064,1.0
101,semi_final,,South Africa,Turkey,0.001,,,,0.1699520203768187,0.8300479796231813,1.0
101,semi_final,,South Korea,Argentina,0.001,,,,0.1313925819402959,0.8686074180597041,1.0
101,semi_final,,South Korea,Colombia,0.001,,,,0.2548214518680239,0.7451785481319761,1.0
101,semi_final,,South Korea,France,0.001,,,,0.1994731323073467,0.8005268676926532,1.0
101,semi_final,,South Korea,Germany,0.001,,,,0.2593319455388161,0.7406680544611839,1.0
101,semi_final,,Sweden,Argentina,0.001,,,,0.0904069391138555,0.9095930608861444,1.0
101,semi_final,,Sweden,Austria,0.001,,,,0.2735952443785428,0.7264047556214572,1.0
101,semi_final,,Sweden,Croatia,0.001,,,,0.2790751666554932,0.7209248333445067,1.0
101,semi_final,,Switzerland,Austria,0.001,,,,0.5285640509484347,0.4714359490515653,1.0
101,semi_final,,Switzerland,Canada,0.001,,,,0.5975242023117538,0.4024757976882461,1.0
101,semi_final,,Switzerland,Czech Republic,0.001,,,,0.6761622320940431,0.3238377679059568,1.0
101,semi_final,,Switzerland,Ecuador,0.001,,,,0.4776122461974653,0.5223877538025347,1.0
101,semi_final,,Switzerland,Egypt,0.001,,,,0.7193694891058834,0.2806305108941166,1.0
101,semi_final,,Switzerland,France,0.001,,,,0.3237743450262828,0.6762256549737171,1.0
101,semi_final,,Switzerland,Iran,0.001,,,,0.5968174105793255,0.4031825894206745,1.0
101,semi_final,,Switzerland,Portugal,0.001,,,,0.3971499476698773,0.6028500523301227,1.0
101,semi_final,,Switzerland,United States,0.001,,,,0.6772735548785875,0.3227264451214124,1.0
101,semi_final,,Turkey,Australia,0.001,,,,0.6287214524613528,0.3712785475386472,1.0
101,semi_final,,Turkey,Canada,0.001,,,,0.5832200411032832,0.4167799588967168,1.0
101,semi_final,,Turkey,England,0.001,,,,0.3588078835658009,0.641192116434199,1.0
101,semi_final,,United States,Austria,0.001,,,,0.349753053389052,0.650246946610948,1.0
101,semi_final,,United States,Egypt,0.001,,,,0.558144634189994,0.4418553658100059,1.0
101,semi_final,,United States,Portugal,0.001,,,,0.2376422996995257,0.7623577003004743,1.0
101,semi_final,,Uruguay,Argentina,0.001,,,,0.1758872907967765,0.8241127092032234,1.0
102,semi_final,,England,Argentina,0.05,,,,0.3381187059521877,0.6618812940478123,50.0
102,semi_final,,Morocco,Argentina,0.04,,,,0.2932209290422395,0.7067790709577605,40.0
102,semi_final,,France,Argentina,0.021,,,,0.3892393092830036,0.6107606907169965,21.0
102,semi_final,,Germany,Argentina,0.021,,,,0.2996825401407175,0.7003174598592825,21.0
102,semi_final,,Netherlands,Argentina,0.021,,,,0.2776914938729104,0.7223085061270895,21.0
102,semi_final,,England,Spain,0.019,,,,0.3368196360653009,0.6631803639346991,19.0
102,semi_final,,Colombia,Argentina,0.016,,,,0.3110715919399893,0.6889284080600107,16.0
102,semi_final,,England,Portugal,0.015,,,,0.528007203850159,0.471992796149841,15.0
102,semi_final,,Norway,Argentina,0.015,,,,0.2682063247869259,0.731793675213074,15.0
102,semi_final,,Ecuador,Argentina,0.014,,,,0.2546951815717577,0.7453048184282423,14.0
102,semi_final,,England,Colombia,0.014,,,,0.5302260089043562,0.4697739910956438,14.0
102,semi_final,,Japan,Argentina,0.014,,,,0.2888618288434711,0.7111381711565289,14.0
102,semi_final,,Morocco,Belgium,0.014,,,,0.5161465786718022,0.4838534213281977,14.0
102,semi_final,,Croatia,Argentina,0.013,,,,0.2073512757624995,0.7926487242375004,13.0
102,semi_final,,England,Switzerland,0.011,,,,0.6267452310770958,0.3732547689229042,11.0
102,semi_final,,Brazil,Argentina,0.01,,,,0.3351895208590739,0.6648104791409262,10.0
102,semi_final,,England,Austria,0.01,,,,0.654800679439433,0.345199320560567,10.0
102,semi_final,,France,Belgium,0.01,,,,0.6153736057804472,0.3846263942195528,10.0
102,semi_final,,Morocco,Colombia,0.01,,,,0.473285614882368,0.526714385117632,10.0
102,semi_final,,Morocco,Portugal,0.01,,,,0.4735608485262033,0.5264391514737967,10.0
102,semi_final,,Brazil,Spain,0.009,,,,0.3281771112179441,0.6718228887820559,9.0
102,semi_final,,France,Spain,0.009,,,,0.3826404799214902,0.6173595200785098,9.0
102,semi_final,,Morocco,Austria,0.009,,,,0.6043438281367227,0.3956561718632773,9.0
102,semi_final,,Czech Republic,Argentina,0.008,,,,0.1256910961823877,0.8743089038176122,8.0
102,semi_final,,England,Belgium,0.008,,,,0.5691416756494234,0.4308583243505766,8.0
102,semi_final,,Norway,Spain,0.008,,,,0.2712887482692422,0.7287112517307578,8.0
102,semi_final,,England,Algeria,0.007,,,,0.7001298744855432,0.2998701255144568,7.0
102,semi_final,,England,Turkey,0.007,,,,0.6411921164341989,0.358807883565801,7.0
102,semi_final,,France,Colombia,0.007,,,,0.585648093022735,0.414351906977265,7.0
102,semi_final,,Mexico,Argentina,0.007,,,,0.2215456121668036,0.7784543878331964,7.0
102,semi_final,,Norway,Belgium,0.007,,,,0.4872745025862511,0.5127254974137488,7.0
102,semi_final,,Spain,Argentina,0.007,,,,0.5035531580645625,0.4964468419354375,7.0
102,semi_final,,Brazil,Algeria,0.006,,,,0.6871766516167312,0.3128233483832687,6.0
102,semi_final,,Ecuador,Algeria,0.006,,,,0.6125327082215277,0.3874672917784723,6.0
102,semi_final,,France,Austria,0.006,,,,0.6937138361967508,0.3062861638032492,6.0
102,semi_final,,Ivory Coast,Argentina,0.006,,,,0.1503525422130968,0.8496474577869032,6.0
102,semi_final,,Japan,Portugal,0.006,,,,0.4714136455466503,0.5285863544533498,6.0
102,semi_final,,Portugal,Argentina,0.006,,,,0.3122500876968886,0.6877499123031114,6.0
102,semi_final,,Ecuador,Turkey,0.005,,,,0.5365055903756231,0.4634944096243769,5.0
102,semi_final,,England,Canada,0.005,,,,0.7114797762131378,0.2885202237868621,5.0
102,semi_final,,England,Iran,0.005,,,,0.7140326508161219,0.2859673491838781,5.0
102,semi_final,,France,Iran,0.005,,,,0.7461990045034034,0.2538009954965966,5.0
102,semi_final,,France,Portugal,0.005,,,,0.5794201625705282,0.4205798374294718,5.0
102,semi_final,,Germany,Belgium,0.005,,,,0.5239991432482366,0.4760008567517634,5.0
102,semi_final,,Germany,Colombia,0.005,,,,0.4912021157331433,0.5087978842668567,5.0
102,semi_final,,Germany,Spain,0.005,,,,0.2976719484521957,0.7023280515478043,5.0
102,semi_final,,Germany,Turkey,0.005,,,,0.6045951643182648,0.3954048356817352,5.0
102,semi_final,,Japan,Spain,0.005,,,,0.2916289970688298,0.7083710029311702,5.0
102,semi_final,,Morocco,Spain,0.005,,,,0.2990811156155361,0.7009188843844639,5.0
102,semi_final,,Morocco,Switzerland,0.005,,,,0.5699762859703535,0.4300237140296464,5.0
102,semi_final,,Netherlands,Austria,0.005,,,,0.5881191958628535,0.4118808041371464,5.0
102,semi_final,,Netherlands,Switzerland,0.005,,,,0.5620445206483045,0.4379554793516955,5.0
102,semi_final,,Norway,Switzerland,0.005,,,,0.5519673202435382,0.4480326797564617,5.0
102,semi_final,,Portugal,Belgium,0.005,,,,0.5393474172229327,0.4606525827770673,5.0
102,semi_final,,Colombia,Portugal,0.004,,,,0.494726015711058,0.505273984288942,4.0
102,semi_final,,Croatia,Spain,0.004,,,,0.2049359896332762,0.7950640103667238,4.0
102,semi_final,,Ecuador,Austria,0.004,,,,0.5579350007729788,0.4420649992270212,4.0
102,semi_final,,Ecuador,Spain,0.004,,,,0.2482397703601984,0.7517602296398016,4.0
102,semi_final,,Ecuador,Switzerland,0.004,,,,0.5223877538025347,0.4776122461974653,4.0
102,semi_final,,France,Algeria,0.004,,,,0.7300941199178983,0.2699058800821017,4.0
102,semi_final,,Germany,Switzerland,0.004,,,,0.5891695423958321,0.4108304576041679,4.0
102,semi_final,,Ivory Coast,Portugal,0.004,,,,0.2756796950449742,0.7243203049550258,4.0
102,semi_final,,Morocco,France,0.004,,,,0.3954679199482592,0.6045320800517408,4.0
102,semi_final,,Netherlands,Belgium,0.004,,,,0.4977712722815451,0.502228727718455,4.0
102,semi_final,,Netherlands,Portugal,0.004,,,,0.458213452999483,0.541786547000517,4.0
102,semi_final,,Norway,Canada,0.004,,,,0.6433633033095673,0.3566366966904327,4.0
102,semi_final,,Norway,Colombia,0.004,,,,0.4538777403912886,0.5461222596087114,4.0
102,semi_final,,Norway,Portugal,0.004,,,,0.4483148639751579,0.551685136024842,4.0
102,semi_final,,Portugal,Spain,0.004,,,,0.3110218576449556,0.6889781423550443,4.0
102,semi_final,,Senegal,Argentina,0.004,,,,0.1678228809634767,0.8321771190365232,4.0
102,semi_final,,Senegal,Portugal,0.004,,,,0.3039822218087367,0.6960177781912633,4.0
102,semi_final,,Spain,Portugal,0.004,,,,0.6889781423550443,0.3110218576449557,4.0
102,semi_final,,Brazil,Canada,0.003,,,,0.7079722074413041,0.2920277925586959,3.0
102,semi_final,,Brazil,Iran,0.003,,,,0.702960115693482,0.2970398843065179,3.0
102,semi_final,,Brazil,Portugal,0.003,,,,0.5213246863240992,0.4786753136759007,3.0
102,semi_final,,Croatia,Uruguay,0.003,,,,0.5573748702826091,0.4426251297173909,3.0
102,semi_final,,Ecuador,Australia,0.003,,,,0.6655979469725826,0.3344020530274174,3.0
102,semi_final,,Ecuador,Belgium,0.003,,,,0.4655775183670963,0.5344224816329037,3.0
102,semi_final,,Ecuador,Colombia,0.003,,,,0.4245865170622711,0.5754134829377289,3.0
102,semi_final,,Ecuador,Portugal,0.003,,,,0.4228384700129488,0.5771615299870512,3.0
102,semi_final,,England,Australia,0.003,,,,0.7511317573430816,0.2488682426569184,3.0
102,semi_final,,England,Croatia,0.003,,,,0.6597276383314049,0.3402723616685951,3.0
102,semi_final,,England,Egypt,0.003,,,,0.8110517558950715,0.1889482441049285,3.0
102,semi_final,,England,France,0.003,,,,0.4459286471440558,0.5540713528559442,3.0
102,semi_final,,England,Senegal,0.003,,,,0.7216349009056227,0.2783650990943773,3.0
102,semi_final,,England,Uruguay,0.003,,,,0.7047866910319784,0.2952133089680215,3.0
102,semi_final,,France,England,0.003,,,,0.5540713528559442,0.4459286471440558,3.0
102,semi_final,,Germany,Algeria,0.003,,,,0.6585705965413005,0.3414294034586995,3.0
102,semi_final,,Germany,Austria,0.003,,,,0.6126706316719046,0.3873293683280954,3.0
102,semi_final,,Germany,Portugal,0.003,,,,0.485010101452174,0.5149898985478261,3.0
102,semi_final,,Germany,Uruguay,0.003,,,,0.6749120930638229,0.325087906936177,3.0
102,semi_final,,Japan,Switzerland,0.003,,,,0.5720218427135615,0.4279781572864385,3.0
102,semi_final,,Japan,Turkey,0.003,,,,0.5872715900237254,0.4127284099762746,3.0
102,semi_final,,Mexico,Switzerland,0.003,,,,0.4807775502283299,0.5192224497716701,3.0
102,semi_final,,Morocco,Australia,0.003,,,,0.705862224098085,0.294137775901915,3.0
102,semi_final,,Morocco,Ecuador,0.003,,,,0.5363741666106292,0.4636258333893708,3.0
102,semi_final,,Morocco,England,0.003,,,,0.443249212169303,0.556750787830697,3.0
102,semi_final,,Morocco,Iran,0.003,,,,0.6684582366461199,0.3315417633538801,3.0
102,semi_final,,Morocco,Turkey,0.003,,,,0.5847501542460797,0.4152498457539203,3.0
102,semi_final,,Netherlands,Colombia,0.003,,,,0.4637118496027702,0.5362881503972299,3.0
102,semi_final,,Norway,Australia,0.003,,,,0.6881965028787662,0.3118034971212338,3.0
102,semi_final,,Norway,Turkey,0.003,,,,0.5678467390172274,0.4321532609827726,3.0
102,semi_final,,Portugal,Colombia,0.003,,,,0.505273984288942,0.494726015711058,3.0
102,semi_final,,Senegal,Iran,0.003,,,,0.4895917509079837,0.5104082490920163,3.0
102,semi_final,,Senegal,Spain,0.003,,,,0.1757898279910165,0.8242101720089834,3.0
102,semi_final,,South Korea,Argentina,0.003,,,,0.1313925819402959,0.8686074180597041,3.0
102,semi_final,,Algeria,Argentina,0.002,,,,0.1841750296741359,0.815824970325864,2.0
102,semi_final,,Argentina,Belgium,0.002,,,,0.7218513509073634,0.2781486490926366,2.0
102,semi_final,,Brazil,Australia,0.002,,,,0.7434499165397411,0.2565500834602588,2.0
102,semi_final,,Brazil,Belgium,0.002,,,,0.559867770959559,0.440132229040441,2.0
102,semi_final,,Brazil,France,0.002,,,,0.4407877680526487,0.5592122319473514,2.0
102,semi_final,,Brazil,Switzerland,0.002,,,,0.6225874731534519,0.3774125268465481,2.0
102,semi_final,,Brazil,Turkey,0.002,,,,0.6369768505036153,0.3630231494963847,2.0
102,semi_final,,Colombia,England,0.002,,,,0.4697739910956438,0.5302260089043562,2.0
102,semi_final,,Colombia,France,0.002,,,,0.4143519069772649,0.585648093022735,2.0
102,semi_final,,Colombia,Switzerland,0.002,,,,0.5970558281350283,0.4029441718649716,2.0
102,semi_final,,Croatia,Algeria,0.002,,,,0.5481034781848396,0.4518965218151604,2.0
102,semi_final,,Croatia,Austria,0.002,,,,0.4933746390655308,0.5066253609344691,2.0
102,semi_final,,Croatia,England,0.002,,,,0.3402723616685952,0.6597276383314048,2.0
102,semi_final,,Croatia,Switzerland,0.002,,,,0.4637948066271847,0.5362051933728154,2.0
102,semi_final,,Czech Republic,Algeria,0.002,,,,0.3967245449357335,0.6032754550642665,2.0
102,semi_final,,Czech Republic,Austria,0.002,,,,0.3450786250023071,0.6549213749976929,2.0
102,semi_final,,Ecuador,France,0.002,,,,0.3435941879555346,0.6564058120444654,2.0
102,semi_final,,Ecuador,Iran,0.002,,,,0.6244871067215202,0.3755128932784798,2.0
102,semi_final,,Ecuador,United States,0.002,,,,0.6930426746705335,0.3069573253294665,2.0
102,semi_final,,England,DR Congo,0.002,,,,0.8525586943667169,0.147441305633283,2.0
102,semi_final,,England,Ecuador,0.002,,,,0.5993213225089371,0.4006786774910629,2.0
102,semi_final,,England,Uzbekistan,0.002,,,,0.8206360546099305,0.1793639453900695,2.0
102,semi_final,,France,DR Congo,0.002,,,,0.8640866104694283,0.1359133895305717,2.0
102,semi_final,,France,Ecuador,0.002,,,,0.6564058120444652,0.3435941879555347,2.0
102,semi_final,,France,Paraguay,0.002,,,,0.7992304200594756,0.2007695799405243,2.0
102,semi_final,,France,Switzerland,0.002,,,,0.6762256549737171,0.3237743450262829,2.0
102,semi_final,,France,Turkey,0.002,,,,0.6899583921734266,0.3100416078265734,2.0
102,semi_final,,Germany,Egypt,0.002,,,,0.7819363419077903,0.2180636580922097,2.0
102,semi_final,,Germany,England,0.002,,,,0.4576450814743856,0.5423549185256143,2.0
102,semi_final,,Germany,France,0.002,,,,0.4064693042060614,0.5935306957939386,2.0
102,semi_final,,Germany,Iran,0.002,,,,0.6754309033023883,0.3245690966976117,2.0
102,semi_final,,Germany,Paraguay,0.002,,,,0.7323530707578892,0.2676469292421107,2.0
102,semi_final,,Ivory Coast,Canada,0.002,,,,0.446934814192404,0.553065185807596,2.0
102,semi_final,,Japan,Croatia,0.002,,,,0.6065972768367605,0.3934027231632395,2.0
102,semi_final,,Japan,Iran,0.002,,,,0.6661406649230358,0.3338593350769642,2.0
102,semi_final,,Mexico,Australia,0.002,,,,0.6267411545920293,0.3732588454079707,2.0
102,semi_final,,Mexico,Belgium,0.002,,,,0.4212516378922856,0.5787483621077143,2.0
102,semi_final,,Mexico,England,0.002,,,,0.3580479742919781,0.6419520257080218,2.0
102,semi_final,,Mexico,Iran,0.002,,,,0.5824085718789145,0.4175914281210855,2.0
102,semi_final,,Mexico,Portugal,0.002,,,,0.3811762182363093,0.6188237817636906,2.0
102,semi_final,,Morocco,Algeria,0.002,,,,0.6560955125204188,0.3439044874795812,2.0
102,semi_final,,Morocco,Canada,0.002,,,,0.6589004804524101,0.3410995195475899,2.0
102,semi_final,,Morocco,Paraguay,0.002,,,,0.7074082103927866,0.2925917896072134,2.0
102,semi_final,,Netherlands,France,0.002,,,,0.3809930049521787,0.6190069950478213,2.0
102,semi_final,,Netherlands,Turkey,0.002,,,,0.5775856790475881,0.4224143209524119,2.0
102,semi_final,,Netherlands,Uruguay,0.002,,,,0.6490118180654232,0.3509881819345768,2.0
102,semi_final,,Norway,Ecuador,0.002,,,,0.5235363024815783,0.4764636975184216,2.0
102,semi_final,,Norway,England,0.002,,,,0.419046187386575,0.580953812613425,2.0
102,semi_final,,Norway,France,0.002,,,,0.3732378416550563,0.6267621583449436,2.0
102,semi_final,,Norway,Uruguay,0.002,,,,0.6376420812303831,0.3623579187696168,2.0
102,semi_final,,Portugal,Austria,0.002,,,,0.6270449986351238,0.3729550013648762,2.0
102,semi_final,,Portugal,Canada,0.002,,,,0.6901561567103641,0.3098438432896359,2.0
102,semi_final,,Portugal,England,0.002,,,,0.4719927961498409,0.5280072038501591,2.0
102,semi_final,,Scotland,Argentina,0.002,,,,0.1232286344765436,0.8767713655234564,2.0
102,semi_final,,Senegal,Algeria,0.002,,,,0.4746362048813221,0.5253637951186779,2.0
102,semi_final,,South Korea,Algeria,0.002,,,,0.4094969491090285,0.5905030508909714,2.0
102,semi_final,,South Korea,Colombia,0.002,,,,0.2548214518680239,0.7451785481319761,2.0
102,semi_final,,South Korea,Iran,0.002,,,,0.423819722010349,0.576180277989651,2.0
102,semi_final,,South Korea,Spain,0.002,,,,0.1354091612217713,0.8645908387782287,2.0
102,semi_final,,South Korea,Uruguay,0.002,,,,0.415987779152614,0.584012220847386,2.0
102,semi_final,,Spain,Canada,0.002,,,,0.828080539637209,0.171919460362791,2.0
102,semi_final,,Argentina,Austria,0.001,,,,0.7864841280025551,0.2135158719974449,1.0
102,semi_final,,Argentina,Canada,0.001,,,,0.8278901885202584,0.1721098114797415,1.0
102,semi_final,,Argentina,Colombia,0.001,,,,0.6889284080600107,0.3110715919399893,1.0
102,semi_final,,Argentina,Germany,0.001,,,,0.7003174598592825,0.2996825401407175,1.0
102,semi_final,,Argentina,Paraguay,0.001,,,,0.8608496575335528,0.1391503424664472,1.0
102,semi_final,,Argentina,Spain,0.001,,,,0.4964468419354376,0.5035531580645624,1.0
102,semi_final,,Argentina,Switzerland,0.001,,,,0.7680508624885581,0.2319491375114418,1.0
102,semi_final,,Argentina,Uruguay,0.001,,,,0.8241127092032234,0.1758872907967765,1.0
102,semi_final,,Austria,Argentina,0.001,,,,0.2135158719974449,0.7864841280025551,1.0
102,semi_final,,Brazil,Austria,0.001,,,,0.6447446700452591,0.3552553299547408,1.0
102,semi_final,,Brazil,Colombia,0.001,,,,0.5272632839895478,0.4727367160104522,1.0
102,semi_final,,Brazil,Croatia,0.001,,,,0.6556028720371787,0.3443971279628213,1.0
102,semi_final,,Brazil,Egypt,0.001,,,,0.8003352494377252,0.1996647505622748,1.0
102,semi_final,,Brazil,Germany,0.001,,,,0.5353726050490967,0.4646273949509033,1.0
102,semi_final,,Brazil,Jordan,0.001,,,,0.8653280006231606,0.1346719993768393,1.0
102,semi_final,,Brazil,Senegal,0.001,,,,0.7095766436745493,0.2904233563254507,1.0
102,semi_final,,Brazil,United States,0.001,,,,0.7745677718488843,0.2254322281511157,1.0
102,semi_final,,Cape Verde,Argentina,0.001,,,,0.0465992374072691,0.9534007625927308,1.0
102,semi_final,,Cape Verde,Belgium,0.001,,,,0.1027639145778188,0.8972360854221811,1.0
102,semi_final,,Colombia,Belgium,0.001,,,,0.5344286930586617,0.4655713069413383,1.0
102,semi_final,,Colombia,Ecuador,0.001,,,,0.575413482937729,0.424586517062271,1.0
102,semi_final,,Colombia,Egypt,0.001,,,,0.7861928428161038,0.2138071571838962,1.0
102,semi_final,,Colombia,Iran,0.001,,,,0.6831136344493856,0.3168863655506144,1.0
102,semi_final,,Colombia,Norway,0.001,,,,0.5461222596087114,0.4538777403912886,1.0
102,semi_final,,Colombia,Paraguay,0.001,,,,0.7384398028517586,0.2615601971482414,1.0
102,semi_final,,Colombia,Turkey,0.001,,,,0.6117399641781387,0.3882600358218613,1.0
102,semi_final,,Croatia,Colombia,0.001,,,,0.3688547076677363,0.6311452923322637,1.0
102,semi_final,,Croatia,Ecuador,0.001,,,,0.4417712677220205,0.5582287322779795,1.0
102,semi_final,,Croatia,France,0.001,,,,0.2934675594756938,0.7065324405243061,1.0
102,semi_final,,Croatia,Iran,0.001,,,,0.5630178015401641,0.4369821984598359,1.0
102,semi_final,,Croatia,Norway,0.001,,,,0.4128047358841196,0.5871952641158804,1.0
102,semi_final,,Croatia,Paraguay,0.001,,,,0.6227765794468613,0.3772234205531387,1.0
102,semi_final,,Croatia,Portugal,0.001,,,,0.3631449653839513,0.6368550346160486,1.0
102,semi_final,,Czech Republic,Australia,0.001,,,,0.4598966834967056,0.5401033165032944,1.0
102,semi_final,,Czech Republic,Colombia,0.001,,,,0.2480712587375602,0.7519287412624398,1.0
102,semi_final,,Czech Republic,Croatia,0.001,,,,0.3551773988128082,0.6448226011871918,1.0
102,semi_final,,Czech Republic,Portugal,0.001,,,,0.2397626516923447,0.7602373483076552,1.0
102,semi_final,,Czech Republic,Switzerland,0.001,,,,0.3238377679059568,0.6761622320940431,1.0
102,semi_final,,Czech Republic,Uruguay,0.001,,,,0.4070140827921606,0.5929859172078393,1.0
102,semi_final,,DR Congo,Austria,0.001,,,,0.239449798519907,0.7605502014800929,1.0
102,semi_final,,DR Congo,Norway,0.001,,,,0.1901200609170506,0.8098799390829494,1.0
102,semi_final,,DR Congo,Spain,0.001,,,,0.0939270127962676,0.9060729872037324,1.0
102,semi_final,,DR Congo,Uruguay,0.001,,,,0.2841433338279337,0.7158566661720662,1.0
102,semi_final,,Ecuador,Canada,0.001,,,,0.6206043968711347,0.3793956031288653,1.0
102,semi_final,,Ecuador,England,0.001,,,,0.400678677491063,0.599321322508937,1.0
102,semi_final,,Ecuador,Germany,0.001,,,,0.4353533633058137,0.5646466366941862,1.0
102,semi_final,,Ecuador,Norway,0.001,,,,0.4764636975184217,0.5235363024815782,1.0
102,semi_final,,England,Ghana,0.001,,,,0.9308838146059378,0.0691161853940621,1.0
102,semi_final,,England,Panama,0.001,,,,0.8504007643854705,0.1495992356145294,1.0
102,semi_final,,England,United States,0.001,,,,0.7791815663097176,0.2208184336902824,1.0
102,semi_final,,France,Australia,0.001,,,,0.78361141489663,0.21638858510337,1.0
102,semi_final,,France,Canada,0.001,,,,0.7525677056595234,0.2474322943404766,1.0
102,semi_final,,France,Egypt,0.001,,,,0.8318010388426101,0.1681989611573898,1.0
102,semi_final,,France,Panama,0.001,,,,0.8702657848990416,0.1297342151009584,1.0
102,semi_final,,France,Saudi Arabia,0.001,,,,0.9158394679684178,0.0841605320315822,1.0
102,semi_final,,France,Senegal,0.001,,,,0.7514294309015894,0.2485705690984105,1.0
102,semi_final,,Germany,Australia,0.001,,,,0.7184050389966907,0.2815949610033093,1.0
102,semi_final,,Germany,Canada,0.001,,,,0.6781952618589676,0.3218047381410324,1.0
102,semi_final,,Germany,Ivory Coast,0.001,,,,0.7116987282261885,0.2883012717738115,1.0
102,semi_final,,Germany,Netherlands,0.001,,,,0.5269725071885437,0.4730274928114563,1.0
102,semi_final,,Germany,United States,0.001,,,,0.7520225050289921,0.2479774949710078,1.0
102,semi_final,,Iraq,Algeria,0.001,,,,0.2171360564778145,0.7828639435221855,1.0
102,semi_final,,Ivory Coast,Belgium,0.001,,,,0.3053846628594324,0.6946153371405676,1.0
102,semi_final,,Ivory Coast,England,0.001,,,,0.2510815621392887,0.7489184378607112,1.0
102,semi_final,,Ivory Coast,France,0.001,,,,0.225788860475335,0.774211139524665,1.0
102,semi_final,,Ivory Coast,Germany,0.001,,,,0.2883012717738114,0.7116987282261886,1.0
102,semi_final,,Ivory Coast,Iran,0.001,,,,0.4526859987056377,0.5473140012943623,1.0
102,semi_final,,Ivory Coast,Paraguay,0.001,,,,0.5053784730105885,0.4946215269894115,1.0
102,semi_final,,Ivory Coast,Spain,0.001,,,,0.1593502868009011,0.8406497131990989,1.0
102,semi_final,,Ivory Coast,Uruguay,0.001,,,,0.4390793049814651,0.5609206950185348,1.0
102,semi_final,,Japan,Algeria,0.001,,,,0.6514380210771643,0.3485619789228357,1.0
102,semi_final,,Japan,Belgium,0.001,,,,0.5123756099891676,0.4876243900108323,1.0
102,semi_final,,Japan,Canada,0.001,,,,0.6618530695876866,0.3381469304123133,1.0
102,semi_final,,Japan,Colombia,0.001,,,,0.4741872850252526,0.5258127149747474,1.0
102,semi_final,,Japan,France,0.001,,,,0.3933510950895046,0.6066489049104953,1.0
102,semi_final,,Japan,Germany,0.001,,,,0.4861711572160956,0.5138288427839044,1.0
102,semi_final,,Japan,United States,0.001,,,,0.7372695151814772,0.2627304848185228,1.0
102,semi_final,,Mexico,Colombia,0.001,,,,0.3849130060578664,0.6150869939421336,1.0
102,semi_final,,Mexico,Croatia,0.001,,,,0.5168281669743817,0.4831718330256183,1.0
102,semi_final,,Mexico,Egypt,0.001,,,,0.7072623114198627,0.2927376885801372,1.0
102,semi_final,,Mexico,France,0.001,,,,0.3084464873219043,0.6915535126780957,1.0
102,semi_final,,Mexico,Spain,0.001,,,,0.2188108712454083,0.7811891287545917,1.0
102,semi_final,,Mexico,Turkey,0.001,,,,0.4955856406229565,0.5044143593770435,1.0
102,semi_final,,Mexico,United States,0.001,,,,0.658480436662992,0.3415195633370079,1.0
102,semi_final,,Mexico,Uruguay,0.001,,,,0.5719384909964951,0.4280615090035049,1.0
102,semi_final,,Morocco,Ivory Coast,0.001,,,,0.7091765896785323,0.2908234103214677,1.0
102,semi_final,,Morocco,Netherlands,0.001,,,,0.513760308843874,0.486239691156126,1.0
102,semi_final,,Morocco,Uruguay,0.001,,,,0.6477831169123855,0.3522168830876144,1.0
102,semi_final,,Netherlands,Algeria,0.001,,,,0.636872446561422,0.363127553438578,1.0
102,semi_final,,Netherlands,Canada,0.001,,,,0.6537983312260279,0.346201668773972,1.0
102,semi_final,,Netherlands,Croatia,0.001,,,,0.5972203948060497,0.4027796051939503,1.0
102,semi_final,,Netherlands,Egypt,0.001,,,,0.7650959132791839,0.234904086720816,1.0
102,semi_final,,Netherlands,England,0.001,,,,0.4309070204657954,0.5690929795342046,1.0
102,semi_final,,Netherlands,Germany,0.001,,,,0.4730274928114564,0.5269725071885436,1.0
102,semi_final,,Netherlands,Spain,0.001,,,,0.2769160056538134,0.7230839943461866,1.0
102,semi_final,,Netherlands,United States,0.001,,,,0.730282380458644,0.269717619541356,1.0
102,semi_final,,Norway,Algeria,0.001,,,,0.6271542888207873,0.3728457111792127,1.0
102,semi_final,,Norway,Austria,0.001,,,,0.577814733694235,0.422185266305765,1.0
102,semi_final,,Norway,Croatia,0.001,,,,0.5871952641158803,0.4128047358841197,1.0
102,semi_final,,Norway,Ivory Coast,0.001,,,,0.683932114575752,0.316067885424248,1.0
102,semi_final,,Panama,Argentina,0.001,,,,0.0820306581581056,0.9179693418418944,1.0
102,semi_final,,Portugal,Algeria,0.001,,,,0.6723404820761971,0.3276595179238029,1.0
102,semi_final,,Portugal,DR Congo,0.001,,,,0.835431509861567,0.164568490138433,1.0
102,semi_final,,Portugal,Norway,0.001,,,,0.5516851360248419,0.4483148639751581,1.0
102,semi_final,,Portugal,Panama,0.001,,,,0.8367293175850747,0.1632706824149252,1.0
102,semi_final,,Portugal,Switzerland,0.001,,,,0.6028500523301226,0.3971499476698774,1.0
102,semi_final,,Scotland,Belgium,0.001,,,,0.2639416913511131,0.7360583086488869,1.0
102,semi_final,,Scotland,Canada,0.001,,,,0.4100886192573696,0.5899113807426304,1.0
102,semi_final,,Scotland,Colombia,0.001,,,,0.2417788204276981,0.7582211795723018,1.0
102,semi_final,,Scotland,Croatia,0.001,,,,0.3506616280483856,0.6493383719516144,1.0
102,semi_final,,Scotland,England,0.001,,,,0.2168872502473777,0.7831127497526222,1.0
102,semi_final,,Senegal,Austria,0.001,,,,0.4205029499023314,0.5794970500976686,1.0
102,semi_final,,Senegal,Canada,0.001,,,,0.4840869300805941,0.5159130699194059,1.0
102,semi_final,,Senegal,Colombia,0.001,,,,0.3094632156395112,0.6905367843604888,1.0
102,semi_final,,Senegal,Croatia,0.001,,,,0.427046935227687,0.5729530647723129,1.0
102,semi_final,,Senegal,Egypt,0.001,,,,0.6253840025350733,0.3746159974649267,1.0
102,semi_final,,Senegal,Paraguay,0.001,,,,0.5430564385438366,0.4569435614561634,1.0
102,semi_final,,Senegal,Switzerland,0.001,,,,0.3938723300618129,0.6061276699381871,1.0
102,semi_final,,Senegal,Turkey,0.001,,,,0.4088800433421042,0.5911199566578957,1.0
102,semi_final,,Senegal,Uruguay,0.001,,,,0.4760148503524365,0.5239851496475634,1.0
102,semi_final,,Senegal,Uzbekistan,0.001,,,,0.6381899683094091,0.3618100316905909,1.0
102,semi_final,,South Africa,Ivory Coast,0.001,,,,0.2326623212085889,0.767337678791411,1.0
102,semi_final,,South Africa,Spain,0.001,,,,0.0677026134527502,0.9322973865472498,1.0
102,semi_final,,South Africa,Switzerland,0.001,,,,0.1608697350878501,0.8391302649121499,1.0
102,semi_final,,South Korea,Croatia,0.001,,,,0.3641046959191065,0.6358953040808935,1.0
102,semi_final,,South Korea,Switzerland,0.001,,,,0.3322699152308943,0.6677300847691057,1.0
102,semi_final,,Spain,Croatia,0.001,,,,0.7950640103667238,0.2049359896332762,1.0
102,semi_final,,Spain,England,0.001,,,,0.663180363934699,0.3368196360653009,1.0
102,semi_final,,Spain,France,0.001,,,,0.6173595200785099,0.3826404799214901,1.0
102,semi_final,,Spain,Iran,0.001,,,,0.8213065814224647,0.1786934185775353,1.0
102,semi_final,,Spain,Paraguay,0.001,,,,0.8645872588252346,0.1354127411747654,1.0
102,semi_final,,Spain,Senegal,0.001,,,,0.8242101720089834,0.1757898279910166,1.0
102,semi_final,,Spain,Turkey,0.001,,,,0.7828964410964084,0.2171035589035915,1.0
102,semi_final,,Spain,United States,0.001,,,,0.8765369173239683,0.1234630826760316,1.0
102,semi_final,,Spain,Uruguay,0.001,,,,0.8287009959587011,0.1712990040412989,1.0
102,semi_final,,Sweden,Argentina,0.001,,,,0.0904069391138555,0.9095930608861444,1.0
102,semi_final,,Sweden,Colombia,0.001,,,,0.1850876446937577,0.8149123553062423,1.0
102,semi_final,,Sweden,Paraguay,0.001,,,,0.3946892834794212,0.6053107165205788,1.0
102,semi_final,,Tunisia,Austria,0.001,,,,0.213914243273506,0.786085756726494,1.0
102,semi_final,,Uruguay,Algeria,0.001,,,,0.5008801530701448,0.4991198469298552,1.0
102,semi_final,,Uruguay,Argentina,0.001,,,,0.1758872907967765,0.8241127092032234,1.0
102,semi_final,,Uruguay,Portugal,0.001,,,,0.3140132635530687,0.6859867364469313,1.0
102,semi_final,,Uruguay,Spain,0.001,,,,0.1712990040412989,0.8287009959587011,1.0
102,semi_final,,Uzbekistan,Algeria,0.001,,,,0.3393517145854263,0.6606482854145737,1.0
102,semi_final,,Uzbekistan,Belgium,0.001,,,,0.2204137958907549,0.7795862041092451,1.0
102,semi_final,,Uzbekistan,Iran,0.001,,,,0.3517046499458534,0.6482953500541466,1.0
102,semi_final,,Uzbekistan,Portugal,0.001,,,,0.1964125671961923,0.8035874328038077,1.0
103,final,,Spain,Argentina,0.054,,,,0.5035531580645625,0.4964468419354375,54.0
103,final,,Spain,England,0.03,,,,0.663180363934699,0.3368196360653009,30.0
103,final,,Japan,Argentina,0.018,,,,0.2888618288434711,0.7111381711565289,18.0
103,final,,Argentina,Spain,0.014,,,,0.4964468419354376,0.5035531580645624,14.0
103,final,,Netherlands,Argentina,0.014,,,,0.2776914938729104,0.7223085061270895,14.0
103,final,,Spain,France,0.013,,,,0.6173595200785099,0.3826404799214901,13.0
103,final,,France,Argentina,0.012,,,,0.3892393092830036,0.6107606907169965,12.0
103,final,,Japan,Spain,0.012,,,,0.2916289970688298,0.7083710029311702,12.0
103,final,,Argentina,England,0.011,,,,0.6618812940478123,0.3381187059521877,11.0
103,final,,Spain,Morocco,0.01,,,,0.7009188843844639,0.2990811156155361,10.0
103,final,,Spain,Portugal,0.01,,,,0.6889781423550443,0.3110218576449557,10.0
103,final,,Belgium,Argentina,0.009,,,,0.2781486490926366,0.7218513509073634,9.0
103,final,,Germany,Argentina,0.009,,,,0.2996825401407175,0.7003174598592825,9.0
103,final,,Spain,Colombia,0.009,,,,0.6947356891794826,0.3052643108205174,9.0
103,final,,Spain,Norway,0.009,,,,0.7287112517307578,0.2712887482692422,9.0
103,final,,Turkey,Argentina,0.009,,,,0.2206760350182198,0.7793239649817802,9.0
103,final,,Colombia,Argentina,0.008,,,,0.3110715919399893,0.6889284080600107,8.0
103,final,,Spain,Germany,0.008,,,,0.7023280515478043,0.2976719484521957,8.0
103,final,,Argentina,Portugal,0.007,,,,0.6877499123031114,0.3122500876968885,7.0
103,final,,Brazil,England,0.007,,,,0.4966597319088994,0.5033402680911006,7.0
103,final,,England,Argentina,0.007,,,,0.3381187059521877,0.6618812940478123,7.0
103,final,,France,England,0.007,,,,0.5540713528559442,0.4459286471440558,7.0
103,final,,Mexico,Argentina,0.007,,,,0.2215456121668036,0.7784543878331964,7.0
103,final,,Morocco,Argentina,0.007,,,,0.2932209290422395,0.7067790709577605,7.0
103,final,,Spain,Belgium,0.007,,,,0.7182454436509673,0.2817545563490327,7.0
103,final,,Spain,Croatia,0.007,,,,0.7950640103667238,0.2049359896332762,7.0
103,final,,Argentina,Belgium,0.006,,,,0.7218513509073634,0.2781486490926366,6.0
103,final,,Argentina,France,0.006,,,,0.6107606907169963,0.3892393092830036,6.0
103,final,,Argentina,Morocco,0.006,,,,0.7067790709577606,0.2932209290422394,6.0
103,final,,Brazil,France,0.006,,,,0.4407877680526487,0.5592122319473514,6.0
103,final,,Brazil,Spain,0.006,,,,0.3281771112179441,0.6718228887820559,6.0
103,final,,France,Brazil,0.006,,,,0.5592122319473513,0.4407877680526487,6.0
103,final,,France,Norway,0.006,,,,0.6267621583449438,0.3732378416550562,6.0
103,final,,Netherlands,England,0.006,,,,0.4309070204657954,0.5690929795342046,6.0
103,final,,Norway,Argentina,0.006,,,,0.2682063247869259,0.731793675213074,6.0
103,final,,Norway,England,0.006,,,,0.419046187386575,0.580953812613425,6.0
103,final,,Portugal,Argentina,0.006,,,,0.3122500876968886,0.6877499123031114,6.0
103,final,,Argentina,Brazil,0.005,,,,0.6648104791409261,0.3351895208590739,5.0
103,final,,Argentina,Ecuador,0.005,,,,0.7453048184282423,0.2546951815717577,5.0
103,final,,Ecuador,Argentina,0.005,,,,0.2546951815717577,0.7453048184282423,5.0
103,final,,England,Spain,0.005,,,,0.3368196360653009,0.6631803639346991,5.0
103,final,,Germany,England,0.005,,,,0.4576450814743856,0.5423549185256143,5.0
103,final,,Japan,England,0.005,,,,0.4421778161290071,0.5578221838709929,5.0
103,final,,Japan,France,0.005,,,,0.3933510950895046,0.6066489049104953,5.0
103,final,,Japan,Morocco,0.005,,,,0.4978036429842239,0.5021963570157761,5.0
103,final,,Morocco,England,0.005,,,,0.443249212169303,0.556750787830697,5.0
103,final,,Netherlands,Spain,0.005,,,,0.2769160056538134,0.7230839943461866,5.0
103,final,,Portugal,England,0.005,,,,0.4719927961498409,0.5280072038501591,5.0
103,final,,Portugal,France,0.005,,,,0.4205798374294718,0.5794201625705282,5.0
103,final,,Spain,Austria,0.005,,,,0.7807367342059902,0.2192632657940098,5.0
103,final,,Spain,Ecuador,0.005,,,,0.7517602296398016,0.2482397703601984,5.0
103,final,,Spain,Mexico,0.005,,,,0.7811891287545916,0.2188108712454084,5.0
103,final,,Spain,Switzerland,0.005,,,,0.771149207444107,0.228850792555893,5.0
103,final,,Spain,Turkey,0.005,,,,0.7828964410964084,0.2171035589035915,5.0
103,final,,Argentina,Austria,0.004,,,,0.7864841280025551,0.2135158719974449,4.0
103,final,,Argentina,Colombia,0.004,,,,0.6889284080600107,0.3110715919399893,4.0
103,final,,Argentina,Germany,0.004,,,,0.7003174598592825,0.2996825401407175,4.0
103,final,,Argentina,Iran,0.004,,,,0.8278838502675747,0.1721161497324252,4.0
103,final,,Argentina,Netherlands,0.004,,,,0.7223085061270896,0.2776914938729103,4.0
103,final,,Austria,Argentina,0.004,,,,0.2135158719974449,0.7864841280025551,4.0
103,final,,Belgium,Austria,0.004,,,,0.5899366680037154,0.4100633319962846,4.0
103,final,,Brazil,Morocco,0.004,,,,0.5519593612401956,0.4480406387598044,4.0
103,final,,Colombia,Belgium,0.004,,,,0.5344286930586617,0.4655713069413383,4.0
103,final,,Colombia,Portugal,0.004,,,,0.494726015711058,0.505273984288942,4.0
103,final,,England,Colombia,0.004,,,,0.5302260089043562,0.4697739910956438,4.0
103,final,,France,Ecuador,0.004,,,,0.6564058120444652,0.3435941879555347,4.0
103,final,,France,Morocco,0.004,,,,0.6045320800517408,0.3954679199482592,4.0
103,final,,Morocco,Brazil,0.004,,,,0.4480406387598044,0.5519593612401956,4.0
103,final,,Norway,Portugal,0.004,,,,0.4483148639751579,0.551685136024842,4.0
103,final,,Paraguay,Argentina,0.004,,,,0.139150342466447,0.8608496575335529,4.0
103,final,,Spain,Brazil,0.004,,,,0.6718228887820559,0.3281771112179441,4.0
103,final,,Spain,Japan,0.004,,,,0.7083710029311701,0.2916289970688299,4.0
103,final,,Spain,Netherlands,0.004,,,,0.7230839943461865,0.2769160056538134,4.0
103,final,,Switzerland,Argentina,0.004,,,,0.2319491375114418,0.7680508624885581,4.0
103,final,,Switzerland,Portugal,0.004,,,,0.3971499476698773,0.6028500523301227,4.0
103,final,,Algeria,Argentina,0.003,,,,0.1841750296741359,0.815824970325864,3.0
103,final,,Austria,Colombia,0.003,,,,0.3779194774704072,0.6220805225295928,3.0
103,final,,Belgium,Germany,0.003,,,,0.4760008567517633,0.5239991432482367,3.0
103,final,,Brazil,Argentina,0.003,,,,0.3351895208590739,0.6648104791409262,3.0
103,final,,Brazil,Belgium,0.003,,,,0.559867770959559,0.440132229040441,3.0
103,final,,Brazil,Germany,0.003,,,,0.5353726050490967,0.4646273949509033,3.0
103,final,,Brazil,Portugal,0.003,,,,0.5213246863240992,0.4786753136759007,3.0
103,final,,Brazil,Uruguay,0.003,,,,0.7064214888210676,0.2935785111789324,3.0
103,final,,Colombia,England,0.003,,,,0.4697739910956438,0.5302260089043562,3.0
103,final,,Croatia,Colombia,0.003,,,,0.3688547076677363,0.6311452923322637,3.0
103,final,,Croatia,England,0.003,,,,0.3402723616685952,0.6597276383314048,3.0
103,final,,England,Ecuador,0.003,,,,0.5993213225089371,0.4006786774910629,3.0
103,final,,France,Belgium,0.003,,,,0.6153736057804472,0.3846263942195528,3.0
103,final,,France,Germany,0.003,,,,0.5935306957939386,0.4064693042060614,3.0
103,final,,France,Portugal,0.003,,,,0.5794201625705282,0.4205798374294718,3.0
103,final,,Germany,Croatia,0.003,,,,0.6236810539888517,0.3763189460111483,3.0
103,final,,Germany,France,0.003,,,,0.4064693042060614,0.5935306957939386,3.0
103,final,,Germany,Portugal,0.003,,,,0.485010101452174,0.5149898985478261,3.0
103,final,,Iran,Argentina,0.003,,,,0.1721161497324253,0.8278838502675747,3.0
103,final,,Iran,England,0.003,,,,0.285967349183878,0.7140326508161219,3.0
103,final,,Ivory Coast,Spain,0.003,,,,0.1593502868009011,0.8406497131990989,3.0
103,final,,Japan,Netherlands,0.003,,,,0.512644397730344,0.487355602269656,3.0
103,final,,Japan,Portugal,0.003,,,,0.4714136455466503,0.5285863544533498,3.0
103,final,,Japan,Switzerland,0.003,,,,0.5720218427135615,0.4279781572864385,3.0
103,final,,Morocco,Spain,0.003,,,,0.2990811156155361,0.7009188843844639,3.0
103,final,,Netherlands,Colombia,0.003,,,,0.4637118496027702,0.5362881503972299,3.0
103,final,,Norway,Brazil,0.003,,,,0.4285702715239779,0.5714297284760221,3.0
103,final,,Norway,Colombia,0.003,,,,0.4538777403912886,0.5461222596087114,3.0
103,final,,Scotland,Spain,0.003,,,,0.1239225815162301,0.8760774184837699,3.0
103,final,,Spain,Algeria,0.003,,,,0.8056489071290897,0.1943510928709103,3.0
103,final,,Spain,Australia,0.003,,,,0.8513761908679804,0.1486238091320195,3.0
103,final,,Turkey,Colombia,0.003,,,,0.3882600358218613,0.6117399641781387,3.0
103,final,,Uruguay,Spain,0.003,,,,0.1712990040412989,0.8287009959587011,3.0
103,final,,Algeria,Ivory Coast,0.002,,,,0.561873609587254,0.438126390412746,2.0
103,final,,Algeria,Spain,0.002,,,,0.1943510928709103,0.8056489071290898,2.0
103,final,,Argentina,Algeria,0.002,,,,0.8158249703258641,0.1841750296741359,2.0
103,final,,Argentina,Canada,0.002,,,,0.8278901885202584,0.1721098114797415,2.0
103,final,,Argentina,Norway,0.002,,,,0.7317936752130743,0.2682063247869257,2.0
103,final,,Argentina,Switzerland,0.002,,,,0.7680508624885581,0.2319491375114418,2.0
103,final,,Argentina,Uruguay,0.002,,,,0.8241127092032234,0.1758872907967765,2.0
103,final,,Australia,Colombia,0.002,,,,0.2755379310605461,0.7244620689394539,2.0
103,final,,Austria,Spain,0.002,,,,0.2192632657940098,0.7807367342059902,2.0
103,final,,Belgium,Brazil,0.002,,,,0.4401322290404411,0.559867770959559,2.0
103,final,,Belgium,Ecuador,0.002,,,,0.5344224816329036,0.4655775183670964,2.0
103,final,,Belgium,England,0.002,,,,0.4308583243505766,0.5691416756494234,2.0
103,final,,Belgium,France,0.002,,,,0.3846263942195529,0.6153736057804471,2.0
103,final,,Belgium,Ivory Coast,0.002,,,,0.6946153371405676,0.3053846628594324,2.0
103,final,,Belgium,Morocco,0.002,,,,0.4838534213281977,0.5161465786718022,2.0
103,final,,Belgium,Netherlands,0.002,,,,0.502228727718455,0.497771272281545,2.0
103,final,,Belgium,Portugal,0.002,,,,0.4606525827770672,0.5393474172229328,2.0
103,final,,Belgium,Turkey,0.002,,,,0.5793556125667072,0.4206443874332928,2.0
103,final,,Brazil,Colombia,0.002,,,,0.5272632839895478,0.4727367160104522,2.0
103,final,,Brazil,Norway,0.002,,,,0.5714297284760221,0.4285702715239778,2.0
103,final,,Canada,Argentina,0.002,,,,0.1721098114797416,0.8278901885202583,2.0
103,final,,Canada,Morocco,0.002,,,,0.3410995195475897,0.6589004804524102,2.0
103,final,,Colombia,France,0.002,,,,0.4143519069772649,0.585648093022735,2.0
103,final,,Colombia,Norway,0.002,,,,0.5461222596087114,0.4538777403912886,2.0
103,final,,Croatia,Argentina,0.002,,,,0.2073512757624995,0.7926487242375004,2.0
103,final,,Croatia,France,0.002,,,,0.2934675594756938,0.7065324405243061,2.0
103,final,,Croatia,Spain,0.002,,,,0.2049359896332762,0.7950640103667238,2.0
103,final,,Ecuador,Colombia,0.002,,,,0.4245865170622711,0.5754134829377289,2.0
103,final,,Ecuador,Spain,0.002,,,,0.2482397703601984,0.7517602296398016,2.0
103,final,,England,Belgium,0.002,,,,0.5691416756494234,0.4308583243505766,2.0
103,final,,England,Croatia,0.002,,,,0.6597276383314049,0.3402723616685951,2.0
103,final,,England,France,0.002,,,,0.4459286471440558,0.5540713528559442,2.0
103,final,,France,Algeria,0.002,,,,0.7300941199178983,0.2699058800821017,2.0
103,final,,France,Spain,0.002,,,,0.3826404799214902,0.6173595200785098,2.0
103,final,,France,Switzerland,0.002,,,,0.6762256549737171,0.3237743450262829,2.0
103,final,,Germany,Belgium,0.002,,,,0.5239991432482366,0.4760008567517634,2.0
103,final,,Germany,Colombia,0.002,,,,0.4912021157331433,0.5087978842668567,2.0
103,final,,Iran,Belgium,0.002,,,,0.3445955829005244,0.6554044170994755,2.0
103,final,,Iran,Netherlands,0.002,,,,0.3468333649214707,0.6531666350785292,2.0
103,final,,Japan,Brazil,0.002,,,,0.4483861180810333,0.5516138819189667,2.0
103,final,,Japan,Canada,0.002,,,,0.6618530695876866,0.3381469304123133,2.0
103,final,,Japan,Colombia,0.002,,,,0.4741872850252526,0.5258127149747474,2.0
103,final,,Japan,Germany,0.002,,,,0.4861711572160956,0.5138288427839044,2.0
103,final,,Japan,Mexico,0.002,,,,0.5871500182575508,0.4128499817424492,2.0
103,final,,Japan,Norway,0.002,,,,0.5246495687130787,0.4753504312869213,2.0
103,final,,Mexico,Ecuador,0.002,,,,0.4572187229304162,0.5427812770695838,2.0
103,final,,Morocco,Austria,0.002,,,,0.6043438281367227,0.3956561718632773,2.0
103,final,,Morocco,France,0.002,,,,0.3954679199482592,0.6045320800517408,2.0
103,final,,Morocco,Netherlands,0.002,,,,0.513760308843874,0.486239691156126,2.0
103,final,,Morocco,Norway,0.002,,,,0.528006506318092,0.471993493681908,2.0
103,final,,Morocco,Senegal,0.002,,,,0.6779208481415323,0.3220791518584677,2.0
103,final,,Netherlands,Algeria,0.002,,,,0.636872446561422,0.363127553438578,2.0
103,final,,Netherlands,Belgium,0.002,,,,0.4977712722815451,0.502228727718455,2.0
103,final,,Netherlands,France,0.002,,,,0.3809930049521787,0.6190069950478213,2.0
103,final,,Netherlands,Japan,0.002,,,,0.4873556022696559,0.5126443977303441,2.0
103,final,,Netherlands,Morocco,0.002,,,,0.486239691156126,0.513760308843874,2.0
103,final,,Norway,Mexico,0.002,,,,0.5675243863484782,0.4324756136515217,2.0
103,final,,Norway,Switzerland,0.002,,,,0.5519673202435382,0.4480326797564617,2.0
103,final,,Portugal,Colombia,0.002,,,,0.505273984288942,0.494726015711058,2.0
103,final,,Portugal,Germany,0.002,,,,0.514989898547826,0.485010101452174,2.0
103,final,,Portugal,Netherlands,0.002,,,,0.5417865470005169,0.4582134529994831,2.0
103,final,,Senegal,Argentina,0.002,,,,0.1678228809634767,0.8321771190365232,2.0
103,final,,Senegal,France,0.002,,,,0.2485705690984106,0.7514294309015894,2.0
103,final,,Spain,Iran,0.002,,,,0.8213065814224647,0.1786934185775353,2.0
103,final,,Spain,United States,0.002,,,,0.8765369173239683,0.1234630826760316,2.0
103,final,,Spain,Uruguay,0.002,,,,0.8287009959587011,0.1712990040412989,2.0
103,final,,Switzerland,England,0.002,,,,0.3732547689229044,0.6267452310770956,2.0
103,final,,Switzerland,Germany,0.002,,,,0.4108304576041678,0.5891695423958321,2.0
103,final,,Switzerland,Morocco,0.002,,,,0.4300237140296464,0.5699762859703537,2.0
103,final,,Turkey,Belgium,0.002,,,,0.4206443874332928,0.5793556125667072,2.0
103,final,,Turkey,Brazil,0.002,,,,0.3630231494963848,0.6369768505036152,2.0
103,final,,Turkey,Morocco,0.002,,,,0.4152498457539203,0.5847501542460797,2.0
103,final,,Turkey,Uruguay,0.002,,,,0.5792747125970877,0.4207252874029122,2.0
103,final,,United States,England,0.002,,,,0.2208184336902824,0.7791815663097176,2.0
103,final,,Algeria,Egypt,0.001,,,,0.6481023555122902,0.3518976444877097,1.0
103,final,,Algeria,Norway,0.001,,,,0.3728457111792128,0.6271542888207873,1.0
103,final,,Algeria,Portugal,0.001,,,,0.327659517923803,0.672340482076197,1.0
103,final,,Argentina,Australia,0.001,,,,0.8542403184402361,0.1457596815597639,1.0
103,final,,Argentina,Japan,0.001,,,,0.7111381711565289,0.2888618288434711,1.0
103,final,,Argentina,Mexico,0.001,,,,0.7784543878331964,0.2215456121668035,1.0
103,final,,Argentina,Scotland,0.001,,,,0.8767713655234564,0.1232286344765436,1.0
103,final,,Argentina,Senegal,0.001,,,,0.8321771190365232,0.1678228809634767,1.0
103,final,,Argentina,United States,0.001,,,,0.8749819874883821,0.1250180125116179,1.0
103,final,,Australia,Argentina,0.001,,,,0.1457596815597639,0.8542403184402361,1.0
103,final,,Australia,France,0.001,,,,0.2163885851033699,0.78361141489663,1.0
103,final,,Australia,Japan,0.001,,,,0.2934522398379395,0.7065477601620604,1.0
103,final,,Australia,Morocco,0.001,,,,0.2941377759019151,0.705862224098085,1.0
103,final,,Australia,Portugal,0.001,,,,0.2698819197663463,0.7301180802336537,1.0
103,final,,Austria,Belgium,0.001,,,,0.4100633319962848,0.5899366680037152,1.0
103,final,,Austria,Brazil,0.001,,,,0.3552553299547408,0.6447446700452593,1.0
103,final,,Austria,Czech Republic,0.001,,,,0.6549213749976928,0.3450786250023072,1.0
103,final,,Austria,Egypt,0.001,,,,0.6974875673760478,0.3025124326239522,1.0
103,final,,Austria,England,0.001,,,,0.3451993205605669,0.6548006794394331,1.0
103,final,,Austria,Ivory Coast,0.001,,,,0.6147310869253375,0.3852689130746625,1.0
103,final,,Austria,Morocco,0.001,,,,0.3956561718632772,0.6043438281367228,1.0
103,final,,Austria,Portugal,0.001,,,,0.3729550013648762,0.6270449986351238,1.0
103,final,,Austria,Turkey,0.001,,,,0.4871328929389659,0.5128671070610341,1.0
103,final,,Belgium,Algeria,0.001,,,,0.6387569862945527,0.3612430137054473,1.0
103,final,,Belgium,Canada,0.001,,,,0.653864663812344,0.346135336187656,1.0
103,final,,Belgium,Colombia,0.001,,,,0.4655713069413382,0.5344286930586617,1.0
103,final,,Belgium,Croatia,0.001,,,,0.5985351283342792,0.4014648716657207,1.0
103,final,,Belgium,DR Congo,0.001,,,,0.8174525434830726,0.1825474565169274,1.0
103,final,,Belgium,Iran,0.001,,,,0.6554044170994756,0.3445955829005244,1.0
103,final,,Belgium,Japan,0.001,,,,0.4876243900108324,0.5123756099891676,1.0
103,final,,Belgium,Mexico,0.001,,,,0.5787483621077143,0.4212516378922857,1.0
103,final,,Belgium,Norway,0.001,,,,0.5127254974137487,0.4872745025862512,1.0
103,final,,Belgium,Senegal,0.001,,,,0.6636305228163247,0.3363694771836752,1.0
103,final,,Bosnia and Herzegovina,Ecuador,0.001,,,,0.1397853522247069,0.860214647775293,1.0
103,final,,Brazil,Algeria,0.001,,,,0.6871766516167312,0.3128233483832687,1.0
103,final,,Brazil,Australia,0.001,,,,0.7434499165397411,0.2565500834602588,1.0
103,final,,Brazil,Austria,0.001,,,,0.6447446700452591,0.3552553299547408,1.0
103,final,,Brazil,Ecuador,0.001,,,,0.6024833024325894,0.3975166975674106,1.0
103,final,,Brazil,Japan,0.001,,,,0.5516138819189668,0.4483861180810332,1.0
103,final,,Brazil,Netherlands,0.001,,,,0.5624606597749459,0.4375393402250541,1.0
103,final,,Brazil,Senegal,0.001,,,,0.7095766436745493,0.2904233563254507,1.0
103,final,,Brazil,South Korea,0.001,,,,0.7625703690632697,0.2374296309367303,1.0
103,final,,Brazil,Switzerland,0.001,,,,0.6225874731534519,0.3774125268465481,1.0
103,final,,Canada,Belgium,0.001,,,,0.3461353361876561,0.653864663812344,1.0
103,final,,Canada,France,0.001,,,,0.2474322943404765,0.7525677056595235,1.0
103,final,,Canada,Iran,0.001,,,,0.5048183350717645,0.4951816649282354,1.0
103,final,,Canada,Japan,0.001,,,,0.3381469304123133,0.6618530695876867,1.0
103,final,,Canada,Portugal,0.001,,,,0.3098438432896359,0.690156156710364,1.0
103,final,,Colombia,Canada,0.001,,,,0.6860745397284117,0.3139254602715883,1.0
103,final,,Colombia,Croatia,0.001,,,,0.6311452923322636,0.3688547076677364,1.0
103,final,,Colombia,Czech Republic,0.001,,,,0.7519287412624398,0.2480712587375602,1.0
103,final,,Colombia,Ecuador,0.001,,,,0.575413482937729,0.424586517062271,1.0
103,final,,Colombia,Mexico,0.001,,,,0.6150869939421336,0.3849130060578664,1.0
103,final,,Colombia,Morocco,0.001,,,,0.5267143851176319,0.4732856148823681,1.0
103,final,,Colombia,Netherlands,0.001,,,,0.53628815039723,0.46371184960277,1.0
103,final,,Colombia,Paraguay,0.001,,,,0.7384398028517586,0.2615601971482414,1.0
103,final,,Colombia,Spain,0.001,,,,0.3052643108205176,0.6947356891794824,1.0
103,final,,Croatia,Brazil,0.001,,,,0.3443971279628213,0.6556028720371787,1.0
103,final,,Croatia,Morocco,0.001,,,,0.3959374698285143,0.6040625301714857,1.0
103,final,,Czech Republic,Argentina,0.001,,,,0.1256910961823877,0.8743089038176122,1.0
103,final,,Czech Republic,Austria,0.001,,,,0.3450786250023071,0.6549213749976929,1.0
103,final,,Czech Republic,Portugal,0.001,,,,0.2397626516923447,0.7602373483076552,1.0
103,final,,Ecuador,Brazil,0.001,,,,0.3975166975674105,0.6024833024325895,1.0
103,final,,Ecuador,England,0.001,,,,0.400678677491063,0.599321322508937,1.0
103,final,,Ecuador,Mexico,0.001,,,,0.5427812770695837,0.4572187229304163,1.0
103,final,,Ecuador,Morocco,0.001,,,,0.4636258333893708,0.5363741666106292,1.0
103,final,,Ecuador,Norway,0.001,,,,0.4764636975184217,0.5235363024815782,1.0
103,final,,Ecuador,Portugal,0.001,,,,0.4228384700129488,0.5771615299870512,1.0
103,final,,Ecuador,Senegal,0.001,,,,0.6345626758028798,0.3654373241971201,1.0
103,final,,Ecuador,Uruguay,0.001,,,,0.6123269966516893,0.3876730033483107,1.0
103,final,,Egypt,Portugal,0.001,,,,0.207828506079664,0.7921714939203359,1.0
103,final,,England,Australia,0.001,,,,0.7511317573430816,0.2488682426569184,1.0
103,final,,England,Brazil,0.001,,,,0.5033402680911007,0.4966597319088993,1.0
103,final,,England,Canada,0.001,,,,0.7114797762131378,0.2885202237868621,1.0
103,final,,England,Czech Republic,0.001,,,,0.7810097482374968,0.2189902517625032,1.0
103,final,,England,Iran,0.001,,,,0.7140326508161219,0.2859673491838781,1.0
103,final,,England,Morocco,0.001,,,,0.5567507878306971,0.4432492121693029,1.0
103,final,,England,Paraguay,0.001,,,,0.758576775172086,0.241423224827914,1.0
103,final,,England,Portugal,0.001,,,,0.528007203850159,0.471992796149841,1.0
103,final,,England,Turkey,0.001,,,,0.6411921164341989,0.358807883565801,1.0
103,final,,France,Austria,0.001,,,,0.6937138361967508,0.3062861638032492,1.0
103,final,,France,Canada,0.001,,,,0.7525677056595234,0.2474322943404766,1.0
103,final,,France,Colombia,0.001,,,,0.585648093022735,0.414351906977265,1.0
103,final,,France,Croatia,0.001,,,,0.7065324405243061,0.2934675594756939,1.0
103,final,,France,Mexico,0.001,,,,0.6915535126780956,0.3084464873219044,1.0
103,final,,France,Netherlands,0.001,,,,0.6190069950478212,0.3809930049521788,1.0
103,final,,France,Scotland,0.001,,,,0.8137653144974597,0.1862346855025403,1.0
103,final,,France,Senegal,0.001,,,,0.7514294309015894,0.2485705690984105,1.0
103,final,,France,South Korea,0.001,,,,0.8005268676926532,0.1994731323073467,1.0
103,final,,Germany,Austria,0.001,,,,0.6126706316719046,0.3873293683280954,1.0
103,final,,Germany,Ecuador,0.001,,,,0.5646466366941861,0.4353533633058138,1.0
103,final,,Germany,Iran,0.001,,,,0.6754309033023883,0.3245690966976117,1.0
103,final,,Germany,Ivory Coast,0.001,,,,0.7116987282261885,0.2883012717738115,1.0
103,final,,Germany,Japan,0.001,,,,0.5138288427839043,0.4861711572160957,1.0
103,final,,Germany,Mexico,0.001,,,,0.6058470141200872,0.3941529858799127,1.0
103,final,,Germany,Netherlands,0.001,,,,0.5269725071885437,0.4730274928114563,1.0
103,final,,Germany,Norway,0.001,,,,0.5363562472918983,0.4636437527081016,1.0
103,final,,Germany,Paraguay,0.001,,,,0.7323530707578892,0.2676469292421107,1.0
103,final,,Germany,South Korea,0.001,,,,0.7406680544611839,0.2593319455388161,1.0
103,final,,Germany,Spain,0.001,,,,0.2976719484521957,0.7023280515478043,1.0
103,final,,Germany,Switzerland,0.001,,,,0.5891695423958321,0.4108304576041679,1.0
103,final,,Iran,Algeria,0.001,,,,0.4849399269324226,0.5150600730675774,1.0
103,final,,Iran,Ecuador,0.001,,,,0.3755128932784797,0.6244871067215203,1.0
103,final,,Iran,Germany,0.001,,,,0.3245690966976117,0.6754309033023882,1.0
103,final,,Iran,Mexico,0.001,,,,0.4175914281210856,0.5824085718789145,1.0
103,final,,Iran,Norway,0.001,,,,0.3558919457320177,0.6441080542679822,1.0
103,final,,Ivory Coast,Argentina,0.001,,,,0.1503525422130968,0.8496474577869032,1.0
103,final,,Ivory Coast,Egypt,0.001,,,,0.589583630397751,0.410416369602249,1.0
103,final,,Ivory Coast,Germany,0.001,,,,0.2883012717738114,0.7116987282261886,1.0
103,final,,Ivory Coast,Norway,0.001,,,,0.316067885424248,0.683932114575752,1.0
103,final,,Ivory Coast,Switzerland,0.001,,,,0.3604494723685822,0.6395505276314177,1.0
103,final,,Japan,Australia,0.001,,,,0.7065477601620604,0.2934522398379395,1.0
103,final,,Japan,Austria,0.001,,,,0.6017127152658689,0.3982872847341311,1.0
103,final,,Japan,Ecuador,0.001,,,,0.5420504473564209,0.457949552643579,1.0
103,final,,Japan,Ivory Coast,0.001,,,,0.7055010838407301,0.2944989161592699,1.0
103,final,,Japan,Paraguay,0.001,,,,0.7132950006137351,0.2867049993862649,1.0
103,final,,Japan,Uruguay,0.001,,,,0.6538960303088069,0.346103969691193,1.0
103,final,,Mexico,Algeria,0.001,,,,0.5688213638427186,0.4311786361572813,1.0
103,final,,Mexico,Belgium,0.001,,,,0.4212516378922856,0.5787483621077143,1.0
103,final,,Mexico,Brazil,0.001,,,,0.3597791100828884,0.6402208899171116,1.0
103,final,,Mexico,England,0.001,,,,0.3580479742919781,0.6419520257080218,1.0
103,final,,Mexico,Germany,0.001,,,,0.3941529858799128,0.6058470141200871,1.0
103,final,,Mexico,Iran,0.001,,,,0.5824085718789145,0.4175914281210855,1.0
103,final,,Mexico,Ivory Coast,0.001,,,,0.627255950463805,0.372744049536195,1.0
103,final,,Mexico,Portugal,0.001,,,,0.3811762182363093,0.6188237817636906,1.0
103,final,,Mexico,Senegal,0.001,,,,0.5926312427591951,0.4073687572408049,1.0
103,final,,Mexico,Spain,0.001,,,,0.2188108712454083,0.7811891287545917,1.0
103,final,,Mexico,Switzerland,0.001,,,,0.4807775502283299,0.5192224497716701,1.0
103,final,,Mexico,Uruguay,0.001,,,,0.5719384909964951,0.4280615090035049,1.0
103,final,,Morocco,Australia,0.001,,,,0.705862224098085,0.294137775901915,1.0
103,final,,Morocco,Ivory Coast,0.001,,,,0.7091765896785323,0.2908234103214677,1.0
103,final,,Morocco,Portugal,0.001,,,,0.4735608485262033,0.5264391514737967,1.0
103,final,,Netherlands,Austria,0.001,,,,0.5881191958628535,0.4118808041371464,1.0
103,final,,Netherlands,Brazil,0.001,,,,0.437539340225054,0.562460659774946,1.0
103,final,,Netherlands,Ecuador,0.001,,,,0.5363237113320423,0.4636762886679577,1.0
103,final,,Netherlands,Germany,0.001,,,,0.4730274928114564,0.5269725071885436,1.0
103,final,,Netherlands,Iran,0.001,,,,0.6531666350785292,0.3468333649214707,1.0
103,final,,Netherlands,Panama,0.001,,,,0.8125821579391859,0.1874178420608141,1.0
103,final,,Netherlands,Portugal,0.001,,,,0.458213452999483,0.541786547000517,1.0
103,final,,Netherlands,Turkey,0.001,,,,0.5775856790475881,0.4224143209524119,1.0
103,final,,Norway,Belgium,0.001,,,,0.4872745025862511,0.5127254974137488,1.0
103,final,,Norway,Croatia,0.001,,,,0.5871952641158803,0.4128047358841197,1.0
103,final,,Norway,DR Congo,0.001,,,,0.8098799390829493,0.1901200609170507,1.0
103,final,,Norway,France,0.001,,,,0.3732378416550563,0.6267621583449436,1.0
103,final,,Norway,Iran,0.001,,,,0.6441080542679823,0.3558919457320176,1.0
103,final,,Norway,Morocco,0.001,,,,0.4719934936819079,0.5280065063180921,1.0
103,final,,Norway,Senegal,0.001,,,,0.65242270042889,0.34757729957111,1.0
103,final,,Panama,Spain,0.001,,,,0.0837533197961819,0.916246680203818,1.0
103,final,,Paraguay,Germany,0.001,,,,0.2676469292421106,0.7323530707578894,1.0
103,final,,Paraguay,Japan,0.001,,,,0.2867049993862649,0.7132950006137351,1.0
103,final,,Paraguay,Portugal,0.001,,,,0.2577455976814398,0.7422544023185602,1.0
103,final,,Paraguay,Spain,0.001,,,,0.1354127411747655,0.8645872588252345,1.0
103,final,,Portugal,Algeria,0.001,,,,0.6723404820761971,0.3276595179238029,1.0
103,final,,Portugal,Belgium,0.001,,,,0.5393474172229327,0.4606525827770673,1.0
103,final,,Portugal,Ecuador,0.001,,,,0.5771615299870513,0.4228384700129487,1.0
103,final,,Portugal,Spain,0.001,,,,0.3110218576449556,0.6889781423550443,1.0
103,final,,Portugal,Switzerland,0.001,,,,0.6028500523301226,0.3971499476698774,1.0
103,final,,Portugal,Turkey,0.001,,,,0.6180711085183225,0.3819288914816775,1.0
103,final,,Scotland,Australia,0.001,,,,0.4584210883525852,0.5415789116474148,1.0
103,final,,Scotland,Morocco,0.001,,,,0.2596326290564636,0.7403673709435363,1.0
103,final,,Scotland,Senegal,0.001,,,,0.4217031577395871,0.5782968422604129,1.0
103,final,,Senegal,England,0.001,,,,0.2783650990943773,0.7216349009056227,1.0
103,final,,Senegal,Japan,0.001,,,,0.3252104290830878,0.6747895709169123,1.0
103,final,,Senegal,Morocco,0.001,,,,0.3220791518584677,0.6779208481415323,1.0
103,final,,Senegal,Portugal,0.001,,,,0.3039822218087367,0.6960177781912633,1.0
103,final,,Senegal,Spain,0.001,,,,0.1757898279910165,0.8242101720089834,1.0
103,final,,Senegal,Switzerland,0.001,,,,0.3938723300618129,0.6061276699381871,1.0
103,final,,South Africa,Ecuador,0.001,,,,0.1465620816185829,0.8534379183814171,1.0
103,final,,South Korea,Austria,0.001,,,,0.3564067669355408,0.6435932330644591,1.0
103,final,,South Korea,Canada,0.001,,,,0.4214946845216333,0.5785053154783667,1.0
103,final,,South Korea,England,0.001,,,,0.2272858257734764,0.7727141742265236,1.0
103,final,,South Korea,Portugal,0.001,,,,0.2477794555668244,0.7522205444331755,1.0
103,final,,Spain,Canada,0.001,,,,0.828080539637209,0.171919460362791,1.0
103,final,,Spain,Czech Republic,0.001,,,,0.8692201840191465,0.1307798159808535,1.0
103,final,,Spain,Ivory Coast,0.001,,,,0.8406497131990989,0.1593502868009011,1.0
103,final,,Spain,Senegal,0.001,,,,0.8242101720089834,0.1757898279910166,1.0
103,final,,Sweden,France,0.001,,,,0.1387684749891786,0.8612315250108213,1.0
103,final,,Switzerland,Algeria,0.001,,,,0.5814325582184944,0.4185674417815056,1.0
103,final,,Switzerland,Austria,0.001,,,,0.5285640509484347,0.4714359490515653,1.0
103,final,,Switzerland,Belgium,0.001,,,,0.4363829705831911,0.5636170294168089,1.0
103,final,,Switzerland,Canada,0.001,,,,0.5975242023117538,0.4024757976882461,1.0
103,final,,Switzerland,Colombia,0.001,,,,0.4029441718649715,0.5970558281350284,1.0
103,final,,Switzerland,Croatia,0.001,,,,0.5362051933728154,0.4637948066271846,1.0
103,final,,Switzerland,Ecuador,0.001,,,,0.4776122461974653,0.5223877538025347,1.0
103,final,,Switzerland,Ivory Coast,0.001,,,,0.6395505276314178,0.3604494723685821,1.0
103,final,,Switzerland,Norway,0.001,,,,0.4480326797564617,0.5519673202435382,1.0
103,final,,Switzerland,South Korea,0.001,,,,0.6677300847691058,0.3322699152308942,1.0
103,final,,Switzerland,Spain,0.001,,,,0.228850792555893,0.771149207444107,1.0
103,final,,Switzerland,Turkey,0.001,,,,0.5153098801486097,0.4846901198513903,1.0
103,final,,Switzerland,Uruguay,0.001,,,,0.5928746928306345,0.4071253071693654,1.0
103,final,,Turkey,England,0.001,,,,0.3588078835658009,0.641192116434199,1.0
103,final,,Turkey,France,0.001,,,,0.3100416078265735,0.6899583921734265,1.0
103,final,,Turkey,Netherlands,0.001,,,,0.4224143209524119,0.5775856790475882,1.0
103,final,,Turkey,Paraguay,0.001,,,,0.6437030243482685,0.3562969756517314,1.0
103,final,,Turkey,Portugal,0.001,,,,0.3819288914816774,0.6180711085183226,1.0
103,final,,Turkey,Spain,0.001,,,,0.2171035589035916,0.7828964410964083,1.0
103,final,,United States,Argentina,0.001,,,,0.1250180125116179,0.8749819874883821,1.0
103,final,,United States,Colombia,0.001,,,,0.2442361437639002,0.7557638562360998,1.0
103,final,,United States,Germany,0.001,,,,0.2479774949710077,0.7520225050289923,1.0
103,final,,Uruguay,Argentina,0.001,,,,0.1758872907967765,0.8241127092032234,1.0
103,final,,Uruguay,Germany,0.001,,,,0.325087906936177,0.6749120930638229,1.0
103,final,,Uruguay,Morocco,0.001,,,,0.3522168830876145,0.6477831169123854,1.0
103,final,,Uzbekistan,Argentina,0.001,,,,0.1020792078266102,0.8979207921733898,1.0
104,third_place,,Japan,Morocco,0.01,,,,0.4978036429842239,0.5021963570157761,10.0
104,third_place,,Spain,Argentina,0.01,,,,0.5035531580645625,0.4964468419354375,10.0
104,third_place,,Germany,Argentina,0.009,,,,0.2996825401407175,0.7003174598592825,9.0
104,third_place,,Japan,England,0.009,,,,0.4421778161290071,0.5578221838709929,9.0
104,third_place,,Japan,Colombia,0.007,,,,0.4741872850252526,0.5258127149747474,7.0
104,third_place,,Spain,Austria,0.007,,,,0.7807367342059902,0.2192632657940098,7.0
104,third_place,,Spain,England,0.007,,,,0.663180363934699,0.3368196360653009,7.0
104,third_place,,Brazil,Argentina,0.006,,,,0.3351895208590739,0.6648104791409262,6.0
104,third_place,,Brazil,England,0.006,,,,0.4966597319088994,0.5033402680911006,6.0
104,third_place,,France,Germany,0.006,,,,0.5935306957939386,0.4064693042060614,6.0
104,third_place,,Japan,Argentina,0.006,,,,0.2888618288434711,0.7111381711565289,6.0
104,third_place,,Japan,Australia,0.006,,,,0.7065477601620604,0.2934522398379395,6.0
104,third_place,,Japan,France,0.006,,,,0.3933510950895046,0.6066489049104953,6.0
104,third_place,,Morocco,Argentina,0.006,,,,0.2932209290422395,0.7067790709577605,6.0
104,third_place,,Netherlands,Morocco,0.006,,,,0.486239691156126,0.513760308843874,6.0
104,third_place,,Norway,Algeria,0.006,,,,0.6271542888207873,0.3728457111792127,6.0
104,third_place,,Norway,France,0.006,,,,0.3732378416550563,0.6267621583449436,6.0
104,third_place,,Paraguay,England,0.006,,,,0.2414232248279139,0.758576775172086,6.0
104,third_place,,Spain,Netherlands,0.006,,,,0.7230839943461865,0.2769160056538134,6.0
104,third_place,,Belgium,Argentina,0.005,,,,0.2781486490926366,0.7218513509073634,5.0
104,third_place,,Colombia,England,0.005,,,,0.4697739910956438,0.5302260089043562,5.0
104,third_place,,Japan,Norway,0.005,,,,0.5246495687130787,0.4753504312869213,5.0
104,third_place,,Japan,Portugal,0.005,,,,0.4714136455466503,0.5285863544533498,5.0
104,third_place,,Netherlands,England,0.005,,,,0.4309070204657954,0.5690929795342046,5.0
104,third_place,,Netherlands,Japan,0.005,,,,0.4873556022696559,0.5126443977303441,5.0
104,third_place,,Turkey,Morocco,0.005,,,,0.4152498457539203,0.5847501542460797,5.0
104,third_place,,Argentina,Algeria,0.004,,,,0.8158249703258641,0.1841750296741359,4.0
104,third_place,,Austria,Argentina,0.004,,,,0.2135158719974449,0.7864841280025551,4.0
104,third_place,,Belgium,Ecuador,0.004,,,,0.5344224816329036,0.4655775183670964,4.0
104,third_place,,Belgium,Morocco,0.004,,,,0.4838534213281977,0.5161465786718022,4.0
104,third_place,,Brazil,Morocco,0.004,,,,0.5519593612401956,0.4480406387598044,4.0
104,third_place,,Brazil,Portugal,0.004,,,,0.5213246863240992,0.4786753136759007,4.0
104,third_place,,France,England,0.004,,,,0.5540713528559442,0.4459286471440558,4.0
104,third_place,,France,Netherlands,0.004,,,,0.6190069950478212,0.3809930049521788,4.0
104,third_place,,France,Norway,0.004,,,,0.6267621583449438,0.3732378416550562,4.0
104,third_place,,Germany,Morocco,0.004,,,,0.5122108798036126,0.4877891201963874,4.0
104,third_place,,Japan,Austria,0.004,,,,0.6017127152658689,0.3982872847341311,4.0
104,third_place,,Mexico,Argentina,0.004,,,,0.2215456121668036,0.7784543878331964,4.0
104,third_place,,Mexico,Portugal,0.004,,,,0.3811762182363093,0.6188237817636906,4.0
104,third_place,,Morocco,Brazil,0.004,,,,0.4480406387598044,0.5519593612401956,4.0
104,third_place,,Norway,England,0.004,,,,0.419046187386575,0.580953812613425,4.0
104,third_place,,Norway,Germany,0.004,,,,0.4636437527081015,0.5363562472918985,4.0
104,third_place,,South Korea,England,0.004,,,,0.2272858257734764,0.7727141742265236,4.0
104,third_place,,Spain,Colombia,0.004,,,,0.6947356891794826,0.3052643108205174,4.0
104,third_place,,Spain,Ecuador,0.004,,,,0.7517602296398016,0.2482397703601984,4.0
104,third_place,,Spain,France,0.004,,,,0.6173595200785099,0.3826404799214901,4.0
104,third_place,,Spain,Iran,0.004,,,,0.8213065814224647,0.1786934185775353,4.0
104,third_place,,Spain,Portugal,0.004,,,,0.6889781423550443,0.3110218576449557,4.0
104,third_place,,Switzerland,Morocco,0.004,,,,0.4300237140296464,0.5699762859703537,4.0
104,third_place,,Argentina,England,0.003,,,,0.6618812940478123,0.3381187059521877,3.0
104,third_place,,Argentina,Norway,0.003,,,,0.7317936752130743,0.2682063247869257,3.0
104,third_place,,Argentina,Portugal,0.003,,,,0.6877499123031114,0.3122500876968885,3.0
104,third_place,,Australia,Senegal,0.003,,,,0.4644748999944623,0.5355251000055377,3.0
104,third_place,,Austria,England,0.003,,,,0.3451993205605669,0.6548006794394331,3.0
104,third_place,,Belgium,France,0.003,,,,0.3846263942195529,0.6153736057804471,3.0
104,third_place,,Belgium,Germany,0.003,,,,0.4760008567517633,0.5239991432482367,3.0
104,third_place,,Belgium,Portugal,0.003,,,,0.4606525827770672,0.5393474172229328,3.0
104,third_place,,Belgium,Spain,0.003,,,,0.2817545563490327,0.7182454436509673,3.0
104,third_place,,Brazil,Algeria,0.003,,,,0.6871766516167312,0.3128233483832687,3.0
104,third_place,,Brazil,Norway,0.003,,,,0.5714297284760221,0.4285702715239778,3.0
104,third_place,,Canada,Argentina,0.003,,,,0.1721098114797416,0.8278901885202583,3.0
104,third_place,,Canada,Switzerland,0.003,,,,0.4024757976882462,0.5975242023117537,3.0
104,third_place,,Croatia,Argentina,0.003,,,,0.2073512757624995,0.7926487242375004,3.0
104,third_place,,Croatia,England,0.003,,,,0.3402723616685952,0.6597276383314048,3.0
104,third_place,,Croatia,Spain,0.003,,,,0.2049359896332762,0.7950640103667238,3.0
104,third_place,,Czech Republic,England,0.003,,,,0.2189902517625031,0.7810097482374969,3.0
104,third_place,,England,France,0.003,,,,0.4459286471440558,0.5540713528559442,3.0
104,third_place,,France,Argentina,0.003,,,,0.3892393092830036,0.6107606907169965,3.0
104,third_place,,France,Spain,0.003,,,,0.3826404799214902,0.6173595200785098,3.0
104,third_place,,Germany,Netherlands,0.003,,,,0.5269725071885437,0.4730274928114563,3.0
104,third_place,,Iran,Morocco,0.003,,,,0.3315417633538801,0.6684582366461199,3.0
104,third_place,,Ivory Coast,Argentina,0.003,,,,0.1503525422130968,0.8496474577869032,3.0
104,third_place,,Ivory Coast,Germany,0.003,,,,0.2883012717738114,0.7116987282261886,3.0
104,third_place,,Ivory Coast,Morocco,0.003,,,,0.2908234103214677,0.7091765896785323,3.0
104,third_place,,Japan,Croatia,0.003,,,,0.6065972768367605,0.3934027231632395,3.0
104,third_place,,Japan,Germany,0.003,,,,0.4861711572160956,0.5138288427839044,3.0
104,third_place,,Japan,Ivory Coast,0.003,,,,0.7055010838407301,0.2944989161592699,3.0
104,third_place,,Japan,Netherlands,0.003,,,,0.512644397730344,0.487355602269656,3.0
104,third_place,,Japan,Switzerland,0.003,,,,0.5720218427135615,0.4279781572864385,3.0
104,third_place,,Japan,Turkey,0.003,,,,0.5872715900237254,0.4127284099762746,3.0
104,third_place,,Mexico,Spain,0.003,,,,0.2188108712454083,0.7811891287545917,3.0
104,third_place,,Mexico,Switzerland,0.003,,,,0.4807775502283299,0.5192224497716701,3.0
104,third_place,,Morocco,Ecuador,0.003,,,,0.5363741666106292,0.4636258333893708,3.0
104,third_place,,Netherlands,Argentina,0.003,,,,0.2776914938729104,0.7223085061270895,3.0
104,third_place,,Netherlands,Belgium,0.003,,,,0.4977712722815451,0.502228727718455,3.0
104,third_place,,Netherlands,France,0.003,,,,0.3809930049521787,0.6190069950478213,3.0
104,third_place,,Netherlands,Senegal,0.003,,,,0.6613275687533046,0.3386724312466954,3.0
104,third_place,,Norway,Argentina,0.003,,,,0.2682063247869259,0.731793675213074,3.0
104,third_place,,Norway,Ecuador,0.003,,,,0.5235363024815783,0.4764636975184216,3.0
104,third_place,,Norway,Portugal,0.003,,,,0.4483148639751579,0.551685136024842,3.0
104,third_place,,Paraguay,Spain,0.003,,,,0.1354127411747655,0.8645872588252345,3.0
104,third_place,,Senegal,England,0.003,,,,0.2783650990943773,0.7216349009056227,3.0
104,third_place,,South Korea,Morocco,0.003,,,,0.2681362775490328,0.7318637224509672,3.0
104,third_place,,Spain,Canada,0.003,,,,0.828080539637209,0.171919460362791,3.0
104,third_place,,Spain,Croatia,0.003,,,,0.7950640103667238,0.2049359896332762,3.0
104,third_place,,Spain,Morocco,0.003,,,,0.7009188843844639,0.2990811156155361,3.0
104,third_place,,Switzerland,Argentina,0.003,,,,0.2319491375114418,0.7680508624885581,3.0
104,third_place,,Switzerland,Croatia,0.003,,,,0.5362051933728154,0.4637948066271846,3.0
104,third_place,,Switzerland,England,0.003,,,,0.3732547689229044,0.6267452310770956,3.0
104,third_place,,Switzerland,Portugal,0.003,,,,0.3971499476698773,0.6028500523301227,3.0
104,third_place,,Turkey,Germany,0.003,,,,0.3954048356817349,0.604595164318265,3.0
104,third_place,,Turkey,Switzerland,0.003,,,,0.4846901198513904,0.5153098801486096,3.0
104,third_place,,Algeria,England,0.002,,,,0.2998701255144568,0.7001298744855432,2.0
104,third_place,,Argentina,Colombia,0.002,,,,0.6889284080600107,0.3110715919399893,2.0
104,third_place,,Argentina,Croatia,0.002,,,,0.7926487242375005,0.2073512757624994,2.0
104,third_place,,Argentina,Ecuador,0.002,,,,0.7453048184282423,0.2546951815717577,2.0
104,third_place,,Argentina,France,0.002,,,,0.6107606907169963,0.3892393092830036,2.0
104,third_place,,Argentina,Iran,0.002,,,,0.8278838502675747,0.1721161497324252,2.0
104,third_place,,Argentina,Morocco,0.002,,,,0.7067790709577606,0.2932209290422394,2.0
104,third_place,,Argentina,Netherlands,0.002,,,,0.7223085061270896,0.2776914938729103,2.0
104,third_place,,Australia,Argentina,0.002,,,,0.1457596815597639,0.8542403184402361,2.0
104,third_place,,Australia,Colombia,0.002,,,,0.2755379310605461,0.7244620689394539,2.0
104,third_place,,Australia,Netherlands,0.002,,,,0.3033089203213833,0.6966910796786168,2.0
104,third_place,,Australia,Turkey,0.002,,,,0.3712785475386472,0.6287214524613528,2.0
104,third_place,,Austria,Algeria,0.002,,,,0.5539564626230546,0.4460435373769453,2.0
104,third_place,,Austria,Croatia,0.002,,,,0.5066253609344692,0.4933746390655308,2.0
104,third_place,,Austria,France,0.002,,,,0.3062861638032493,0.6937138361967506,2.0
104,third_place,,Austria,Germany,0.002,,,,0.3873293683280954,0.6126706316719046,2.0
104,third_place,,Austria,Portugal,0.002,,,,0.3729550013648762,0.6270449986351238,2.0
104,third_place,,Belgium,Egypt,0.002,,,,0.7677205464173532,0.2322794535826468,2.0
104,third_place,,Belgium,England,0.002,,,,0.4308583243505766,0.5691416756494234,2.0
104,third_place,,Belgium,Iran,0.002,,,,0.6554044170994756,0.3445955829005244,2.0
104,third_place,,Belgium,Mexico,0.002,,,,0.5787483621077143,0.4212516378922857,2.0
104,third_place,,Belgium,Netherlands,0.002,,,,0.502228727718455,0.497771272281545,2.0
104,third_place,,Belgium,Uzbekistan,0.002,,,,0.7795862041092452,0.2204137958907548,2.0
104,third_place,,Brazil,Belgium,0.002,,,,0.559867770959559,0.440132229040441,2.0
104,third_place,,Brazil,Croatia,0.002,,,,0.6556028720371787,0.3443971279628213,2.0
104,third_place,,Brazil,Czech Republic,0.002,,,,0.7684971143400879,0.231502885659912,2.0
104,third_place,,Brazil,Ecuador,0.002,,,,0.6024833024325894,0.3975166975674106,2.0
104,third_place,,Brazil,France,0.002,,,,0.4407877680526487,0.5592122319473514,2.0
104,third_place,,Brazil,Iran,0.002,,,,0.702960115693482,0.2970398843065179,2.0
104,third_place,,Brazil,Japan,0.002,,,,0.5516138819189668,0.4483861180810332,2.0
104,third_place,,Brazil,Netherlands,0.002,,,,0.5624606597749459,0.4375393402250541,2.0
104,third_place,,Canada,Belgium,0.002,,,,0.3461353361876561,0.653864663812344,2.0
104,third_place,,Canada,Colombia,0.002,,,,0.3139254602715883,0.6860745397284116,2.0
104,third_place,,Canada,Morocco,0.002,,,,0.3410995195475897,0.6589004804524102,2.0
104,third_place,,Canada,Norway,0.002,,,,0.3566366966904328,0.6433633033095671,2.0
104,third_place,,Colombia,Argentina,0.002,,,,0.3110715919399893,0.6889284080600107,2.0
104,third_place,,Colombia,Austria,0.002,,,,0.6220805225295928,0.3779194774704072,2.0
104,third_place,,Colombia,France,0.002,,,,0.4143519069772649,0.585648093022735,2.0
104,third_place,,Colombia,Norway,0.002,,,,0.5461222596087114,0.4538777403912886,2.0
104,third_place,,Croatia,Colombia,0.002,,,,0.3688547076677363,0.6311452923322637,2.0
104,third_place,,Croatia,Morocco,0.002,,,,0.3959374698285143,0.6040625301714857,2.0
104,third_place,,Croatia,Portugal,0.002,,,,0.3631449653839513,0.6368550346160486,2.0
104,third_place,,Czech Republic,Morocco,0.002,,,,0.2571111124793669,0.742888887520633,2.0
104,third_place,,Czech Republic,Senegal,0.002,,,,0.4219573620939752,0.5780426379060248,2.0
104,third_place,,DR Congo,England,0.002,,,,0.147441305633283,0.8525586943667169,2.0
104,third_place,,Ecuador,Argentina,0.002,,,,0.2546951815717577,0.7453048184282423,2.0
104,third_place,,Ecuador,Morocco,0.002,,,,0.4636258333893708,0.5363741666106292,2.0
104,third_place,,Egypt,Argentina,0.002,,,,0.1093673813192552,0.8906326186807447,2.0
104,third_place,,England,Germany,0.002,,,,0.5423549185256142,0.4576450814743857,2.0
104,third_place,,France,Belgium,0.002,,,,0.6153736057804472,0.3846263942195528,2.0
104,third_place,,France,Ecuador,0.002,,,,0.6564058120444652,0.3435941879555347,2.0
104,third_place,,France,Morocco,0.002,,,,0.6045320800517408,0.3954679199482592,2.0
104,third_place,,France,Turkey,0.002,,,,0.6899583921734266,0.3100416078265734,2.0
104,third_place,,Germany,Canada,0.002,,,,0.6781952618589676,0.3218047381410324,2.0
104,third_place,,Germany,Colombia,0.002,,,,0.4912021157331433,0.5087978842668567,2.0
104,third_place,,Germany,Ecuador,0.002,,,,0.5646466366941861,0.4353533633058138,2.0
104,third_place,,Germany,England,0.002,,,,0.4576450814743856,0.5423549185256143,2.0
104,third_place,,Germany,Japan,0.002,,,,0.5138288427839043,0.4861711572160957,2.0
104,third_place,,Germany,Mexico,0.002,,,,0.6058470141200872,0.3941529858799127,2.0
104,third_place,,Germany,South Korea,0.002,,,,0.7406680544611839,0.2593319455388161,2.0
104,third_place,,Germany,Spain,0.002,,,,0.2976719484521957,0.7023280515478043,2.0
104,third_place,,Germany,Switzerland,0.002,,,,0.5891695423958321,0.4108304576041679,2.0
104,third_place,,Iran,Argentina,0.002,,,,0.1721161497324253,0.8278838502675747,2.0
104,third_place,,Iran,Ecuador,0.002,,,,0.3755128932784797,0.6244871067215203,2.0
104,third_place,,Iran,Norway,0.002,,,,0.3558919457320177,0.6441080542679822,2.0
104,third_place,,Ivory Coast,Ecuador,0.002,,,,0.3326209536760331,0.6673790463239668,2.0
104,third_place,,Ivory Coast,Japan,0.002,,,,0.29449891615927,0.7055010838407301,2.0
104,third_place,,Japan,Algeria,0.002,,,,0.6514380210771643,0.3485619789228357,2.0
104,third_place,,Japan,Belgium,0.002,,,,0.5123756099891676,0.4876243900108323,2.0
104,third_place,,Japan,Brazil,0.002,,,,0.4483861180810333,0.5516138819189667,2.0
104,third_place,,Japan,Canada,0.002,,,,0.6618530695876866,0.3381469304123133,2.0
104,third_place,,Japan,Spain,0.002,,,,0.2916289970688298,0.7083710029311702,2.0
104,third_place,,Mexico,Algeria,0.002,,,,0.5688213638427186,0.4311786361572813,2.0
104,third_place,,Mexico,Belgium,0.002,,,,0.4212516378922856,0.5787483621077143,2.0
104,third_place,,Mexico,Colombia,0.002,,,,0.3849130060578664,0.6150869939421336,2.0
104,third_place,,Mexico,Czech Republic,0.002,,,,0.6617384246912749,0.3382615753087251,2.0
104,third_place,,Mexico,Ecuador,0.002,,,,0.4572187229304162,0.5427812770695838,2.0
104,third_place,,Mexico,England,0.002,,,,0.3580479742919781,0.6419520257080218,2.0
104,third_place,,Mexico,Germany,0.002,,,,0.3941529858799128,0.6058470141200871,2.0
104,third_place,,Mexico,Japan,0.002,,,,0.4128499817424492,0.5871500182575509,2.0
104,third_place,,Mexico,Norway,0.002,,,,0.4324756136515216,0.5675243863484783,2.0
104,third_place,,Morocco,Belgium,0.002,,,,0.5161465786718022,0.4838534213281977,2.0
104,third_place,,Morocco,Croatia,0.002,,,,0.6040625301714858,0.3959374698285142,2.0
104,third_place,,Morocco,England,0.002,,,,0.443249212169303,0.556750787830697,2.0
104,third_place,,Morocco,Iran,0.002,,,,0.6684582366461199,0.3315417633538801,2.0
104,third_place,,Morocco,Netherlands,0.002,,,,0.513760308843874,0.486239691156126,2.0
104,third_place,,Netherlands,Colombia,0.002,,,,0.4637118496027702,0.5362881503972299,2.0
104,third_place,,Netherlands,Portugal,0.002,,,,0.458213452999483,0.541786547000517,2.0
104,third_place,,Norway,Belgium,0.002,,,,0.4872745025862511,0.5127254974137488,2.0
104,third_place,,Norway,Colombia,0.002,,,,0.4538777403912886,0.5461222596087114,2.0
104,third_place,,Norway,Netherlands,0.002,,,,0.4899043537899429,0.5100956462100571,2.0
104,third_place,,Norway,Senegal,0.002,,,,0.65242270042889,0.34757729957111,2.0
104,third_place,,Norway,Spain,0.002,,,,0.2712887482692422,0.7287112517307578,2.0
104,third_place,,Norway,Turkey,0.002,,,,0.5678467390172274,0.4321532609827726,2.0
104,third_place,,Paraguay,Croatia,0.002,,,,0.3772234205531387,0.6227765794468613,2.0
104,third_place,,Portugal,Belgium,0.002,,,,0.5393474172229327,0.4606525827770673,2.0
104,third_place,,Portugal,Colombia,0.002,,,,0.505273984288942,0.494726015711058,2.0
104,third_place,,Portugal,England,0.002,,,,0.4719927961498409,0.5280072038501591,2.0
104,third_place,,Portugal,France,0.002,,,,0.4205798374294718,0.5794201625705282,2.0
104,third_place,,Portugal,Switzerland,0.002,,,,0.6028500523301226,0.3971499476698774,2.0
104,third_place,,Scotland,Argentina,0.002,,,,0.1232286344765436,0.8767713655234564,2.0
104,third_place,,Scotland,Uruguay,0.002,,,,0.4056862559083989,0.5943137440916011,2.0
104,third_place,,Senegal,Argentina,0.002,,,,0.1678228809634767,0.8321771190365232,2.0
104,third_place,,Senegal,France,0.002,,,,0.2485705690984106,0.7514294309015894,2.0
104,third_place,,Senegal,Japan,0.002,,,,0.3252104290830878,0.6747895709169123,2.0
104,third_place,,Senegal,Portugal,0.002,,,,0.3039822218087367,0.6960177781912633,2.0
104,third_place,,Senegal,Switzerland,0.002,,,,0.3938723300618129,0.6061276699381871,2.0
104,third_place,,South Korea,Colombia,0.002,,,,0.2548214518680239,0.7451785481319761,2.0
104,third_place,,South Korea,Iran,0.002,,,,0.423819722010349,0.576180277989651,2.0
104,third_place,,Spain,Germany,0.002,,,,0.7023280515478043,0.2976719484521957,2.0
104,third_place,,Spain,Norway,0.002,,,,0.7287112517307578,0.2712887482692422,2.0
104,third_place,,Spain,South Korea,0.002,,,,0.8645908387782288,0.1354091612217711,2.0
104,third_place,,Sweden,Germany,0.002,,,,0.186830916769121,0.8131690832308789,2.0
104,third_place,,Switzerland,France,0.002,,,,0.3237743450262828,0.6762256549737171,2.0
104,third_place,,Switzerland,Iran,0.002,,,,0.5968174105793255,0.4031825894206745,2.0
104,third_place,,Switzerland,Norway,0.002,,,,0.4480326797564617,0.5519673202435382,2.0
104,third_place,,Switzerland,Spain,0.002,,,,0.228850792555893,0.771149207444107,2.0
104,third_place,,Switzerland,Turkey,0.002,,,,0.5153098801486097,0.4846901198513903,2.0
104,third_place,,Turkey,Argentina,0.002,,,,0.2206760350182198,0.7793239649817802,2.0
104,third_place,,Turkey,Croatia,0.002,,,,0.5210645188830494,0.4789354811169506,2.0
104,third_place,,Turkey,Ecuador,0.002,,,,0.4634944096243769,0.5365055903756231,2.0
104,third_place,,Turkey,France,0.002,,,,0.3100416078265735,0.6899583921734265,2.0
104,third_place,,Turkey,Japan,0.002,,,,0.4127284099762744,0.5872715900237255,2.0
104,third_place,,Turkey,Senegal,0.002,,,,0.5911199566578959,0.4088800433421041,2.0
104,third_place,,United States,Germany,0.002,,,,0.2479774949710077,0.7520225050289923,2.0
104,third_place,,United States,Portugal,0.002,,,,0.2376422996995257,0.7623577003004743,2.0
104,third_place,,Uruguay,England,0.002,,,,0.2952133089680215,0.7047866910319784,2.0
104,third_place,,Uruguay,Spain,0.002,,,,0.1712990040412989,0.8287009959587011,2.0
104,third_place,,Uzbekistan,Colombia,0.002,,,,0.2028122362024205,0.7971877637975795,2.0
104,third_place,,Algeria,Argentina,0.001,,,,0.1841750296741359,0.815824970325864,1.0
104,third_place,,Algeria,Brazil,0.001,,,,0.3128233483832687,0.6871766516167312,1.0
104,third_place,,Algeria,Colombia,0.001,,,,0.3323085916521213,0.6676914083478787,1.0
104,third_place,,Algeria,France,0.001,,,,0.2699058800821016,0.7300941199178983,1.0
104,third_place,,Algeria,Ivory Coast,0.001,,,,0.561873609587254,0.438126390412746,1.0
104,third_place,,Algeria,Portugal,0.001,,,,0.327659517923803,0.672340482076197,1.0
104,third_place,,Algeria,Spain,0.001,,,,0.1943510928709103,0.8056489071290898,1.0
104,third_place,,Algeria,Turkey,0.001,,,,0.4337924798154441,0.5662075201845559,1.0
104,third_place,,Argentina,Austria,0.001,,,,0.7864841280025551,0.2135158719974449,1.0
104,third_place,,Argentina,Canada,0.001,,,,0.8278901885202584,0.1721098114797415,1.0
104,third_place,,Argentina,Czech Republic,0.001,,,,0.8743089038176123,0.1256910961823877,1.0
104,third_place,,Argentina,DR Congo,0.001,,,,0.914250279512158,0.0857497204878421,1.0
104,third_place,,Argentina,Saudi Arabia,0.001,,,,0.9490012548487003,0.0509987451512995,1.0
104,third_place,,Argentina,Senegal,0.001,,,,0.8321771190365232,0.1678228809634767,1.0
104,third_place,,Argentina,South Korea,0.001,,,,0.868607418059704,0.131392581940296,1.0
104,third_place,,Argentina,Spain,0.001,,,,0.4964468419354376,0.5035531580645624,1.0
104,third_place,,Argentina,Switzerland,0.001,,,,0.7680508624885581,0.2319491375114418,1.0
104,third_place,,Argentina,Turkey,0.001,,,,0.7793239649817802,0.2206760350182197,1.0
104,third_place,,Argentina,Uruguay,0.001,,,,0.8241127092032234,0.1758872907967765,1.0
104,third_place,,Australia,Ecuador,0.001,,,,0.3344020530274175,0.6655979469725826,1.0
104,third_place,,Australia,Spain,0.001,,,,0.1486238091320195,0.8513761908679804,1.0
104,third_place,,Austria,Brazil,0.001,,,,0.3552553299547408,0.6447446700452593,1.0
104,third_place,,Austria,Colombia,0.001,,,,0.3779194774704072,0.6220805225295928,1.0
104,third_place,,Austria,Egypt,0.001,,,,0.6974875673760478,0.3025124326239522,1.0
104,third_place,,Austria,Japan,0.001,,,,0.3982872847341311,0.6017127152658689,1.0
104,third_place,,Austria,Netherlands,0.001,,,,0.4118808041371464,0.5881191958628535,1.0
104,third_place,,Austria,Paraguay,0.001,,,,0.623269426216728,0.376730573783272,1.0
104,third_place,,Austria,Switzerland,0.001,,,,0.4714359490515653,0.5285640509484347,1.0
104,third_place,,Belgium,Australia,0.001,,,,0.6983859009924355,0.3016140990075645,1.0
104,third_place,,Belgium,Brazil,0.001,,,,0.4401322290404411,0.559867770959559,1.0
104,third_place,,Belgium,Canada,0.001,,,,0.653864663812344,0.346135336187656,1.0
104,third_place,,Belgium,Cape Verde,0.001,,,,0.897236085422181,0.1027639145778189,1.0
104,third_place,,Belgium,Colombia,0.001,,,,0.4655713069413382,0.5344286930586617,1.0
104,third_place,,Belgium,DR Congo,0.001,,,,0.8174525434830726,0.1825474565169274,1.0
104,third_place,,Belgium,Norway,0.001,,,,0.5127254974137487,0.4872745025862512,1.0
104,third_place,,Belgium,Senegal,0.001,,,,0.6636305228163247,0.3363694771836752,1.0
104,third_place,,Belgium,South Korea,0.001,,,,0.7234374493827254,0.2765625506172746,1.0
104,third_place,,Belgium,Switzerland,0.001,,,,0.563617029416809,0.436382970583191,1.0
104,third_place,,Belgium,United States,0.001,,,,0.7317413975376171,0.2682586024623828,1.0
104,third_place,,Bosnia and Herzegovina,Algeria,0.001,,,,0.1874213646843199,0.8125786353156801,1.0
104,third_place,,Bosnia and Herzegovina,Argentina,0.001,,,,0.0495381425063441,0.950461857493656,1.0
104,third_place,,Bosnia and Herzegovina,Ecuador,0.001,,,,0.1397853522247069,0.860214647775293,1.0
104,third_place,,Bosnia and Herzegovina,Norway,0.001,,,,0.1178909228744288,0.8821090771255712,1.0
104,third_place,,Bosnia and Herzegovina,Turkey,0.001,,,,0.1555105993959367,0.8444894006040633,1.0
104,third_place,,Brazil,Australia,0.001,,,,0.7434499165397411,0.2565500834602588,1.0
104,third_place,,Brazil,Germany,0.001,,,,0.5353726050490967,0.4646273949509033,1.0
104,third_place,,Brazil,Iraq,0.001,,,,0.8808740223310512,0.1191259776689488,1.0
104,third_place,,Brazil,Ivory Coast,0.001,,,,0.7358065793595521,0.2641934206404479,1.0
104,third_place,,Brazil,Mexico,0.001,,,,0.6402208899171115,0.3597791100828885,1.0
104,third_place,,Brazil,Paraguay,0.001,,,,0.7591022593931958,0.2408977406068042,1.0
104,third_place,,Brazil,Scotland,0.001,,,,0.7760637891386419,0.223936210861358,1.0
104,third_place,,Brazil,Senegal,0.001,,,,0.7095766436745493,0.2904233563254507,1.0
104,third_place,,Brazil,Spain,0.001,,,,0.3281771112179441,0.6718228887820559,1.0
104,third_place,,Brazil,Sweden,0.001,,,,0.8300276354927923,0.1699723645072076,1.0
104,third_place,,Brazil,Switzerland,0.001,,,,0.6225874731534519,0.3774125268465481,1.0
104,third_place,,Brazil,Turkey,0.001,,,,0.6369768505036153,0.3630231494963847,1.0
104,third_place,,Brazil,Uruguay,0.001,,,,0.7064214888210676,0.2935785111789324,1.0
104,third_place,,Canada,Croatia,0.001,,,,0.4373419069192595,0.5626580930807404,1.0
104,third_place,,Canada,DR Congo,0.001,,,,0.711164536798407,0.288835463201593,1.0
104,third_place,,Canada,Ecuador,0.001,,,,0.3793956031288654,0.6206043968711346,1.0
104,third_place,,Canada,England,0.001,,,,0.2885202237868621,0.7114797762131378,1.0
104,third_place,,Canada,France,0.001,,,,0.2474322943404765,0.7525677056595235,1.0
104,third_place,,Canada,Germany,0.001,,,,0.3218047381410323,0.6781952618589677,1.0
104,third_place,,Canada,Japan,0.001,,,,0.3381469304123133,0.6618530695876867,1.0
104,third_place,,Canada,Netherlands,0.001,,,,0.346201668773972,0.6537983312260279,1.0
104,third_place,,Canada,Scotland,0.001,,,,0.5899113807426303,0.4100886192573697,1.0
104,third_place,,Canada,Senegal,0.001,,,,0.5159130699194059,0.4840869300805941,1.0
104,third_place,,Colombia,Algeria,0.001,,,,0.6676914083478788,0.3323085916521212,1.0
104,third_place,,Colombia,Belgium,0.001,,,,0.5344286930586617,0.4655713069413383,1.0
104,third_place,,Colombia,Croatia,0.001,,,,0.6311452923322636,0.3688547076677364,1.0
104,third_place,,Colombia,Japan,0.001,,,,0.5258127149747474,0.4741872850252526,1.0
104,third_place,,Colombia,Mexico,0.001,,,,0.6150869939421336,0.3849130060578664,1.0
104,third_place,,Colombia,Morocco,0.001,,,,0.5267143851176319,0.4732856148823681,1.0
104,third_place,,Colombia,Netherlands,0.001,,,,0.53628815039723,0.46371184960277,1.0
104,third_place,,Colombia,Panama,0.001,,,,0.8290362496531458,0.1709637503468541,1.0
104,third_place,,Colombia,Paraguay,0.001,,,,0.7384398028517586,0.2615601971482414,1.0
104,third_place,,Colombia,Portugal,0.001,,,,0.494726015711058,0.505273984288942,1.0
104,third_place,,Croatia,Algeria,0.001,,,,0.5481034781848396,0.4518965218151604,1.0
104,third_place,,Croatia,Austria,0.001,,,,0.4933746390655308,0.5066253609344691,1.0
104,third_place,,Croatia,Canada,0.001,,,,0.5626580930807404,0.4373419069192595,1.0
104,third_place,,Croatia,Egypt,0.001,,,,0.6913035154272967,0.3086964845727032,1.0
104,third_place,,Croatia,Ivory Coast,0.001,,,,0.6079310882013075,0.3920689117986925,1.0
104,third_place,,Croatia,Norway,0.001,,,,0.4128047358841196,0.5871952641158804,1.0
104,third_place,,Croatia,Switzerland,0.001,,,,0.4637948066271847,0.5362051933728154,1.0
104,third_place,,Croatia,Tunisia,0.001,,,,0.7767523057732517,0.2232476942267482,1.0
104,third_place,,Croatia,Turkey,0.001,,,,0.4789354811169507,0.5210645188830493,1.0
104,third_place,,Czech Republic,Colombia,0.001,,,,0.2480712587375602,0.7519287412624398,1.0
104,third_place,,Czech Republic,Germany,0.001,,,,0.2515390115472918,0.7484609884527081,1.0
104,third_place,,Czech Republic,Iran,0.001,,,,0.4119289606078271,0.5880710393921729,1.0
104,third_place,,Czech Republic,Norway,0.001,,,,0.2768549490442956,0.7231450509557044,1.0
104,third_place,,Czech Republic,Paraguay,0.001,,,,0.4731002277021717,0.5268997722978283,1.0
104,third_place,,Czech Republic,Portugal,0.001,,,,0.2397626516923447,0.7602373483076552,1.0
104,third_place,,Czech Republic,Switzerland,0.001,,,,0.3238377679059568,0.6761622320940431,1.0
104,third_place,,DR Congo,Switzerland,0.001,,,,0.2243293473113068,0.7756706526886932,1.0
104,third_place,,Ecuador,Brazil,0.001,,,,0.3975166975674105,0.6024833024325895,1.0
104,third_place,,Ecuador,Colombia,0.001,,,,0.4245865170622711,0.5754134829377289,1.0
104,third_place,,Ecuador,Czech Republic,0.001,,,,0.6973082481145204,0.3026917518854796,1.0
104,third_place,,Ecuador,Egypt,0.001,,,,0.7409473254756221,0.2590526745243778,1.0
104,third_place,,Ecuador,England,0.001,,,,0.400678677491063,0.599321322508937,1.0
104,third_place,,Ecuador,France,0.001,,,,0.3435941879555346,0.6564058120444654,1.0
104,third_place,,Ecuador,Ivory Coast,0.001,,,,0.6673790463239668,0.3326209536760331,1.0
104,third_place,,Ecuador,Japan,0.001,,,,0.4579495526435791,0.5420504473564208,1.0
104,third_place,,Ecuador,Netherlands,0.001,,,,0.4636762886679576,0.5363237113320424,1.0
104,third_place,,Ecuador,Portugal,0.001,,,,0.4228384700129488,0.5771615299870512,1.0
104,third_place,,Ecuador,Switzerland,0.001,,,,0.5223877538025347,0.4776122461974653,1.0
104,third_place,,Egypt,Croatia,0.001,,,,0.3086964845727033,0.6913035154272966,1.0
104,third_place,,Egypt,France,0.001,,,,0.1681989611573897,0.8318010388426103,1.0
104,third_place,,Egypt,Japan,0.001,,,,0.2244805927819627,0.7755194072180374,1.0
104,third_place,,Egypt,Mexico,0.001,,,,0.2927376885801372,0.7072623114198627,1.0
104,third_place,,Egypt,Morocco,0.001,,,,0.222974734765927,0.777025265234073,1.0
104,third_place,,Egypt,Uruguay,0.001,,,,0.353685356995406,0.6463146430045941,1.0
104,third_place,,England,Algeria,0.001,,,,0.7001298744855432,0.2998701255144568,1.0
104,third_place,,England,Argentina,0.001,,,,0.3381187059521877,0.6618812940478123,1.0
104,third_place,,England,Austria,0.001,,,,0.654800679439433,0.345199320560567,1.0
104,third_place,,England,Brazil,0.001,,,,0.5033402680911007,0.4966597319088993,1.0
104,third_place,,England,Colombia,0.001,,,,0.5302260089043562,0.4697739910956438,1.0
104,third_place,,England,Croatia,0.001,,,,0.6597276383314049,0.3402723616685951,1.0
104,third_place,,England,Czech Republic,0.001,,,,0.7810097482374968,0.2189902517625032,1.0
104,third_place,,England,Ivory Coast,0.001,,,,0.7489184378607112,0.2510815621392888,1.0
104,third_place,,England,Japan,0.001,,,,0.5578221838709929,0.4421778161290071,1.0
104,third_place,,England,Morocco,0.001,,,,0.5567507878306971,0.4432492121693029,1.0
104,third_place,,England,Norway,0.001,,,,0.580953812613425,0.4190461873865749,1.0
104,third_place,,England,Portugal,0.001,,,,0.528007203850159,0.471992796149841,1.0
104,third_place,,England,Turkey,0.001,,,,0.6411921164341989,0.358807883565801,1.0
104,third_place,,France,Austria,0.001,,,,0.6937138361967508,0.3062861638032492,1.0
104,third_place,,France,Canada,0.001,,,,0.7525677056595234,0.2474322943404766,1.0
104,third_place,,France,Croatia,0.001,,,,0.7065324405243061,0.2934675594756939,1.0
104,third_place,,France,Egypt,0.001,,,,0.8318010388426101,0.1681989611573898,1.0
104,third_place,,France,Japan,0.001,,,,0.6066489049104954,0.3933510950895046,1.0
104,third_place,,France,Panama,0.001,,,,0.8702657848990416,0.1297342151009584,1.0
104,third_place,,France,Senegal,0.001,,,,0.7514294309015894,0.2485705690984105,1.0
104,third_place,,France,Switzerland,0.001,,,,0.6762256549737171,0.3237743450262829,1.0
104,third_place,,France,United States,0.001,,,,0.81327221050239,0.18672778949761,1.0
104,third_place,,Germany,Algeria,0.001,,,,0.6585705965413005,0.3414294034586995,1.0
104,third_place,,Germany,Austria,0.001,,,,0.6126706316719046,0.3873293683280954,1.0
104,third_place,,Germany,Belgium,0.001,,,,0.5239991432482366,0.4760008567517634,1.0
104,third_place,,Germany,Croatia,0.001,,,,0.6236810539888517,0.3763189460111483,1.0
104,third_place,,Germany,France,0.001,,,,0.4064693042060614,0.5935306957939386,1.0
104,third_place,,Germany,Norway,0.001,,,,0.5363562472918983,0.4636437527081016,1.0
104,third_place,,Germany,Senegal,0.001,,,,0.6827955437478943,0.3172044562521057,1.0
104,third_place,,Germany,South Africa,0.001,,,,0.8774889400700742,0.1225110599299258,1.0
104,third_place,,Germany,Sweden,0.001,,,,0.813169083230879,0.186830916769121,1.0
104,third_place,,Germany,Turkey,0.001,,,,0.6045951643182648,0.3954048356817352,1.0
104,third_place,,Germany,Uruguay,0.001,,,,0.6749120930638229,0.325087906936177,1.0
104,third_place,,Haiti,Austria,0.001,,,,0.1757358397693211,0.8242641602306788,1.0
104,third_place,,Haiti,Czech Republic,0.001,,,,0.2858906671755654,0.7141093328244346,1.0
104,third_place,,Haiti,Uruguay,0.001,,,,0.2268608506428062,0.7731391493571937,1.0
104,third_place,,Iran,Austria,0.001,,,,0.4303648741559081,0.5696351258440919,1.0
104,third_place,,Iran,Cape Verde,0.001,,,,0.8230061421807365,0.1769938578192634,1.0
104,third_place,,Iran,Croatia,0.001,,,,0.436982198459836,0.563017801540164,1.0
104,third_place,,Iran,England,0.001,,,,0.285967349183878,0.7140326508161219,1.0
104,third_place,,Iran,France,0.001,,,,0.2538009954965965,0.7461990045034035,1.0
104,third_place,,Iran,Germany,0.001,,,,0.3245690966976117,0.6754309033023882,1.0
104,third_place,,Iran,Japan,0.001,,,,0.3338593350769641,0.6661406649230359,1.0
104,third_place,,Iran,Switzerland,0.001,,,,0.4031825894206746,0.5968174105793254,1.0
104,third_place,,Iraq,Paraguay,0.001,,,,0.2739090518637787,0.7260909481362213,1.0
104,third_place,,Iraq,Uzbekistan,0.001,,,,0.3514052032365429,0.6485947967634571,1.0
104,third_place,,Ivory Coast,Algeria,0.001,,,,0.4381263904127461,0.5618736095872539,1.0
104,third_place,,Ivory Coast,Brazil,0.001,,,,0.2641934206404477,0.7358065793595523,1.0
104,third_place,,Ivory Coast,Canada,0.001,,,,0.446934814192404,0.553065185807596,1.0
104,third_place,,Ivory Coast,Croatia,0.001,,,,0.3920689117986926,0.6079310882013074,1.0
104,third_place,,Ivory Coast,England,0.001,,,,0.2510815621392887,0.7489184378607112,1.0
104,third_place,,Ivory Coast,France,0.001,,,,0.225788860475335,0.774211139524665,1.0
104,third_place,,Ivory Coast,Norway,0.001,,,,0.316067885424248,0.683932114575752,1.0
104,third_place,,Ivory Coast,Switzerland,0.001,,,,0.3604494723685822,0.6395505276314177,1.0
104,third_place,,Ivory Coast,Turkey,0.001,,,,0.3749528704226774,0.6250471295773226,1.0
104,third_place,,Japan,Czech Republic,0.001,,,,0.7412327749620523,0.2587672250379477,1.0
104,third_place,,Japan,Ecuador,0.001,,,,0.5420504473564209,0.457949552643579,1.0
104,third_place,,Japan,Iran,0.001,,,,0.6661406649230358,0.3338593350769642,1.0
104,third_place,,Japan,Senegal,0.001,,,,0.6747895709169123,0.3252104290830877,1.0
104,third_place,,Japan,South Korea,0.001,,,,0.7313591690339342,0.2686408309660658,1.0
104,third_place,,Japan,Uruguay,0.001,,,,0.6538960303088069,0.346103969691193,1.0
104,third_place,,Jordan,France,0.001,,,,0.1101177474673073,0.8898822525326927,1.0
104,third_place,,Jordan,Turkey,0.001,,,,0.207178332921998,0.792821667078002,1.0
104,third_place,,Mexico,Canada,0.001,,,,0.5793384626367376,0.4206615373632624,1.0
104,third_place,,Mexico,Ivory Coast,0.001,,,,0.627255950463805,0.372744049536195,1.0
104,third_place,,Mexico,Jordan,0.001,,,,0.7900751369724253,0.2099248630275747,1.0
104,third_place,,Mexico,Senegal,0.001,,,,0.5926312427591951,0.4073687572408049,1.0
104,third_place,,Mexico,United States,0.001,,,,0.658480436662992,0.3415195633370079,1.0
104,third_place,,Morocco,Canada,0.001,,,,0.6589004804524101,0.3410995195475899,1.0
104,third_place,,Morocco,Colombia,0.001,,,,0.473285614882368,0.526714385117632,1.0
104,third_place,,Morocco,Germany,0.001,,,,0.4877891201963874,0.5122108798036126,1.0
104,third_place,,Morocco,Ivory Coast,0.001,,,,0.7091765896785323,0.2908234103214677,1.0
104,third_place,,Morocco,Japan,0.001,,,,0.5021963570157761,0.4978036429842238,1.0
104,third_place,,Morocco,Norway,0.001,,,,0.528006506318092,0.471993493681908,1.0
104,third_place,,Morocco,Paraguay,0.001,,,,0.7074082103927866,0.2925917896072134,1.0
104,third_place,,Morocco,Portugal,0.001,,,,0.4735608485262033,0.5264391514737967,1.0
104,third_place,,Morocco,Senegal,0.001,,,,0.6779208481415323,0.3220791518584677,1.0
104,third_place,,Morocco,Switzerland,0.001,,,,0.5699762859703535,0.4300237140296464,1.0
104,third_place,,Morocco,Turkey,0.001,,,,0.5847501542460797,0.4152498457539203,1.0
104,third_place,,Morocco,Uruguay,0.001,,,,0.6477831169123855,0.3522168830876144,1.0
104,third_place,,Netherlands,Algeria,0.001,,,,0.636872446561422,0.363127553438578,1.0
104,third_place,,Netherlands,Austria,0.001,,,,0.5881191958628535,0.4118808041371464,1.0
104,third_place,,Netherlands,Brazil,0.001,,,,0.437539340225054,0.562460659774946,1.0
104,third_place,,Netherlands,Czech Republic,0.001,,,,0.7290651001187153,0.2709348998812847,1.0
104,third_place,,Netherlands,DR Congo,0.001,,,,0.81386510500692,0.18613489499308,1.0
104,third_place,,Netherlands,Egypt,0.001,,,,0.7650959132791839,0.234904086720816,1.0
104,third_place,,Netherlands,Mexico,0.001,,,,0.5789155850978375,0.4210844149021625,1.0
104,third_place,,Netherlands,Norway,0.001,,,,0.510095646210057,0.489904353789943,1.0
104,third_place,,Netherlands,Paraguay,0.001,,,,0.7088803170415758,0.2911196829584241,1.0
104,third_place,,Netherlands,Scotland,0.001,,,,0.7337839097208725,0.2662160902791275,1.0
104,third_place,,Netherlands,South Korea,0.001,,,,0.7204690390227374,0.2795309609772626,1.0
104,third_place,,Netherlands,Spain,0.001,,,,0.2769160056538134,0.7230839943461866,1.0
104,third_place,,Netherlands,Switzerland,0.001,,,,0.5620445206483045,0.4379554793516955,1.0
104,third_place,,Norway,Australia,0.001,,,,0.6881965028787662,0.3118034971212338,1.0
104,third_place,,Norway,Austria,0.001,,,,0.577814733694235,0.422185266305765,1.0
104,third_place,,Norway,Canada,0.001,,,,0.6433633033095673,0.3566366966904327,1.0
104,third_place,,Norway,Czech Republic,0.001,,,,0.7231450509557045,0.2768549490442955,1.0
104,third_place,,Norway,Iran,0.001,,,,0.6441080542679823,0.3558919457320176,1.0
104,third_place,,Norway,Japan,0.001,,,,0.4753504312869213,0.5246495687130787,1.0
104,third_place,,Norway,Morocco,0.001,,,,0.4719934936819079,0.5280065063180921,1.0
104,third_place,,Norway,Scotland,0.001,,,,0.7266674067515396,0.2733325932484604,1.0
104,third_place,,Norway,Switzerland,0.001,,,,0.5519673202435382,0.4480326797564617,1.0
104,third_place,,Norway,Uruguay,0.001,,,,0.6376420812303831,0.3623579187696168,1.0
104,third_place,,Norway,Uzbekistan,0.001,,,,0.7711398396111899,0.22886016038881,1.0
104,third_place,,Panama,England,0.001,,,,0.1495992356145296,0.8504007643854704,1.0
104,third_place,,Panama,Iran,0.001,,,,0.3065355852552733,0.6934644147447266,1.0
104,third_place,,Paraguay,Brazil,0.001,,,,0.2408977406068043,0.7591022593931956,1.0
104,third_place,,Paraguay,Canada,0.001,,,,0.4414816167230771,0.5585183832769229,1.0
104,third_place,,Paraguay,Egypt,0.001,,,,0.5840483406506939,0.4159516593493061,1.0
104,third_place,,Paraguay,France,0.001,,,,0.2007695799405245,0.7992304200594755,1.0
104,third_place,,Paraguay,Germany,0.001,,,,0.2676469292421106,0.7323530707578894,1.0
104,third_place,,Paraguay,Mexico,0.001,,,,0.3638789062398353,0.6361210937601647,1.0
104,third_place,,Paraguay,Morocco,0.001,,,,0.2925917896072135,0.7074082103927865,1.0
104,third_place,,Paraguay,Switzerland,0.001,,,,0.3435649310510421,0.656435068948958,1.0
104,third_place,,Paraguay,Turkey,0.001,,,,0.3562969756517314,0.6437030243482685,1.0
104,third_place,,Portugal,Algeria,0.001,,,,0.6723404820761971,0.3276595179238029,1.0
104,third_place,,Portugal,Brazil,0.001,,,,0.4786753136759008,0.5213246863240992,1.0
104,third_place,,Portugal,Croatia,0.001,,,,0.6368550346160486,0.3631449653839513,1.0
104,third_place,,Portugal,DR Congo,0.001,,,,0.835431509861567,0.164568490138433,1.0
104,third_place,,Portugal,Ecuador,0.001,,,,0.5771615299870513,0.4228384700129487,1.0
104,third_place,,Portugal,Germany,0.001,,,,0.514989898547826,0.485010101452174,1.0
104,third_place,,Portugal,Iran,0.001,,,,0.688720680783012,0.311279319216988,1.0
104,third_place,,Portugal,Morocco,0.001,,,,0.5264391514737967,0.4735608485262033,1.0
104,third_place,,Portugal,South Korea,0.001,,,,0.7522205444331757,0.2477794555668243,1.0
104,third_place,,Portugal,United States,0.001,,,,0.7623577003004743,0.2376422996995256,1.0
104,third_place,,Portugal,Uruguay,0.001,,,,0.6859867364469313,0.3140132635530687,1.0
104,third_place,,Scotland,Belgium,0.001,,,,0.2639416913511131,0.7360583086488869,1.0
104,third_place,,Scotland,Canada,0.001,,,,0.4100886192573696,0.5899113807426304,1.0
104,third_place,,Scotland,Colombia,0.001,,,,0.2417788204276981,0.7582211795723018,1.0
104,third_place,,Scotland,England,0.001,,,,0.2168872502473777,0.7831127497526222,1.0
104,third_place,,Scotland,Morocco,0.001,,,,0.2596326290564636,0.7403673709435363,1.0
104,third_place,,Scotland,Uzbekistan,0.001,,,,0.5648042722191052,0.4351957277808947,1.0
104,third_place,,Senegal,Algeria,0.001,,,,0.4746362048813221,0.5253637951186779,1.0
104,third_place,,Senegal,Belgium,0.001,,,,0.3363694771836753,0.6636305228163246,1.0
104,third_place,,Senegal,Colombia,0.001,,,,0.3094632156395112,0.6905367843604888,1.0
104,third_place,,Senegal,DR Congo,0.001,,,,0.6988793657247167,0.3011206342752833,1.0
104,third_place,,Senegal,Ecuador,0.001,,,,0.3654373241971203,0.6345626758028797,1.0
104,third_place,,Senegal,Germany,0.001,,,,0.3172044562521056,0.6827955437478944,1.0
104,third_place,,Senegal,Ivory Coast,0.001,,,,0.5369504619520632,0.4630495380479368,1.0
104,third_place,,Senegal,Mexico,0.001,,,,0.4073687572408049,0.5926312427591951,1.0
104,third_place,,Senegal,Morocco,0.001,,,,0.3220791518584677,0.6779208481415323,1.0
104,third_place,,Senegal,Netherlands,0.001,,,,0.3386724312466953,0.6613275687533047,1.0
104,third_place,,Senegal,South Africa,0.001,,,,0.7915799320220478,0.2084200679779522,1.0
104,third_place,,Senegal,Spain,0.001,,,,0.1757898279910165,0.8242101720089834,1.0
104,third_place,,Senegal,Uruguay,0.001,,,,0.4760148503524365,0.5239851496475634,1.0
104,third_place,,South Africa,South Korea,0.001,,,,0.2570244819896267,0.7429755180103733,1.0
104,third_place,,South Korea,Austria,0.001,,,,0.3564067669355408,0.6435932330644591,1.0
104,third_place,,South Korea,Belgium,0.001,,,,0.2765625506172747,0.7234374493827254,1.0
104,third_place,,South Korea,Brazil,0.001,,,,0.2374296309367304,0.7625703690632696,1.0
104,third_place,,South Korea,Croatia,0.001,,,,0.3641046959191065,0.6358953040808935,1.0
104,third_place,,South Korea,Czech Republic,0.001,,,,0.5109501488058276,0.4890498511941724,1.0
104,third_place,,South Korea,Ecuador,0.001,,,,0.3107145529247744,0.6892854470752257,1.0
104,third_place,,South Korea,France,0.001,,,,0.1994731323073467,0.8005268676926532,1.0
104,third_place,,South Korea,Ivory Coast,0.001,,,,0.471431108749665,0.528568891250335,1.0
104,third_place,,South Korea,Netherlands,0.001,,,,0.2795309609772625,0.7204690390227375,1.0
104,third_place,,Spain,Belgium,0.001,,,,0.7182454436509673,0.2817545563490327,1.0
104,third_place,,Spain,Brazil,0.001,,,,0.6718228887820559,0.3281771112179441,1.0
104,third_place,,Spain,Czech Republic,0.001,,,,0.8692201840191465,0.1307798159808535,1.0
104,third_place,,Spain,Ghana,0.001,,,,0.9594491706629352,0.0405508293370646,1.0
104,third_place,,Spain,Mexico,0.001,,,,0.7811891287545916,0.2188108712454084,1.0
104,third_place,,Spain,Panama,0.001,,,,0.9162466802038182,0.0837533197961818,1.0
104,third_place,,Spain,Scotland,0.001,,,,0.8760774184837697,0.1239225815162302,1.0
104,third_place,,Spain,Sweden,0.001,,,,0.9108277985872792,0.0891722014127207,1.0
104,third_place,,Spain,Switzerland,0.001,,,,0.771149207444107,0.228850792555893,1.0
104,third_place,,Spain,Turkey,0.001,,,,0.7828964410964084,0.2171035589035915,1.0
104,third_place,,Spain,United States,0.001,,,,0.8765369173239683,0.1234630826760316,1.0
104,third_place,,Spain,Uruguay,0.001,,,,0.8287009959587011,0.1712990040412989,1.0
104,third_place,,Spain,Uzbekistan,0.001,,,,0.893904383104939,0.1060956168950609,1.0
104,third_place,,Sweden,Algeria,0.001,,,,0.3237610330388177,0.6762389669611822,1.0
104,third_place,,Sweden,Belgium,0.001,,,,0.2033440950416974,0.7966559049583025,1.0
104,third_place,,Sweden,Morocco,0.001,,,,0.2028456374280855,0.7971543625719144,1.0
104,third_place,,Sweden,Uruguay,0.001,,,,0.332867378935016,0.6671326210649839,1.0
104,third_place,,Switzerland,Australia,0.001,,,,0.6428179157593198,0.3571820842406802,1.0
104,third_place,,Switzerland,Austria,0.001,,,,0.5285640509484347,0.4714359490515653,1.0
104,third_place,,Switzerland,Belgium,0.001,,,,0.4363829705831911,0.5636170294168089,1.0
104,third_place,,Switzerland,Colombia,0.001,,,,0.4029441718649715,0.5970558281350284,1.0
104,third_place,,Switzerland,Ecuador,0.001,,,,0.4776122461974653,0.5223877538025347,1.0
104,third_place,,Switzerland,Germany,0.001,,,,0.4108304576041678,0.5891695423958321,1.0
104,third_place,,Switzerland,Mexico,0.001,,,,0.51922244977167,0.48077755022833,1.0
104,third_place,,Switzerland,South Korea,0.001,,,,0.6677300847691058,0.3322699152308942,1.0
104,third_place,,Switzerland,United States,0.001,,,,0.6772735548785875,0.3227264451214124,1.0
104,third_place,,Tunisia,Belgium,0.001,,,,0.1593111765028861,0.8406888234971138,1.0
104,third_place,,Tunisia,Brazil,0.001,,,,0.1409980760970398,0.8590019239029602,1.0
104,third_place,,Tunisia,Colombia,0.001,,,,0.1508538465436064,0.8491461534563935,1.0
104,third_place,,Tunisia,England,0.001,,,,0.1291480217023993,0.8708519782976006,1.0
104,third_place,,Tunisia,France,0.001,,,,0.1172803258941564,0.8827196741058435,1.0
104,third_place,,Tunisia,Morocco,0.001,,,,0.1518292591709216,0.8481707408290784,1.0
104,third_place,,Tunisia,Norway,0.001,,,,0.1662371475606789,0.8337628524393211,1.0
104,third_place,,Turkey,Algeria,0.001,,,,0.5662075201845559,0.4337924798154441,1.0
104,third_place,,Turkey,Austria,0.001,,,,0.512867107061034,0.487132892938966,1.0
104,third_place,,Turkey,Colombia,0.001,,,,0.3882600358218613,0.6117399641781387,1.0
104,third_place,,Turkey,Czech Republic,0.001,,,,0.6620714451975118,0.3379285548024882,1.0
104,third_place,,Turkey,DR Congo,0.001,,,,0.7646671275572088,0.2353328724427912,1.0
104,third_place,,Turkey,England,0.001,,,,0.3588078835658009,0.641192116434199,1.0
104,third_place,,Turkey,Norway,0.001,,,,0.4321532609827725,0.5678467390172275,1.0
104,third_place,,Turkey,Paraguay,0.001,,,,0.6437030243482685,0.3562969756517314,1.0
104,third_place,,Turkey,Portugal,0.001,,,,0.3819288914816774,0.6180711085183226,1.0
104,third_place,,Turkey,Spain,0.001,,,,0.2171035589035916,0.7828964410964083,1.0
104,third_place,,Turkey,Uzbekistan,0.001,,,,0.7194060748508884,0.2805939251491116,1.0
104,third_place,,United States,Austria,0.001,,,,0.349753053389052,0.650246946610948,1.0
104,third_place,,United States,Ecuador,0.001,,,,0.3069573253294665,0.6930426746705335,1.0
104,third_place,,United States,England,0.001,,,,0.2208184336902824,0.7791815663097176,1.0
104,third_place,,United States,France,0.001,,,,0.18672778949761,0.81327221050239,1.0
104,third_place,,United States,Japan,0.001,,,,0.2627304848185228,0.7372695151814772,1.0
104,third_place,,United States,Turkey,0.001,,,,0.335948342787861,0.6640516572121389,1.0
104,third_place,,Uruguay,Austria,0.001,,,,0.4425849560066532,0.5574150439933467,1.0
104,third_place,,Uruguay,Belgium,0.001,,,,0.3523636575246608,0.6476363424753392,1.0
104,third_place,,Uruguay,Ivory Coast,0.001,,,,0.5609206950185349,0.4390793049814651,1.0
104,third_place,,Uruguay,Morocco,0.001,,,,0.3522168830876145,0.6477831169123854,1.0
104,third_place,,Uruguay,South Africa,0.001,,,,0.79319767619872,0.20680232380128,1.0
104,third_place,,Uzbekistan,Argentina,0.001,,,,0.1020792078266102,0.8979207921733898,1.0
104,third_place,,Uzbekistan,Croatia,0.001,,,,0.2964366184866989,0.7035633815133011,1.0
104,third_place,,Uzbekistan,Germany,0.001,,,,0.2060833684928959,0.793916631507104,1.0
104,third_place,,Uzbekistan,Spain,0.001,,,,0.106095616895061,0.893904383104939,1.0
